year,price
2008.0,41.64
2008.0,41.41
2008.0,41.41
2008.0,41.215
2008.0,41.215
2008.0,41.34
2008.0,41.43
2008.0,41.46
2008.0,41.47
2008.0,41.5
2008.0,41.54
2008.0,41.39
2008.0,41.39
2008.0,41.29
2008.0,41.31
2008.0,41.34
2008.0,41.34
2008.0,41.26
2008.0,41.35
2008.0,41.25
2008.0,41.25
2008.0,41.09
2008.0,41.1
2008.0,41.08
2008.0,41.09
2008.0,41.13
2008.0,41.13
2008.0,41.01
2008.0,41.01
2008.0,41.1
2008.0,41.1
2008.0,41.0
2008.0,41.01
2008.0,41.02
2008.0,41.02
2008.0,40.99
2008.0,40.99
2008.0,40.98
2008.0,41.0
2008.0,41.08
2008.0,41.09
2008.0,41.09
2008.0,41.09
2008.0,41.09
2008.0,41.09
2008.0,41.13
2008.0,41.1
2008.0,41.3
2008.0,41.35
2008.0,41.34
2008.0,41.34
2008.0,41.29
2008.0,41.31
2008.0,41.33
2008.0,41.33
2008.0,41.28
2008.0,41.27
2008.0,41.2
2008.0,41.2
2008.0,41.04
2008.0,41.04
2008.0,41.1
2008.0,41.06
2008.0,41.0
2008.0,41.015
2008.0,41.0
2008.0,41.02
2008.0,40.98
2008.0,40.98
2008.0,40.97
2008.0,40.97
2008.0,41.0
2008.0,41.0
2008.0,41.12
2008.0,41.09
2008.0,41.16
2008.0,41.12
2008.0,41.07
2008.0,41.07
2008.0,41.05
2008.0,41.06
2008.0,41.01
2008.0,41.0
2008.0,41.01
2008.0,41.01
2008.0,40.97
2008.0,41.02
2008.0,40.94
2008.0,40.94
2008.0,40.98
2008.0,41.01
2008.0,41.03
2008.0,41.03
2008.0,41.12
2008.0,41.12
2008.0,41.08
2008.0,41.08
2008.0,41.07
2008.0,41.07
2008.0,41.0
2008.0,41.0
2008.0,41.05
2008.0,41.05
2008.0,41.05
2008.0,41.08
2008.0,41.065
2008.0,41.09
2008.0,41.05
2008.0,41.05
2008.0,41.04
2008.0,41.02
2008.0,40.99
2008.0,40.99
2008.0,40.96
2008.0,40.97
2008.0,40.95
2008.0,40.95
2008.0,40.93
2008.0,40.92
2008.0,40.94
2008.0,40.94
2008.0,40.93
2008.0,40.94
2008.0,40.95
2008.0,40.95
2008.0,40.97
2008.0,40.97
2008.0,40.99
2008.0,41.0
2008.0,41.03
2008.0,41.03
2008.0,41.01
2008.0,41.01
2008.0,41.04
2008.0,41.03
2008.0,41.035
2008.0,41.04
2008.0,41.07
2008.0,41.07
2008.0,41.06
2008.0,41.06
2008.0,41.02
2008.0,41.01
2008.0,40.98
2008.0,40.98
2008.0,41.09
2008.0,41.09
2008.0,41.15
2008.0,41.14
2008.0,41.1
2008.0,41.1
2008.0,41.11
2008.0,41.11
2008.0,41.03
2008.0,41.03
2008.0,41.09
2008.0,41.08
2008.0,41.02
2008.0,41.02
2008.0,40.99
2008.0,41.0
2008.0,41.03
2008.0,41.03
2008.0,41.02
2008.0,41.03
2008.0,41.04
2008.0,41.04
2008.0,41.02
2008.0,41.02
2008.0,41.09
2008.0,41.11
2008.0,41.07
2008.0,41.06
2008.0,41.05
2008.0,41.055
2008.0,41.15
2008.0,41.15
2008.0,41.15
2008.0,41.15
2008.0,41.13
2008.0,41.13
2008.0,41.13
2008.0,41.18
2008.0,40.99
2008.0,40.99
2008.0,41.07
2008.0,41.07
2008.0,41.0
2008.0,41.0
2008.0,41.04
2008.0,41.05
2008.0,41.0725
2008.0,41.08
2008.0,41.13
2008.0,41.12
2008.0,41.07
2008.0,41.07
2008.0,41.16
2008.0,41.16
2008.0,41.1
2008.0,41.1
2008.0,41.1
2008.0,41.1
2008.0,41.08
2008.0,41.08
2008.0,41.15
2008.0,41.15
2008.0,41.17
2008.0,41.17
2008.0,41.14
2008.0,41.1
2008.0,41.0799
2008.0,41.065
2008.0,41.09
2008.0,41.09
2008.0,41.08
2008.0,41.08
2008.0,41.1
2008.0,41.1
2008.0,41.1
2008.0,41.1
2008.0,41.09
2008.0,41.1
2008.0,41.1
2008.0,41.0922
2008.0,41.07
2008.0,41.08
2008.0,41.1
2008.0,41.1
2008.0,41.1
2008.0,41.1
2008.0,41.1321
2008.0,41.06
2008.0,41.06
2008.0,41.06
2008.0,41.05
2008.0,41.05
2008.0,40.96
2008.0,40.96
2008.0,40.96
2008.0,40.96
2008.0,40.98
2008.0,40.98
2008.0,41.0
2008.0,41.0
2008.0,41.08
2008.0,41.08
2008.0,41.03
2008.0,41.04
2008.0,41.11
2008.0,41.11
2008.0,41.08
2008.0,41.1
2008.0,41.11
2008.0,41.12
2008.0,41.06
2008.0,41.06
2008.0,41.04
2008.0,41.04
2008.0,41.04
2008.0,41.07
2008.0,41.01
2008.0,41.01
2008.0,41.09
2008.0,41.08
2008.0,41.02
2008.0,41.03
2008.0,41.11
2008.0,41.11
2008.0,41.08
2008.0,41.08
2008.0,41.09
2008.0,41.09
2008.0,41.075
2008.0,41.075
2008.0,41.08
2008.0,41.07
2008.0,41.04
2008.0,41.04
2008.0,41.11
2008.0,41.11
2008.0,41.18
2008.0,41.17
2008.0,41.15
2008.0,41.14
2008.0,41.11
2008.0,41.11
2008.0,41.1
2008.0,41.1
2008.0,41.14
2008.0,41.14
2008.0,41.1
2008.0,41.1
2008.0,41.07
2008.0,41.065
2008.0,41.09
2008.0,41.08
2008.0,41.07
2008.0,41.07
2008.0,41.145
2008.0,41.14
2008.0,41.22
2008.0,41.22
2008.0,41.26
2008.0,41.25
2008.0,41.19
2008.0,41.19
2008.0,41.21
2008.0,41.22
2008.0,41.21
2008.0,41.21
2008.0,41.22
2008.0,41.23
2008.0,41.33
2008.0,41.33
2008.0,41.43
2008.0,41.43
2008.0,41.5
2008.0,41.49
2008.0,41.51
2008.0,41.5
2008.0,41.47
2008.0,41.45
2008.0,41.45
2008.0,41.47
2008.0,41.48
2008.0,41.45
2008.0,41.42
2008.0,41.415
2008.0,41.37
2008.0,41.37
2008.0,41.4
2008.0,41.41
2008.0,41.45
2008.0,41.45
2008.0,41.41
2008.0,41.43
2008.0,41.43
2008.0,41.43
2008.0,41.47
2008.0,41.47
2008.0,41.46
2008.0,41.48
2008.0,41.5
2008.0,41.5
2008.0,41.51
2008.0,41.51
2008.0,41.55
2008.0,41.55
2008.0,41.52
2008.0,41.53
2008.0,41.54
2008.0,41.54
2008.0,41.5
2008.0,41.5
2008.0,41.53
2008.0,41.51
2008.0,41.4001
2008.0,41.395
2008.0,41.39
2008.0,41.39
2008.0,41.33
2008.0,41.34
2008.0,41.41
2008.0,41.41
2008.0,41.38
2008.0,41.38
2008.0,41.31
2008.0,41.31
2008.0,41.38
2008.0,41.38
2008.0,41.34
2008.0,41.34
2008.0,41.4
2008.0,41.4
2008.0,41.41
2008.0,41.4
2008.0,41.37
2008.0,41.35
2008.0,41.32
2008.0,41.32
2008.0,41.39
2008.0,41.39
2008.0,41.47
2008.0,41.48
2008.0,41.41
2008.0,41.38
2008.0,41.31
2008.0,41.31
2008.0,41.39
2008.0,41.4
2008.0,41.45
2008.0,41.45
2008.0,41.39
2008.0,41.38
2008.0,41.35
2008.0,41.34
2008.0,41.36
2008.0,41.36
2008.0,41.41
2008.0,41.41
2008.0,41.435
2008.0,41.435
2008.0,41.48
2008.0,41.48
2008.0,41.5
2008.0,41.49
2008.0,41.5
2008.0,41.5
2008.0,41.49
2008.0,41.49
2008.0,41.41
2008.0,41.41
2008.0,41.4
2008.0,41.39
2008.0,41.37
2008.0,41.37
2008.0,41.36
2008.0,41.36
2008.0,41.35
2008.0,41.35
2008.0,41.33
2008.0,41.32
2008.0,41.35
2008.0,41.35
2008.0,41.355
2008.0,41.37
2008.0,41.32
2008.0,41.32
2008.0,41.31
2008.0,41.31
2008.0,41.26
2008.0,41.27
2008.0,41.24
2008.0,41.22
2008.0,41.18
2008.0,41.19
2008.0,41.12
2008.0,41.11
2008.0,41.14
2008.0,41.14
2008.0,41.07
2008.0,41.07
2008.0,41.04
2008.0,41.05
2008.0,41.08
2008.0,41.09
2008.0,41.16
2008.0,41.16
2008.0,41.185
2008.0,41.19
2008.0,41.2
2008.0,41.2
2008.0,41.18
2008.0,41.18
2008.0,41.19
2008.0,41.19
2008.0,41.26
2008.0,41.26
2008.0,41.2
2008.0,41.19
2008.0,41.22
2008.0,41.22
2008.0,41.26
2008.0,41.26
2008.0,41.21
2008.0,41.21
2008.0,41.2
2008.0,41.2
2008.0,41.21
2008.0,41.22
2008.0,41.21
2008.0,41.21
2008.0,41.23
2008.0,41.22
2008.0,41.24
2008.0,41.25
2008.0,41.2
2008.0,41.19
2008.0,41.12
2008.0,41.11
2008.0,41.12
2008.0,41.11
2008.0,41.16
2008.0,41.17
2008.0,41.16
2008.0,41.17
2008.0,41.13
2008.0,41.12
2008.0,41.15
2008.0,41.15
2008.0,41.11
2008.0,41.11
2008.0,41.07
2008.0,41.07
2008.0,41.12
2008.0,41.12
2008.0,41.17
2008.0,41.17
2008.0,41.1
2008.0,41.08
2008.0,41.12
2008.0,41.12
2008.0,41.1
2008.0,41.1
2008.0,41.12
2008.0,41.12
2008.0,41.18
2008.0,41.18
2008.0,41.275
2008.0,41.27
2008.0,41.32
2008.0,41.32
2008.0,41.27
2008.0,41.27
2008.0,41.27
2008.0,41.25
2008.0,41.22
2008.0,41.23
2008.0,41.21
2008.0,41.21
2008.0,41.21
2008.0,41.21
2008.0,41.14
2008.0,41.14
2008.0,41.17
2008.0,41.16
2008.0,41.17
2008.0,41.17
2008.0,41.14
2008.0,41.14
2008.0,41.14
2008.0,41.14
2008.0,41.22
2008.0,41.22
2008.0,41.17
2008.0,41.17
2008.0,41.15
2008.0,41.14
2008.0,41.11
2008.0,41.11
2008.0,41.05
2008.0,41.05
2008.0,41.06
2008.0,41.06
2008.0,41.07
2008.0,41.07
2008.0,41.07
2008.0,41.08
2008.0,41.15
2008.0,41.16
2008.0,41.15
2008.0,41.15
2008.0,41.2
2008.0,41.2
2008.0,41.17
2008.0,41.17
2008.0,41.14
2008.0,41.14
2008.0,41.12
2008.0,41.11
2008.0,41.16
2008.0,41.17
2008.0,41.18
2008.0,41.19
2008.0,41.15
2008.0,41.15
2008.0,41.16
2008.0,41.16
2008.0,41.12
2008.0,41.12
2008.0,41.11
2008.0,41.1075
2008.0,41.07
2008.0,41.07
2008.0,41.09
2008.0,41.09
2008.0,41.08
2008.0,41.1
2008.0,41.11
2008.0,41.11
2008.0,41.1
2008.0,41.1
2008.0,41.13
2008.0,41.13
2008.0,41.16
2008.0,41.16
2008.0,41.15
2008.0,41.14
2008.0,41.16
2008.0,41.1475
2008.0,41.17
2008.0,41.17
2008.0,41.19
2008.0,41.19
2008.0,41.25
2008.0,41.25
2008.0,41.26
2008.0,41.26
2008.0,41.23
2008.0,41.23
2008.0,41.16
2008.0,41.16
2008.0,41.14
2008.0,41.14
2008.0,41.11
2008.0,41.1
2008.0,41.08
2008.0,41.08
2008.0,41.07
2008.0,41.07
2008.0,41.06
2008.0,41.07
2008.0,41.04
2008.0,41.04
2008.0,41.0
2008.0,41.0
2008.0,41.07
2008.0,41.08
2008.0,41.09
2008.0,41.09
2008.0,41.1
2008.0,41.1
2008.0,41.04
2008.0,41.04
2008.0,41.02
2008.0,41.03
2008.0,41.02
2008.0,41.03
2008.0,41.04
2008.0,41.04
2008.0,41.02
2008.0,41.02
2008.0,41.03
2008.0,41.03
2008.0,41.02
2008.0,41.01
2008.0,41.01
2008.0,41.01
2008.0,41.0
2008.0,41.0
2008.0,40.97
2008.0,40.97
2008.0,41.01
2008.0,41.01
2008.0,41.0
2008.0,41.0
2008.0,41.015
2008.0,41.01
2008.0,41.01
2008.0,41.01
2008.0,41.06
2008.0,41.08
2008.0,41.08
2008.0,41.0815
2008.0,41.095
2008.0,41.095
2008.0,41.03
2008.0,41.02
2008.0,41.06
2008.0,41.07
2008.0,41.03
2008.0,41.0626
2008.0,41.03
2008.0,41.03
2008.0,41.01
2008.0,41.0298
2008.0,41.0
2008.0,41.0
2008.0,40.99
2008.0,40.99
2008.0,41.05
2008.0,41.03
2008.0,41.0
2008.0,41.0
2008.0,40.97
2008.0,40.97
2008.0,40.99
2008.0,41.0
2008.0,40.95
2008.0,40.9575
2008.0,40.97
2008.0,40.97
2008.0,40.97
2008.0,40.97
2008.0,40.97
2008.0,40.98
2008.0,41.06
2008.0,41.06
2008.0,41.06
2008.0,41.07
2008.0,41.088
2008.0,41.07
2008.0,41.12
2008.0,41.12
2008.0,41.17
2008.0,41.17
2008.0,41.14
2008.0,41.15
2008.0,41.12
2008.0,41.11
2008.0,41.09
2008.0,41.09
2008.0,41.1
2008.0,41.1
2008.0,41.05
2008.0,41.05
2008.0,41.12
2008.0,41.12
2008.0,41.11
2008.0,41.11
2008.0,41.08
2008.0,41.08
2008.0,41.08
2008.0,41.08
2008.0,41.09
2008.0,41.09
2008.0,41.08
2008.0,41.08
2008.0,41.05
2008.0,41.05
2008.0,41.13
2008.0,41.13
2008.0,41.12
2008.0,41.12
2008.0,41.12
2008.0,41.12
2008.0,41.19
2008.0,41.19
2008.0,41.12
2008.0,41.12
2008.0,41.01
2008.0,41.01
2008.0,41.05
2008.0,41.05
2008.0,41.09
2008.0,41.09
2008.0,41.09
2008.0,41.09
2008.0,41.06
2008.0,41.08
2008.0,41.02
2008.0,41.0
2008.0,41.01
2008.0,41.0
2008.0,40.96
2008.0,40.96
2008.0,40.94
2008.0,40.96
2008.0,40.97
2008.0,40.97
2008.0,41.02
2008.0,41.02
2008.0,40.98
2008.0,40.98
2008.0,40.93
2008.0,40.93
2008.0,40.98
2008.0,40.98
2008.0,40.96
2008.0,40.95
2008.0,40.91
2008.0,40.91
2008.0,40.8654
2008.0,40.86
2008.0,40.89
2008.0,40.89
2008.0,40.94
2008.0,40.94
2008.0,41.04
2008.0,41.04
2008.0,41.02
2008.0,41.02
2008.0,41.03
2008.0,41.03
2008.0,40.98
2008.0,40.98
2008.0,41.05
2008.0,41.06
2008.0,40.97
2008.0,40.96
2008.0,40.99
2008.0,40.99
2008.0,40.99
2008.0,40.99
2008.0,41.1
2008.0,41.1
2008.0,41.09
2008.0,41.09
2008.0,41.18
2008.0,41.18
2008.0,41.15
2008.0,41.13
2008.0,41.1885
2008.0,41.19
2008.0,41.2
2008.0,41.18
2008.0,41.15
2008.0,41.16
2008.0,41.16
2008.0,41.17
2008.0,41.08
2008.0,41.09
2008.0,41.12
2008.0,41.13
2008.0,41.07
2008.0,41.07
2008.0,41.09
2008.0,41.1
2008.0,41.08
2008.0,41.08
2008.0,41.03
2008.0,41.05
2008.0,40.98
2008.0,40.98
2008.0,40.96
2008.0,40.96
2008.0,40.98
2008.0,40.98
2008.0,40.98
2008.0,41.0
2008.0,40.91
2008.0,40.9
2008.0,41.0
2008.0,41.0085
2008.0,41.04
2008.0,41.05
2008.0,41.16
2008.0,41.15
2008.0,41.18
2008.0,41.18
2008.0,41.15
2008.0,41.15
2008.0,41.11
2008.0,41.11
2008.0,41.09
2008.0,41.09
2008.0,41.09
2008.0,41.1
2008.0,41.06
2008.0,41.05
2008.0,41.07
2008.0,41.075
2008.0,41.1
2008.0,41.1
2008.0,41.03
2008.0,41.035
2008.0,41.02
2008.0,41.02
2008.0,40.99
2008.0,40.99
2008.0,41.01
2008.0,41.01
2008.0,40.98
2008.0,40.98
2008.0,40.97
2008.0,40.97
2008.0,40.95
2008.0,40.95
2008.0,40.89
2008.0,40.88
2008.0,40.86
2008.0,40.86
2008.0,40.95
2008.0,40.95
2008.0,40.9
2008.0,40.89
2008.0,40.82
2008.0,40.83
2008.0,40.88
2008.0,40.88
2008.0,40.91
2008.0,40.9
2008.0,41.02
2008.0,41.02
2008.0,41.04
2008.0,41.05
2008.0,41.07
2008.0,41.07
2008.0,41.09
2008.0,41.09
2008.0,41.1
2008.0,41.1
2008.0,41.08
2008.0,41.08
2008.0,41.02
2008.0,41.01
2008.0,41.02
2008.0,41.03
2008.0,41.08
2008.0,41.08
2008.0,41.08
2008.0,41.08
2008.0,41.05
2008.0,41.06
2008.0,41.1
2008.0,41.07
2008.0,41.15
2008.0,41.15
2008.0,41.19
2008.0,41.17
2008.0,41.24
2008.0,41.24
2008.0,41.2
2008.0,41.2
2008.0,41.21
2008.0,41.21
2008.0,41.14
2008.0,41.14
2008.0,41.17
2008.0,41.17
2008.0,41.12
2008.0,41.12
2008.0,41.16
2008.0,41.16
2008.0,41.1
2008.0,41.1
2008.0,41.01
2008.0,41.01
2008.0,40.97
2008.0,40.97
2008.0,40.99
2008.0,40.995
2008.0,40.95
2008.0,40.94
2008.0,41.01
2008.0,41.02
2008.0,41.07
2008.0,41.05
2008.0,41.07
2008.0,41.07
2008.0,41.08
2008.0,41.1
2008.0,41.04
2008.0,41.04
2008.0,41.05
2008.0,41.05
2008.0,41.09
2008.0,41.11
2008.0,41.17
2008.0,41.17
2008.0,41.24
2008.0,41.24
2008.0,41.23
2008.0,41.23
2008.0,41.15
2008.0,41.13
2008.0,41.18
2008.0,41.18
2008.0,41.18
2008.0,41.18
2008.0,41.15
2008.0,41.17
2008.0,41.19
2008.0,41.18
2008.0,41.22
2008.0,41.23
2008.0,41.25
2008.0,41.2475
2008.0,41.26
2008.0,41.26
2008.0,41.25
2008.0,41.25
2008.0,41.23
2008.0,41.24
2008.0,41.21
2008.0,41.205
2008.0,41.09
2008.0,41.09
2008.0,41.11
2008.0,41.11
2008.0,41.05
2008.0,41.05
2008.0,41.0
2008.0,41.0
2008.0,40.98
2008.0,40.98
2008.0,40.98
2008.0,40.98
2008.0,40.98
2008.0,41.0
2008.0,41.08
2008.0,41.08
2008.0,41.06
2008.0,41.07
2008.0,40.98
2008.0,40.97
2008.0,41.0
2008.0,41.0
2008.0,40.93
2008.0,40.93
2008.0,40.95
2008.0,40.95
2008.0,40.87
2008.0,40.87
2008.0,40.96
2008.0,40.94
2008.0,40.93
2008.0,40.93
2008.0,41.0
2008.0,40.99
2008.0,40.98
2008.0,40.979
2008.0,40.94
2008.0,40.94
2008.0,40.9
2008.0,40.9
2008.0,40.91
2008.0,40.93
2008.0,40.91
2008.0,40.91
2008.0,40.83
2008.0,40.82
2008.0,40.79
2008.0,40.8
2008.0,40.79
2008.0,40.79
2008.0,40.8
2008.0,40.8
2008.0,40.71
2008.0,40.71
2008.0,40.83
2008.0,40.84
2008.0,40.9
2008.0,40.9
2008.0,40.86
2008.0,40.85
2008.0,40.94
2008.0,40.93
2008.0,40.89
2008.0,40.9
2008.0,40.85
2008.0,40.85
2008.0,40.823
2008.0,40.84
2008.0,40.87
2008.0,40.86
2008.0,40.84
2008.0,40.84
2008.0,40.8
2008.0,40.8
2008.0,40.73
2008.0,40.72
2008.0,40.7301
2008.0,40.73
2008.0,40.71
2008.0,40.72
2008.0,40.66
2008.0,40.66
2008.0,40.71
2008.0,40.72
2008.0,40.68
2008.0,40.68
2008.0,40.6
2008.0,40.6
2008.0,40.58
2008.0,40.58
2008.0,40.56
2008.0,40.55
2008.0,40.62
2008.0,40.62
2008.0,40.59
2008.0,40.59
2008.0,40.55
2008.0,40.55
2008.0,40.53
2008.0,40.54
2008.0,40.5378
2008.0,40.53
2008.0,40.46
2008.0,40.45
2008.0,40.54
2008.0,40.54
2008.0,40.49
2008.0,40.48
2008.0,40.5
2008.0,40.49
2008.0,40.48
2008.0,40.46
2008.0,40.5283
2008.0,40.53
2008.0,40.56
2008.0,40.59
2008.0,40.61
2008.0,40.63
2008.0,40.65
2008.0,40.65
2008.0,40.62
2008.0,40.59
2008.0,40.54
2008.0,40.56
2008.0,40.54
2008.0,40.54
2008.0,40.51
2008.0,40.5
2008.0,40.54
2008.0,40.54
2008.0,40.62
2008.0,40.63
2008.0,40.6
2008.0,40.59
2008.0,40.7
2008.0,40.7
2008.0,40.62
2008.0,40.62
2008.0,40.55
2008.0,40.55
2008.0,40.58
2008.0,40.58
2008.0,40.61
2008.0,40.62
2008.0,40.62
2008.0,40.63
2008.0,40.63
2008.0,40.63
2008.0,40.68
2008.0,40.675
2008.0,40.65
2008.0,40.64
2008.0,40.7
2008.0,40.7
2008.0,40.655
2008.0,40.66
2008.0,40.58
2008.0,40.59
2008.0,40.65
2008.0,40.6664
2008.0,40.68
2008.0,40.68
2008.0,40.67
2008.0,40.67
2008.0,40.6
2008.0,40.6
2008.0,40.62
2008.0,40.62
2008.0,40.52
2008.0,40.51
2008.0,40.47
2008.0,40.52
2008.0,40.49
2008.0,40.47
2008.0,40.45
2008.0,40.48
2008.0,40.47
2008.0,40.47
2008.0,40.44
2008.0,40.44
2008.0,40.5
2008.0,40.49
2008.0,40.49
2008.0,40.49
2008.0,40.52
2008.0,40.52
2008.0,40.5
2008.0,40.51
2008.0,40.49
2008.0,40.49
2008.0,40.47
2008.0,40.48
2008.0,40.43
2008.0,40.42
2008.0,40.42
2008.0,40.41
2008.0,40.4
2008.0,40.4
2008.0,40.43
2008.0,40.41
2008.0,40.37
2008.0,40.4175
2008.0,40.36
2008.0,40.37
2008.0,40.32
2008.0,40.32
2008.0,40.26
2008.0,40.26
2008.0,40.29
2008.0,40.29
2008.0,40.33
2008.0,40.33
2008.0,40.33
2008.0,40.33
2008.0,40.33
2008.0,40.32
2008.0,40.29
2008.0,40.29
2008.0,40.37
2008.0,40.37
2008.0,40.29
2008.0,40.29
2008.0,40.26
2008.0,40.25
2008.0,40.21
2008.0,40.21
2008.0,40.25
2008.0,40.25
2008.0,40.23
2008.0,40.23
2008.0,40.17
2008.0,40.17
2008.0,40.17
2008.0,40.17
2008.0,40.13
2008.0,40.15
2008.0,40.14
2008.0,40.12
2008.0,40.12
2008.0,40.13
2008.0,40.17
2008.0,40.17
2008.0,40.18
2008.0,40.1654
2008.0,40.12
2008.0,40.12
2008.0,40.16
2008.0,40.15
2008.0,40.19
2008.0,40.16
2008.0,40.15
2008.0,40.15
2008.0,40.17
2008.0,40.17
2008.0,40.18
2008.0,40.18
2008.0,40.2
2008.0,40.19
2008.0,40.22
2008.0,40.22
2008.0,40.16
2008.0,40.16
2008.0,40.21
2008.0,40.21
2008.0,40.31
2008.0,40.3
2008.0,40.27
2008.0,40.28
2008.0,40.24
2008.0,40.24
2008.0,40.1925
2008.0,40.19
2008.0,40.13
2008.0,40.13
2008.0,40.18
2008.0,40.16
2008.0,40.19
2008.0,40.2
2008.0,40.11
2008.0,40.11
2008.0,40.08
2008.0,40.07
2008.0,40.11
2008.0,40.12
2008.0,40.1
2008.0,40.1
2008.0,40.11
2008.0,40.12
2008.0,40.18
2008.0,40.17
2008.0,40.14
2008.0,40.14
2008.0,40.12
2008.0,40.12
2008.0,40.12
2008.0,40.12
2008.0,40.07
2008.0,40.07
2008.0,40.04
2008.0,40.05
2008.0,40.01
2008.0,40.01
2008.0,40.0
2008.0,40.0
2008.0,40.0
2008.0,40.01
2008.0,40.02
2008.0,40.03
2008.0,40.02
2008.0,40.03
2008.0,40.02
2008.0,40.02
2008.0,40.01
2008.0,40.01
2008.0,40.02
2008.0,40.01
2008.0,40.03
2008.0,40.02
2008.0,40.03
2008.0,40.02
2008.0,39.96
2008.0,39.95
2008.0,39.93
2008.0,39.95
2008.0,39.92
2008.0,39.92
2008.0,39.93
2008.0,39.93
2008.0,39.96
2008.0,39.96
2008.0,39.96
2008.0,39.96
2008.0,39.92
2008.0,39.92
2008.0,39.97
2008.0,39.97
2008.0,39.9
2008.0,39.9
2008.0,39.92
2008.0,39.93
2008.0,39.95
2008.0,39.95
2008.0,39.99
2008.0,39.99
2008.0,40.0
2008.0,40.01
2008.0,39.99
2008.0,39.99
2008.0,39.98
2008.0,39.97
2008.0,39.96
2008.0,39.96
2008.0,39.95
2008.0,39.95
2008.0,39.93
2008.0,39.91
2008.0,39.885
2008.0,39.89
2008.0,39.88
2008.0,39.88
2008.0,39.86
2008.0,39.86
2008.0,39.88
2008.0,39.88
2008.0,39.85
2008.0,39.86
2008.0,39.83
2008.0,39.83
2008.0,39.85
2008.0,39.85
2008.0,39.89
2008.0,39.88
2008.0,39.87
2008.0,39.87
2008.0,39.85
2008.0,39.85
2008.0,39.82
2008.0,39.82
2008.0,39.8
2008.0,39.8
2008.0,39.79
2008.0,39.79
2008.0,39.77
2008.0,39.77
2008.0,39.77
2008.0,39.76
2008.0,39.77
2008.0,39.75
2008.0,39.75
2008.0,39.75
2008.0,39.75
2008.0,39.75
2008.0,39.78
2008.0,39.78
2008.0,39.75
2008.0,39.76
2008.0,39.81
2008.0,39.81
2008.0,39.88
2008.0,39.85
2008.0,39.82
2008.0,39.83
2008.0,39.83
2008.0,39.83
2008.0,40.31
2008.0,40.31
2008.0,40.13
2008.0,40.12
2008.0,40.11
2008.0,40.11
2008.0,40.2
2008.0,40.09
2008.0,40.18
2008.0,40.18
2008.0,40.29
2008.0,40.28
2008.0,40.2
2008.0,40.2
2008.0,40.16
2008.0,40.16
2008.0,40.1
2008.0,40.06
2008.0,39.92
2008.0,39.9
2008.0,39.93
2008.0,39.93
2008.0,40.15
2008.0,40.15
2008.0,40.16
2008.0,40.17
2008.0,40.12
2008.0,40.13
2008.0,40.11
2008.0,40.11
2008.0,39.95
2008.0,39.95
2008.0,39.9
2008.0,39.9
2008.0,39.8
2008.0,39.79
2008.0,39.87
2008.0,39.87
2008.0,39.79
2008.0,39.79
2008.0,39.8
2008.0,39.8
2008.0,39.89
2008.0,39.89
2008.0,39.81
2008.0,39.8
2008.0,39.78
2008.0,39.78
2008.0,39.8
2008.0,39.8
2008.0,39.78
2008.0,39.76
2008.0,39.74
2008.0,39.76
2008.0,39.78
2008.0,39.76
2008.0,39.78
2008.0,39.76
2008.0,39.75
2008.0,39.73
2008.0,39.86
2008.0,39.84
2008.0,39.72
2008.0,39.72
2008.0,39.61
2008.0,39.62
2008.0,39.69
2008.0,39.71
2008.0,39.69
2008.0,39.68
2008.0,39.82
2008.0,39.81
2008.0,39.89
2008.0,39.92
2008.0,39.87
2008.0,39.87
2008.0,39.9
2008.0,39.92
2008.0,39.94
2008.0,39.9399
2008.0,39.86
2008.0,39.85
2008.0,39.8
2008.0,39.8
2008.0,39.77
2008.0,39.79
2008.0,39.73
2008.0,39.73
2008.0,39.74
2008.0,39.74
2008.0,39.7
2008.0,39.69
2008.0,39.77
2008.0,39.77
2008.0,39.78
2008.0,39.77
2008.0,39.74
2008.0,39.74
2008.0,39.6725
2008.0,39.68
2008.0,39.65
2008.0,39.65
2008.0,39.64
2008.0,39.63
2008.0,39.63
2008.0,39.63
2008.0,39.62
2008.0,39.62
2008.0,39.6
2008.0,39.6
2008.0,39.59
2008.0,39.59
2008.0,39.57
2008.0,39.57
2008.0,39.69
2008.0,39.69
2008.0,39.69
2008.0,39.69
2008.0,39.73
2008.0,39.73
2008.0,39.78
2008.0,39.77
2008.0,39.72
2008.0,39.71
2008.0,39.84
2008.0,39.85
2008.0,39.77
2008.0,39.77
2008.0,39.79
2008.0,39.79
2008.0,39.88
2008.0,39.87
2008.0,39.76
2008.0,39.76
2008.0,39.71
2008.0,39.68
2008.0,39.78
2008.0,39.78
2008.0,39.83
2008.0,39.82
2008.0,39.86
2008.0,39.88
2008.0,39.96
2008.0,39.96
2008.0,40.03
2008.0,40.03
2008.0,40.02
2008.0,40.04
2008.0,40.07
2008.0,40.07
2008.0,39.99
2008.0,39.97
2008.0,39.98
2008.0,40.0
2008.0,39.91
2008.0,39.91
2008.0,39.96
2008.0,39.96
2008.0,39.94
2008.0,39.94
2008.0,39.9
2008.0,39.91
2008.0,39.94
2008.0,39.95
2008.0,40.0
2008.0,40.0
2008.0,40.01
2008.0,40.0
2008.0,39.99
2008.0,39.99
2008.0,39.98
2008.0,39.97
2008.0,40.0
2008.0,40.0
2008.0,40.13
2008.0,40.13
2008.0,40.15
2008.0,40.15
2008.0,40.11
2008.0,40.13
2008.0,40.23
2008.0,40.25
2008.0,40.29
2008.0,40.29
2008.0,40.31
2008.0,40.31
2008.0,40.33
2008.0,40.3
2008.0,40.25
2008.0,40.23
2008.0,40.33
2008.0,40.33
2008.0,40.38
2008.0,40.38
2008.0,40.29
2008.0,40.3
2008.0,40.33
2008.0,40.32
2008.0,40.2136
2008.0,40.22
2008.0,40.24
2008.0,40.23
2008.0,40.28
2008.0,40.28
2008.0,40.21
2008.0,40.21
2008.0,40.25
2008.0,40.25
2008.0,40.17
2008.0,40.2
2008.0,40.31
2008.0,40.31
2008.0,40.26
2008.0,40.27
2008.0,40.3595
2008.0,40.36
2008.0,40.41
2008.0,40.4018
2008.0,40.44
2008.0,40.44
2008.0,40.47
2008.0,40.47
2008.0,40.43
2008.0,40.45
2008.0,40.4
2008.0,40.4
2008.0,40.44
2008.0,40.45
2008.0,40.55
2008.0,40.55
2008.0,40.6
2008.0,40.6
2008.0,40.63
2008.0,40.63
2008.0,40.68
2008.0,40.68
2008.0,40.66
2008.0,40.65
2008.0,40.63
2008.0,40.63
2008.0,40.59
2008.0,40.59
2008.0,40.59
2008.0,40.59
2008.0,40.59
2008.0,40.59
2008.0,40.52
2008.0,40.56
2008.0,40.63
2008.0,40.61
2008.0,40.63
2008.0,40.62
2008.0,40.71
2008.0,40.71
2008.0,40.69
2008.0,40.69
2008.0,40.74
2008.0,40.76
2008.0,40.79
2008.0,40.775
2008.0,40.85
2008.0,40.85
2008.0,40.85
2008.0,40.85
2008.0,40.78
2008.0,40.79
2008.0,40.82
2008.0,40.82
2008.0,40.79
2008.0,40.79
2008.0,40.83
2008.0,40.83
2008.0,40.85
2008.0,40.88
2008.0,40.88
2008.0,40.88
2008.0,40.86
2008.0,40.87
2008.0,40.94
2008.0,40.94
2008.0,40.96
2008.0,40.96
2008.0,40.93
2008.0,40.93
2008.0,40.92
2008.0,40.92
2008.0,40.92
2008.0,40.92
2008.0,40.78
2008.0,40.78
2008.0,40.77
2008.0,40.79
2008.0,40.88
2008.0,40.87
2008.0,40.88
2008.0,40.88
2008.0,40.76
2008.0,40.74
2008.0,40.64
2008.0,40.65
2008.0,40.6
2008.0,40.61
2008.0,40.61
2008.0,40.6
2008.0,40.68
2008.0,40.66
2008.0,40.65
2008.0,40.641
2008.0,40.63
2008.0,40.63
2008.0,40.56
2008.0,40.56
2008.0,40.67
2008.0,40.67
2008.0,40.67
2008.0,40.67
2008.0,40.69
2008.0,40.71
2008.0,40.76
2008.0,40.77
2008.0,40.7
2008.0,40.7
2008.0,40.71
2008.0,40.72
2008.0,40.7
2008.0,40.71
2008.0,40.78
2008.0,40.78
2008.0,40.72
2008.0,40.72
2008.0,40.68
2008.0,40.68
2008.0,40.57
2008.0,40.57
2008.0,40.51
2008.0,40.52
2008.0,40.47
2008.0,40.4605
2008.0,40.49
2008.0,40.49
2008.0,40.52
2008.0,40.5122
2008.0,40.54
2008.0,40.55
2008.0,40.53
2008.0,40.53
2008.0,40.58
2008.0,40.57
2008.0,40.57
2008.0,40.56
2008.0,40.53
2008.0,40.53
2008.0,40.43
2008.0,40.42
2008.0,40.42
2008.0,40.42
2008.0,40.44
2008.0,40.44
2008.0,40.47
2008.0,40.49
2008.0,40.5
2008.0,40.5
2008.0,40.5
2008.0,40.51
2008.0,40.61
2008.0,40.61
2008.0,40.57
2008.0,40.57
2008.0,40.64
2008.0,40.64
2008.0,40.56
2008.0,40.55
2008.0,40.5
2008.0,40.5
2008.0,40.47
2008.0,40.49
2008.0,40.52
2008.0,40.51
2008.0,40.5
2008.0,40.5
2008.0,40.41
2008.0,40.41
2008.0,40.5
2008.0,40.5
2008.0,40.55
2008.0,40.55
2008.0,40.55
2008.0,40.53
2008.0,40.44
2008.0,40.44
2008.0,40.46
2008.0,40.47
2008.0,40.48
2008.0,40.48
2008.0,40.53
2008.0,40.51
2008.0,40.58
2008.0,40.56
2008.0,40.45
2008.0,40.45
2008.0,40.42
2008.0,40.42
2008.0,40.31
2008.0,40.31
2008.0,40.21
2008.0,40.19
2008.0,40.15
2008.0,40.15
2008.0,40.2
2008.0,40.2
2008.0,40.24
2008.0,40.23
2008.0,40.16
2008.0,40.18
2008.0,40.11
2008.0,40.11
2008.0,40.16
2008.0,40.15
2008.0,40.22
2008.0,40.25
2008.0,40.22
2008.0,40.22
2008.0,40.11
2008.0,40.175
2008.0,40.12
2008.0,40.11
2008.0,40.21
2008.0,40.22
2008.0,40.37
2008.0,40.35
2008.0,40.4
2008.0,40.4
2008.0,40.48
2008.0,40.48
2008.0,40.54
2008.0,40.55
2008.0,40.54
2008.0,40.54
2008.0,40.48
2008.0,40.46
2008.0,40.6
2008.0,40.61
2008.0,40.56
2008.0,40.56
2008.0,40.63
2008.0,40.64
2008.0,40.64
2008.0,40.64
2008.0,40.57
2008.0,40.58
2008.0,40.58
2008.0,40.58
2008.0,40.59
2008.0,40.59
2008.0,40.49
2008.0,40.49
2008.0,40.57
2008.0,40.57
2008.0,40.66
2008.0,40.66
2008.0,40.58
2008.0,40.58
2008.0,40.57
2008.0,40.57
2008.0,40.62
2008.0,40.62
2008.0,40.47
2008.0,40.5
2008.0,40.55
2008.0,40.55
2008.0,40.53
2008.0,40.53
2008.0,40.55
2008.0,40.56
2008.0,40.6
2008.0,40.6
2008.0,40.62
2008.0,40.63
2008.0,40.69
2008.0,40.69
2008.0,40.65
2008.0,40.64
2008.0,40.635
2008.0,40.64
2008.0,40.7
2008.0,40.7056
2008.0,40.72
2008.0,40.75
2008.0,40.72
2008.0,40.72
2008.0,40.72
2008.0,40.73
2008.0,40.74
2008.0,40.74
2008.0,40.7
2008.0,40.7
2008.0,40.61
2008.0,40.61
2008.0,40.62
2008.0,40.62
2008.0,40.65
2008.0,40.66
2008.0,40.56
2008.0,40.54
2008.0,40.53
2008.0,40.54
2008.0,40.51
2008.0,40.52
2008.0,40.46
2008.0,40.46
2008.0,40.49
2008.0,40.49
2008.0,40.49
2008.0,40.49
2008.0,40.4
2008.0,40.4
2008.0,40.39
2008.0,40.38
2008.0,40.41
2008.0,40.41
2008.0,40.34
2008.0,40.34
2008.0,40.36
2008.0,40.37
2008.0,40.36
2008.0,40.3682
2008.0,40.37
2008.0,40.36
2008.0,40.4
2008.0,40.39
2008.0,40.42
2008.0,40.43
2008.0,40.5
2008.0,40.5044
2008.0,40.4
2008.0,40.4
2008.0,40.48
2008.0,40.48
2008.0,40.42
2008.0,40.42
2008.0,40.37
2008.0,40.37
2008.0,40.37
2008.0,40.38
2008.0,40.39
2008.0,40.38
2008.0,40.38
2008.0,40.38
2008.0,40.44
2008.0,40.44
2008.0,40.49
2008.0,40.49
2008.0,40.51
2008.0,40.51
2008.0,40.59
2008.0,40.57
2008.0,40.6
2008.0,40.605
2008.0,40.6
2008.0,40.6
2008.0,40.63
2008.0,40.64
2008.0,40.6
2008.0,40.6
2008.0,40.47
2008.0,40.465
2008.0,40.48
2008.0,40.48
2008.0,40.48
2008.0,40.48
2008.0,40.46
2008.0,40.47
2008.0,40.4
2008.0,40.42
2008.0,40.44
2008.0,40.44
2008.0,40.42
2008.0,40.41
2008.0,40.36
2008.0,40.36
2008.0,40.31
2008.0,40.31
2008.0,40.23
2008.0,40.23
2008.0,40.25
2008.0,40.25
2008.0,40.24
2008.0,40.24
2008.0,40.24
2008.0,40.24
2008.0,40.25
2008.0,40.27
2008.0,40.29
2008.0,40.2901
2008.0,40.21
2008.0,40.21
2008.0,40.23
2008.0,40.23
2008.0,40.17
2008.0,40.17
2008.0,40.19
2008.0,40.182
2008.0,40.33
2008.0,40.33
2008.0,40.27
2008.0,40.27
2008.0,40.27
2008.0,40.27
2008.0,40.2
2008.0,40.2
2008.0,40.11
2008.0,40.11
2008.0,40.11
2008.0,40.11
2008.0,40.06
2008.0,40.09
2008.0,40.11
2008.0,40.1152
2008.0,40.09
2008.0,40.09
2008.0,40.07
2008.0,40.06
2008.0,40.1
2008.0,40.09
2008.0,40.14
2008.0,40.12
2008.0,40.12
2008.0,40.13
2008.0,40.12
2008.0,40.12
2008.0,40.05
2008.0,40.06
2008.0,40.11
2008.0,40.11
2008.0,40.13
2008.0,40.13
2008.0,40.11
2008.0,40.12
2008.0,40.1
2008.0,40.08
2008.0,40.0
2008.0,40.0
2008.0,39.93
2008.0,39.94
2008.0,39.86
2008.0,39.86
2008.0,39.8
2008.0,39.79
2008.0,39.79
2008.0,39.79
2008.0,39.75
2008.0,39.75
2008.0,39.62
2008.0,39.61
2008.0,39.62
2008.0,39.62
2008.0,39.68
2008.0,39.69
2008.0,39.66
2008.0,39.64
2008.0,39.62
2008.0,39.62
2008.0,39.6
2008.0,39.6
2008.0,39.59
2008.0,39.6
2008.0,39.69
2008.0,39.7
2008.0,39.73
2008.0,39.73
2008.0,39.65
2008.0,39.66
2008.0,39.65
2008.0,39.65
2008.0,39.66
2008.0,39.66
2008.0,39.63
2008.0,39.64
2008.0,39.6
2008.0,39.61
2008.0,39.62
2008.0,39.61
2008.0,39.62
2008.0,39.6
2008.0,39.6
2008.0,39.6
2008.0,39.62
2008.0,39.62
2008.0,39.6
2008.0,39.6
2008.0,39.57
2008.0,39.57
2008.0,39.58
2008.0,39.58
2008.0,39.6
2008.0,39.6
2008.0,39.62
2008.0,39.62
2008.0,39.55
2008.0,39.55
2008.0,39.44
2008.0,39.42
2008.0,39.51
2008.0,39.51
2008.0,39.49
2008.0,39.48
2008.0,39.42
2008.0,39.43
2008.0,39.44
2008.0,39.44
2008.0,39.5
2008.0,39.5
2008.0,39.44
2008.0,39.44
2008.0,39.34
2008.0,39.36
2008.0,39.4
2008.0,39.38
2008.0,39.26
2008.0,39.26
2008.0,39.33
2008.0,39.33
2008.0,39.49
2008.0,39.49
2008.0,39.58
2008.0,39.56
2008.0,39.57
2008.0,39.56
2008.0,39.53
2008.0,39.52
2008.0,39.43
2008.0,39.44
2008.0,39.6
2008.0,39.64
2008.0,39.69
2008.0,39.7
2008.0,39.72
2008.0,39.71
2008.0,39.62
2008.0,39.59
2008.0,39.65
2008.0,39.67
2008.0,39.64
2008.0,39.64
2008.0,39.78
2008.0,39.77
2008.0,39.79
2008.0,39.78
2008.0,39.83
2008.0,39.84
2008.0,39.81
2008.0,39.8188
2008.0,39.91
2008.0,39.9
2008.0,39.87
2008.0,39.87
2008.0,39.85
2008.0,39.86
2008.0,39.735
2008.0,39.74
2008.0,39.79
2008.0,39.78
2008.0,39.84
2008.0,39.82
2008.0,39.76
2008.0,39.75
2008.0,39.83
2008.0,39.83
2008.0,39.806
2008.0,39.79
2008.0,39.88
2008.0,39.88
2008.0,39.94
2008.0,39.94
2008.0,40.0
2008.0,39.99
2008.0,39.92
2008.0,39.93
2008.0,39.98
2008.0,39.96
2008.0,39.99
2008.0,39.99
2008.0,40.0
2008.0,40.01
2008.0,40.02
2008.0,40.04
2008.0,40.01
2008.0,40.03
2008.0,40.0168
2008.0,40.02
2008.0,39.91
2008.0,39.91
2008.0,39.85
2008.0,39.85
2008.0,39.81
2008.0,39.81
2008.0,39.81
2008.0,39.81
2008.0,39.86
2008.0,39.86
2008.0,39.9
2008.0,39.9
2008.0,39.86
2008.0,39.85
2008.0,39.73
2008.0,39.73
2008.0,39.72
2008.0,39.73
2008.0,39.64
2008.0,39.64
2008.0,39.57
2008.0,39.58
2008.0,39.45
2008.0,39.45
2008.0,39.56
2008.0,39.55
2008.0,39.6
2008.0,39.6
2008.0,39.61
2008.0,39.61
2008.0,39.62
2008.0,39.63
2008.0,39.61
2008.0,39.61
2008.0,39.54
2008.0,39.57
2008.0,39.75
2008.0,39.76
2008.0,39.76
2008.0,39.76
2008.0,39.69
2008.0,39.69
2008.0,39.71
2008.0,39.71
2008.0,39.68
2008.0,39.68
2008.0,39.77
2008.0,39.77
2008.0,39.86
2008.0,39.86
2008.0,39.84
2008.0,39.84
2008.0,39.98
2008.0,39.98
2008.0,39.95
2008.0,39.95
2008.0,40.0
2008.0,39.99
2008.0,40.01
2008.0,40.0
2008.0,40.08
2008.0,40.07
2008.0,40.17
2008.0,40.17
2008.0,40.27
2008.0,40.25
2008.0,40.29
2008.0,40.28
2008.0,40.24
2008.0,40.23
2008.0,40.18
2008.0,40.18
2008.0,40.21
2008.0,40.22
2008.0,40.18
2008.0,40.18
2008.0,40.22
2008.0,40.26
2008.0,40.32
2008.0,40.32
2008.0,40.41
2008.0,40.4
2008.0,40.42
2008.0,40.42
2008.0,40.4
2008.0,40.4
2008.0,40.49
2008.0,40.49
2008.0,40.44
2008.0,40.45
2008.0,40.47
2008.0,40.46
2008.0,40.46
2008.0,40.46
2008.0,40.56
2008.0,40.56
2008.0,40.53
2008.0,40.53
2008.0,40.48
2008.0,40.48
2008.0,40.33
2008.0,40.33
2008.0,40.35
2008.0,40.35
2008.0,40.47
2008.0,40.46
2008.0,40.48
2008.0,40.45
2008.0,40.46
2008.0,40.47
2008.0,40.54
2008.0,40.53
2008.0,40.59
2008.0,40.58
2008.0,40.53
2008.0,40.53
2008.0,40.64
2008.0,40.64
2008.0,40.7
2008.0,40.7
2008.0,40.67
2008.0,40.68
2008.0,40.57
2008.0,40.59
2008.0,40.58
2008.0,40.58
2008.0,40.6
2008.0,40.6
2008.0,40.58
2008.0,40.59
2008.0,40.48
2008.0,40.47
2008.0,40.48
2008.0,40.49
2008.0,40.61
2008.0,40.6
2008.0,40.63
2008.0,40.63
2008.0,40.6
2008.0,40.6
2008.0,40.66
2008.0,40.66
2008.0,40.63
2008.0,40.63
2008.0,40.615
2008.0,40.615
2008.0,40.67
2008.0,40.68
2008.0,40.69
2008.0,40.69
2008.0,40.6
2008.0,40.6
2008.0,40.62
2008.0,40.61
2008.0,40.6
2008.0,40.61
2008.0,40.53
2008.0,40.53
2008.0,40.57
2008.0,40.57
2008.0,40.61
2008.0,40.6
2008.0,40.62
2008.0,40.63
2008.0,40.53
2008.0,40.5399
2008.0,40.55
2008.0,40.55
2008.0,40.51
2008.0,40.51
2008.0,40.55
2008.0,40.55
2008.0,40.5
2008.0,40.51
2008.0,40.37
2008.0,40.4
2008.0,40.34
2008.0,40.34
2008.0,40.37
2008.0,40.37
2008.0,40.35
2008.0,40.35
2008.0,40.49
2008.0,40.48
2008.0,40.51
2008.0,40.51
2008.0,40.55
2008.0,40.55
2008.0,40.57
2008.0,40.57
2008.0,40.5
2008.0,40.52
2008.0,40.48
2008.0,40.48
2008.0,40.44
2008.0,40.44
2008.0,40.36
2008.0,40.37
2008.0,40.33
2008.0,40.33
2008.0,40.39
2008.0,40.38
2008.0,40.47
2008.0,40.47
2008.0,40.39
2008.0,40.4
2008.0,40.45
2008.0,40.45
2008.0,40.49
2008.0,40.49
2008.0,40.58
2008.0,40.57
2008.0,40.5
2008.0,40.5
2008.0,40.44
2008.0,40.43
2008.0,40.34
2008.0,40.34
2008.0,40.43
2008.0,40.42
2008.0,40.42
2008.0,40.41
2008.0,40.35
2008.0,40.35
2008.0,40.36
2008.0,40.34
2008.0,40.33
2008.0,40.33
2008.0,40.2
2008.0,40.2
2008.0,40.14
2008.0,40.14
2008.0,40.16
2008.0,40.17
2008.0,40.21
2008.0,40.21
2008.0,40.13
2008.0,40.13
2008.0,40.02
2008.0,40.02
2008.0,40.0
2008.0,40.0
2008.0,39.99
2008.0,39.99
2008.0,40.07
2008.0,40.06
2008.0,40.02
2008.0,40.02
2008.0,40.3439
2008.0,39.98
2008.0,40.05
2008.0,40.06
2008.0,39.96
2008.0,39.96
2008.0,39.94
2008.0,39.94
2008.0,40.03
2008.0,40.03
2008.0,40.1
2008.0,40.1
2008.0,40.01
2008.0,40.02
2008.0,40.06
2008.0,40.06
2008.0,40.04
2008.0,40.05
2008.0,40.08
2008.0,40.09
2008.0,40.12
2008.0,40.12
2008.0,40.1
2008.0,40.09
2008.0,40.26
2008.0,40.27
2008.0,40.23
2008.0,40.26
2008.0,40.28
2008.0,40.28
2008.0,40.22
2008.0,40.22
2008.0,40.31
2008.0,40.31
2008.0,40.18
2008.0,40.17
2008.0,40.29
2008.0,40.29
2008.0,40.37
2008.0,40.37
2008.0,40.45
2008.0,40.45
2008.0,40.36
2008.0,40.36
2008.0,40.39
2008.0,40.39
2008.0,40.48
2008.0,40.48
2008.0,40.4
2008.0,40.4
2008.0,40.46
2008.0,40.46
2008.0,40.46
2008.0,40.46
2008.0,40.44
2008.0,40.44
2008.0,40.48
2008.0,40.48
2008.0,40.51
2008.0,40.51
2008.0,40.52
2008.0,40.52
2008.0,40.57
2008.0,40.57
2008.0,40.55
2008.0,40.55
2008.0,40.57
2008.0,40.58
2008.0,40.64
2008.0,40.64
2008.0,40.64
2008.0,40.64
2008.0,40.67
2008.0,40.67
2008.0,40.68
2008.0,40.67
2008.0,40.72
2008.0,40.72
2008.0,40.72
2008.0,40.73
2008.0,40.68
2008.0,40.69
2008.0,40.62
2008.0,40.62
2008.0,40.65
2008.0,40.66
2008.0,40.7
2008.0,40.68
2008.0,40.67
2008.0,40.67
2008.0,40.74
2008.0,40.74
2008.0,40.2
2008.0,40.01
2008.0,40.01
2008.0,40.01
2008.0,39.995
2008.0,40.0
2008.0,39.86
2008.0,39.89
2008.0,40.05
2008.0,40.05
2008.0,40.31
2008.0,40.3
2008.0,40.29
2008.0,40.29
2008.0,40.41
2008.0,40.42
2008.0,40.36
2008.0,40.36
2008.0,40.22
2008.0,40.21
2008.0,40.42
2008.0,40.43
2008.0,40.38
2008.0,40.4
2008.0,40.36
2008.0,40.36
2008.0,40.21
2008.0,40.21
2008.0,40.39
2008.0,40.37
2008.0,40.34
2008.0,40.39
2008.0,40.23
2008.0,40.23
2008.0,40.35
2008.0,40.35
2008.0,40.27
2008.0,40.25
2008.0,40.3
2008.0,40.33
2008.0,40.45
2008.0,40.45
2008.0,40.52
2008.0,40.52
2008.0,40.5
2008.0,40.5
2008.0,40.49
2008.0,40.51
2008.0,40.52
2008.0,40.53
2008.0,40.53
2008.0,40.5464
2008.0,40.51
2008.0,40.53
2008.0,40.53
2008.0,40.53
2008.0,40.31
2008.0,40.31
2008.0,40.2
2008.0,40.23
2008.0,40.19
2008.0,40.2
2008.0,40.14
2008.0,40.14
2008.0,40.11
2008.0,40.14
2008.0,40.05
2008.0,40.05
2008.0,40.09
2008.0,40.1
2008.0,40.17
2008.0,40.16
2008.0,40.12
2008.0,40.14
2008.0,40.07
2008.0,40.07
2008.0,40.03
2008.0,40.04
2008.0,39.98
2008.0,39.98
2008.0,39.85
2008.0,39.85
2008.0,39.85
2008.0,39.84
2008.0,39.8
2008.0,39.8
2008.0,39.83
2008.0,39.83
2008.0,39.88
2008.0,39.92
2008.0,39.98
2008.0,39.99
2008.0,40.03
2008.0,40.03
2008.0,39.88
2008.0,39.87
2008.0,39.75
2008.0,39.73
2008.0,39.74
2008.0,39.74
2008.0,39.77
2008.0,39.77
2008.0,40.07
2008.0,40.04
2008.0,40.02
2008.0,40.03
2008.0,40.14
2008.0,40.13
2008.0,40.31
2008.0,40.28
2008.0,40.38
2008.0,40.38
2008.0,40.21
2008.0,40.21
2008.0,40.16
2008.0,40.17
2008.0,40.05
2008.0,40.04
2008.0,39.91
2008.0,39.93
2008.0,39.91
2008.0,39.91
2008.0,39.88
2008.0,39.9
2008.0,39.85
2008.0,39.849
2008.0,39.87
2008.0,39.87
2008.0,39.89
2008.0,39.89
2008.0,39.95
2008.0,39.95
2008.0,39.97
2008.0,39.98
2008.0,39.97
2008.0,39.97
2008.0,40.0
2008.0,39.99
2008.0,39.93
2008.0,39.92
2008.0,39.8
2008.0,39.8
2008.0,39.81
2008.0,39.81
2008.0,39.96
2008.0,39.95
2008.0,39.84
2008.0,39.84
2008.0,39.86
2008.0,39.87
2008.0,39.98
2008.0,39.98
2008.0,40.01
2008.0,39.95
2008.0,40.06
2008.0,40.05
2008.0,40.14
2008.0,40.14
2008.0,40.21
2008.0,40.25
2008.0,40.27
2008.0,40.28
2008.0,40.31
2008.0,40.33
2008.0,40.27
2008.0,40.26
2008.0,40.21
2008.0,40.21
2008.0,40.22
2008.0,40.22
2008.0,40.24
2008.0,40.25
2008.0,40.24
2008.0,40.24
2008.0,40.18
2008.0,40.17
2008.0,40.22
2008.0,40.24
2008.0,40.27
2008.0,40.27
2008.0,40.27
2008.0,40.27
2008.0,40.3
2008.0,40.3
2008.0,40.31
2008.0,40.29
2008.0,40.29
2008.0,40.29
2008.0,40.19
2008.0,40.19
2008.0,40.15
2008.0,40.17
2008.0,40.25
2008.0,40.26
2008.0,40.3468
2008.0,40.32
2008.0,40.24
2008.0,40.25
2008.0,40.19
2008.0,40.19
2008.0,40.24
2008.0,40.23
2008.0,40.25
2008.0,40.26
2008.0,40.38
2008.0,40.37
2008.0,40.41
2008.0,40.38
2008.0,40.29
2008.0,40.26
2008.0,40.42
2008.0,40.42
2008.0,40.41
2008.0,40.41
2008.0,40.53
2008.0,40.53
2008.0,40.56
2008.0,40.57
2008.0,40.56
2008.0,40.546
2008.0,40.61
2008.0,40.63
2008.0,40.64
2008.0,40.64
2008.0,40.58
2008.0,40.59
2008.0,40.663
2008.0,40.69
2008.0,40.7
2008.0,40.7
2008.0,40.73
2008.0,40.74
2008.0,40.61
2008.0,40.61
2008.0,40.71
2008.0,40.7
2008.0,40.81
2008.0,40.81
2008.0,40.7
2008.0,40.68
2008.0,40.85
2008.0,40.86
2008.0,40.89
2008.0,40.9
2008.0,40.95
2008.0,40.96
2008.0,40.94
2008.0,40.94
2008.0,40.86
2008.0,40.86
2008.0,40.87
2008.0,40.87
2008.0,40.82
2008.0,40.83
2008.0,40.84
2008.0,40.82
2008.0,40.79
2008.0,40.79
2008.0,40.78
2008.0,40.79
2008.0,40.83
2008.0,40.84
2008.0,40.81
2008.0,40.8
2008.0,40.69
2008.0,40.7
2008.0,40.56
2008.0,40.58
2008.0,40.59
2008.0,40.59
2008.0,40.56
2008.0,40.56
2008.0,40.66
2008.0,40.68
2008.0,40.69
2008.0,40.69
2008.0,40.725
2008.0,40.74
2008.0,40.8
2008.0,40.8
2008.0,40.83
2008.0,40.82
2008.0,40.88
2008.0,40.9
2008.0,40.92
2008.0,40.92
2008.0,40.92
2008.0,40.92
2008.0,41.0
2008.0,41.0
2008.0,41.04
2008.0,41.06
2008.0,41.03
2008.0,41.05
2008.0,41.0
2008.0,41.0
2008.0,41.02
2008.0,41.02
2008.0,41.01
2008.0,41.01
2008.0,41.02
2008.0,41.03
2008.0,41.02
2008.0,41.02
2008.0,40.96
2008.0,40.96
2008.0,40.93
2008.0,40.93
2008.0,41.02
2008.0,41.02
2008.0,40.94
2008.0,40.93
2008.0,40.89
2008.0,40.87
2008.0,40.71
2008.0,40.68
2008.0,40.62
2008.0,40.62
2008.0,40.49
2008.0,40.4989
2008.0,40.5
2008.0,40.5
2008.0,40.55
2008.0,40.55
2008.0,40.62
2008.0,40.61
2008.0,40.66
2008.0,40.65
2008.0,40.73
2008.0,40.73
2008.0,40.64
2008.0,40.64
2008.0,40.6
2008.0,40.6
2008.0,40.71
2008.0,40.7
2008.0,40.71
2008.0,40.69
2008.0,40.84
2008.0,40.84
2008.0,40.91
2008.0,40.91
2008.0,40.98
2008.0,40.98
2008.0,41.02
2008.0,41.0
2008.0,40.9
2008.0,40.9
2008.0,40.9
2008.0,40.9
2008.0,40.9
2008.0,40.88
2008.0,40.84
2008.0,40.85
2008.0,40.7
2008.0,40.7
2008.0,40.72
2008.0,40.73
2008.0,40.73
2008.0,40.73
2008.0,40.74
2008.0,40.74
2008.0,40.76
2008.0,40.77
2008.0,40.67
2008.0,40.66
2008.0,40.72
2008.0,40.72
2008.0,40.715
2008.0,40.72
2008.0,40.87
2008.0,40.87
2008.0,40.91
2008.0,40.91
2008.0,40.92
2008.0,40.92
2008.0,40.94
2008.0,40.94
2008.0,40.99
2008.0,41.0
2008.0,41.06
2008.0,41.07
2008.0,41.06
2008.0,41.06
2008.0,40.98
2008.0,41.0001
2008.0,40.98
2008.0,40.99
2008.0,40.89
2008.0,40.9
2008.0,40.76
2008.0,40.76
2008.0,40.72
2008.0,40.73
2008.0,40.67
2008.0,40.64
2008.0,40.63
2008.0,40.63
2008.0,40.57
2008.0,40.57
2008.0,40.51
2008.0,40.51
2008.0,40.57
2008.0,40.5604
2008.0,40.5424
2008.0,40.5424
2008.0,40.6
2008.0,40.6
2008.0,40.54
2008.0,40.54
2008.0,40.51
2008.0,40.51
2008.0,40.47
2008.0,40.48
2008.0,40.53
2008.0,40.54
2008.0,40.54
2008.0,40.54
2008.0,40.41
2008.0,40.4
2008.0,40.37
2008.0,40.37
2008.0,40.27
2008.0,40.26
2008.0,40.25
2008.0,40.25
2008.0,40.33
2008.0,40.3428
2008.0,40.4
2008.0,40.39
2008.0,40.46
2008.0,40.46
2008.0,40.47
2008.0,40.47
2008.0,40.66
2008.0,40.67
2008.0,40.7
2008.0,40.7
2008.0,40.6801
2008.0,40.69
2008.0,40.7
2008.0,40.7
2008.0,40.71
2008.0,40.711
2008.0,40.6901
2008.0,40.71
2008.0,40.74
2008.0,40.74
2008.0,40.75
2008.0,40.76
2008.0,40.81
2008.0,40.82
2008.0,40.76
2008.0,40.76
2008.0,40.7
2008.0,40.71
2008.0,40.77
2008.0,40.77
2008.0,40.76
2008.0,40.76
2008.0,40.53
2008.0,40.55
2008.0,40.53
2008.0,40.52
2008.0,40.47
2008.0,40.48
2008.0,40.61
2008.0,40.61
2008.0,40.61
2008.0,40.59
2008.0,40.65
2008.0,40.63
2008.0,40.55
2008.0,40.56
2008.0,40.51
2008.0,40.51
2008.0,40.47
2008.0,40.47
2008.0,40.45
2008.0,40.46
2008.0,40.54
2008.0,40.53
2008.0,40.54
2008.0,40.55
2008.0,40.57
2008.0,40.6
2008.0,40.67
2008.0,40.65
2008.0,40.76
2008.0,40.75
2008.0,40.64
2008.0,40.63
2008.0,40.59
2008.0,40.6
2008.0,40.47
2008.0,40.47
2008.0,40.44
2008.0,40.43
2008.0,40.4
2008.0,40.4
2008.0,40.35
2008.0,40.35
2008.0,40.34
2008.0,40.33
2008.0,40.38
2008.0,40.38
2008.0,40.38
2008.0,40.38
2008.0,40.35
2008.0,40.34
2008.0,40.39
2008.0,40.38
2008.0,40.31
2008.0,40.31
2008.0,40.31
2008.0,40.31
2008.0,40.32
2008.0,40.32
2008.0,40.27
2008.0,40.28
2008.0,40.39
2008.0,40.39
2008.0,40.36
2008.0,40.37
2008.0,40.37
2008.0,40.35
2008.0,40.4
2008.0,40.38
2008.0,40.37
2008.0,40.37
2008.0,40.39
2008.0,40.39
2008.0,40.33
2008.0,40.33
2008.0,40.23
2008.0,40.23
2008.0,40.13
2008.0,40.13
2008.0,40.09
2008.0,40.09
2008.0,40.06
2008.0,40.05
2008.0,40.04
2008.0,40.04
2008.0,40.02
2008.0,40.02
2008.0,39.99
2008.0,39.99
2008.0,39.94
2008.0,39.94
2008.0,39.95
2008.0,39.95
2008.0,39.98
2008.0,39.98
2008.0,39.91
2008.0,39.92
2008.0,39.87
2008.0,39.87
2008.0,39.92
2008.0,39.92
2008.0,39.8254
2008.0,39.85
2008.0,39.78
2008.0,39.78
2008.0,39.78
2008.0,39.785
2008.0,39.76
2008.0,39.75
2008.0,39.72
2008.0,39.73
2008.0,39.74
2008.0,39.74
2008.0,39.71
2008.0,39.71
2008.0,39.67
2008.0,39.67
2008.0,39.61
2008.0,39.62
2008.0,39.61
2008.0,39.61
2008.0,39.55
2008.0,39.552
2008.0,39.51
2008.0,39.51
2008.0,39.5
2008.0,39.5
2008.0,39.52
2008.0,39.53
2008.0,39.52
2008.0,39.529
2008.0,39.57
2008.0,39.57
2008.0,39.54
2008.0,39.54
2008.0,39.5
2008.0,39.5
2008.0,39.5
2008.0,39.5
2008.0,39.44
2008.0,39.44
2008.0,39.36
2008.0,39.36
2008.0,39.38
2008.0,39.37
2008.0,39.41
2008.0,39.39
2008.0,39.35
2008.0,39.33
2008.0,39.35
2008.0,39.35
2008.0,39.33
2008.0,39.31
2008.0,39.26
2008.0,39.26
2008.0,39.25
2008.0,39.25
2008.0,39.27
2008.0,39.27
2008.0,39.22
2008.0,39.22
2008.0,39.19
2008.0,39.18
2008.0,39.21
2008.0,39.21
2008.0,39.21
2008.0,39.21
2008.0,39.26
2008.0,39.26
2008.0,39.26
2008.0,39.26
2008.0,39.29
2008.0,39.29
2008.0,39.31
2008.0,39.31
2008.0,39.33
2008.0,39.33
2008.0,39.34
2008.0,39.33
2008.0,39.35
2008.0,39.32
2008.0,39.2
2008.0,39.21
2008.0,39.2
2008.0,39.2
2008.0,39.2
2008.0,39.195
2008.0,39.22
2008.0,39.23
2008.0,39.29
2008.0,39.205
2008.0,39.25
2008.0,39.25
2008.0,39.29
2008.0,39.3
2008.0,39.25
2008.0,39.25
2008.0,39.22
2008.0,39.22
2008.0,39.2
2008.0,39.2
2008.0,39.35
2008.0,39.37
2008.0,39.48
2008.0,39.48
2008.0,39.52
2008.0,39.51
2008.0,39.43
2008.0,39.44
2008.0,39.42
2008.0,39.42
2008.0,39.39
2008.0,39.37
2008.0,39.55
2008.0,39.54
2008.0,39.51
2008.0,39.52
2008.0,39.52
2008.0,39.53
2008.0,39.5398
2008.0,39.52
2008.0,39.55
2008.0,39.56
2008.0,39.55
2008.0,39.55
2008.0,39.52
2008.0,39.51
2008.0,39.56
2008.0,39.57
2008.0,39.51
2008.0,39.5
2008.0,39.4875
2008.0,39.49
2008.0,39.47
2008.0,39.45
2008.0,39.325
2008.0,39.325
2008.0,39.31
2008.0,39.33
2008.0,39.28
2008.0,39.2965
2008.0,39.23
2008.0,39.23
2008.0,39.28
2008.0,39.29
2008.0,39.28
2008.0,39.28
2008.0,39.32
2008.0,39.34
2008.0,39.37
2008.0,39.38
2008.0,39.4801
2008.0,39.49
2008.0,39.46
2008.0,39.47
2008.0,39.57
2008.0,39.56
2008.0,39.55
2008.0,39.55
2008.0,39.53
2008.0,39.52
2008.0,39.5
2008.0,39.5
2008.0,39.52
2008.0,39.51
2008.0,39.48
2008.0,39.48
2008.0,39.5
2008.0,39.5
2008.0,39.48
2008.0,39.48
2008.0,39.3985
2008.0,39.39
2008.0,39.4
2008.0,39.4
2008.0,39.44
2008.0,39.44
2008.0,39.43
2008.0,39.43
2008.0,39.33
2008.0,39.35
2008.0,39.37
2008.0,39.34
2008.0,39.41
2008.0,39.43
2008.0,39.44
2008.0,39.44
2008.0,39.49
2008.0,39.5
2008.0,39.53
2008.0,39.54
2008.0,39.56
2008.0,39.56
2008.0,39.56
2008.0,39.56
2008.0,39.45
2008.0,39.45
2008.0,39.55
2008.0,39.56
2008.0,39.58
2008.0,39.58
2008.0,39.565
2008.0,39.57
2008.0,39.56
2008.0,39.55
2008.0,39.58
2008.0,39.57
2008.0,39.59
2008.0,39.59
2008.0,39.61
2008.0,39.6
2008.0,39.54
2008.0,39.54
2008.0,39.46
2008.0,39.46
2008.0,39.49
2008.0,39.49
2008.0,39.59
2008.0,39.6
2008.0,39.62
2008.0,39.62
2008.0,39.59
2008.0,39.59
2008.0,39.56
2008.0,39.55
2008.0,39.5802
2008.0,39.6
2008.0,39.6
2008.0,39.6
2008.0,39.57
2008.0,39.57
2008.0,39.67
2008.0,39.68
2008.0,39.75
2008.0,39.75
2008.0,39.8
2008.0,39.82
2008.0,39.86
2008.0,39.86
2008.0,39.86
2008.0,39.86
2008.0,39.84
2008.0,39.84
2008.0,39.88
2008.0,39.88
2008.0,39.8
2008.0,39.8
2008.0,39.8
2008.0,39.82
2008.0,39.86
2008.0,39.82
2008.0,39.92
2008.0,39.91
2008.0,40.01
2008.0,40.02
2008.0,40.1
2008.0,40.07
2008.0,40.0
2008.0,40.03
2008.0,40.03
2008.0,40.03
2008.0,40.0
2008.0,40.0
2008.0,40.09
2008.0,40.09
2008.0,40.08
2008.0,40.07
2008.0,40.19
2008.0,40.19
2008.0,40.16
2008.0,40.16
2008.0,40.04
2008.0,40.04
2008.0,40.0
2008.0,40.0
2008.0,39.97
2008.0,39.98
2008.0,39.99
2008.0,40.0
2008.0,40.02
2008.0,40.02
2008.0,40.13
2008.0,40.13
2008.0,40.14
2008.0,40.13
2008.0,40.15
2008.0,40.17
2008.0,40.13
2008.0,40.13
2008.0,40.08
2008.0,40.06
2008.0,40.05
2008.0,40.05
2008.0,40.08
2008.0,40.08
2008.0,40.01
2008.0,40.002
2008.0,40.07
2008.0,40.05
2008.0,40.045
2008.0,40.06
2008.0,40.03
2008.0,40.04
2008.0,39.98
2008.0,39.98
2008.0,39.99
2008.0,39.99
2008.0,39.99
2008.0,39.99
2008.0,40.02
2008.0,40.0
2008.0,40.07
2008.0,40.07
2008.0,40.11
2008.0,40.1101
2008.0,40.17
2008.0,40.17
2008.0,40.2
2008.0,40.21
2008.0,40.06
2008.0,40.06
2008.0,40.02
2008.0,40.03
2008.0,40.07
2008.0,40.08
2008.0,40.12
2008.0,40.11
2008.0,40.18
2008.0,40.18
2008.0,40.26
2008.0,40.26
2008.0,40.29
2008.0,40.26
2008.0,40.32
2008.0,40.32
2008.0,40.36
2008.0,40.34
2008.0,40.31
2008.0,40.31
2008.0,40.32
2008.0,40.3
2008.0,40.26
2008.0,40.28
2008.0,40.19
2008.0,40.19
2008.0,40.15
2008.0,40.15
2008.0,40.24
2008.0,40.21
2008.0,40.1715
2008.0,40.19
2008.0,40.18
2008.0,40.19
2008.0,40.27
2008.0,40.23
2008.0,40.25
2008.0,40.24
2008.0,40.34
2008.0,40.35
2008.0,40.31
2008.0,40.33
2008.0,40.3
2008.0,40.28
2008.0,40.26
2008.0,40.24
2008.0,40.25
2008.0,40.25
2008.0,40.25
2008.0,40.25
2008.0,40.25
2008.0,40.25
2008.0,40.25
2008.0,40.25
2008.0,40.2236
2008.0,40.22
2008.0,40.17
2008.0,40.17
2008.0,40.11
2008.0,40.11
2008.0,40.1
2008.0,40.1
2008.0,40.13
2008.0,40.14
2008.0,40.13
2008.0,40.13
2008.0,40.1264
2008.0,40.13
2008.0,39.97
2008.0,39.97
2008.0,39.95
2008.0,39.95
2008.0,39.93
2008.0,39.912
2008.0,39.86
2008.0,39.86
2008.0,39.86
2008.0,39.86
2008.0,39.81
2008.0,39.81
2008.0,39.79
2008.0,39.79
2008.0,39.8
2008.0,39.79
2008.0,39.83
2008.0,39.81
2008.0,39.86
2008.0,39.87
2008.0,39.85
2008.0,39.854
2008.0,39.71
2008.0,39.71
2008.0,39.6
2008.0,39.57
2008.0,39.59
2008.0,39.59
2008.0,39.53
2008.0,39.51
2008.0,39.48
2008.0,39.49
2008.0,39.57
2008.0,39.57
2008.0,39.51
2008.0,39.51
2008.0,39.59
2008.0,39.59
2008.0,39.59
2008.0,39.5915
2008.0,39.67
2008.0,39.66
2008.0,39.74
2008.0,39.74
2008.0,39.83
2008.0,39.81
2008.0,39.83
2008.0,39.83
2008.0,39.79
2008.0,39.78
2008.0,39.84
2008.0,39.88
2008.0,39.85
2008.0,39.84
2008.0,39.84
2008.0,39.85
2008.0,39.93
2008.0,39.92
2008.0,39.95
2008.0,39.95
2008.0,39.98
2008.0,39.98
2008.0,39.98
2008.0,39.96
2008.0,39.96
2008.0,39.95
2008.0,39.89
2008.0,39.89
2008.0,39.97
2008.0,39.97
2008.0,39.83
2008.0,39.83
2008.0,39.92
2008.0,39.92
2008.0,39.87
2008.0,39.88
2008.0,39.93
2008.0,39.92
2008.0,40.0
2008.0,40.0
2008.0,39.92
2008.0,39.92
2008.0,39.81
2008.0,39.81
2008.0,39.81
2008.0,39.81
2008.0,39.76
2008.0,39.76
2008.0,39.85
2008.0,39.84
2008.0,39.85
2008.0,39.86
2008.0,39.77
2008.0,39.78
2008.0,39.82
2008.0,39.792
2008.0,39.79
2008.0,39.79
2008.0,39.8
2008.0,39.8
2008.0,39.7
2008.0,39.7
2008.0,39.56
2008.0,39.56
2008.0,39.54
2008.0,39.56
2008.0,39.5
2008.0,39.52
2008.0,39.48
2008.0,39.48
2008.0,39.46
2008.0,39.47
2008.0,39.48
2008.0,39.49
2008.0,39.56
2008.0,39.56
2008.0,39.54
2008.0,39.53
2008.0,39.65
2008.0,39.65
2008.0,39.71
2008.0,39.71
2008.0,39.69
2008.0,39.71
2008.0,39.74
2008.0,39.74
2008.0,39.81
2008.0,39.81
2008.0,39.9
2008.0,39.9
2008.0,39.92
2008.0,39.94
2008.0,39.84
2008.0,39.84
2008.0,39.84
2008.0,39.84
2008.0,39.8
2008.0,39.8
2008.0,39.8
2008.0,39.8
2008.0,39.75
2008.0,39.7
2008.0,39.75
2008.0,39.74
2008.0,39.62
2008.0,39.61
2008.0,39.59
2008.0,39.58
2008.0,39.48
2008.0,39.48
2008.0,39.51
2008.0,39.51
2008.0,39.61
2008.0,39.61
2008.0,39.63
2008.0,39.63
2008.0,39.61
2008.0,39.61
2008.0,39.63
2008.0,39.63
2008.0,39.64
2008.0,39.64
2008.0,39.61
2008.0,39.6
2008.0,39.58
2008.0,39.57
2008.0,39.56
2008.0,39.56
2008.0,39.68
2008.0,39.68
2008.0,39.77
2008.0,39.77
2008.0,39.68
2008.0,39.67
2008.0,39.69
2008.0,39.69
2008.0,39.56
2008.0,39.55
2008.0,39.53
2008.0,39.5202
2008.0,39.58
2008.0,39.58
2008.0,39.5
2008.0,39.49
2008.0,39.55
2008.0,39.55
2008.0,39.57
2008.0,39.57
2008.0,39.66
2008.0,39.63
2008.0,39.62
2008.0,39.62
2008.0,39.64
2008.0,39.64
2008.0,39.66
2008.0,39.66
2008.0,39.62
2008.0,39.62
2008.0,39.65
2008.0,39.65
2008.0,39.7
2008.0,39.7
2008.0,39.72
2008.0,39.73
2008.0,39.85
2008.0,39.85
2008.0,39.94
2008.0,39.94
2008.0,40.0
2008.0,40.0
2008.0,40.01
2008.0,40.02
2008.0,40.03
2008.0,40.03
2008.0,39.93
2008.0,39.93
2008.0,39.96
2008.0,39.96
2008.0,39.86
2008.0,39.86
2008.0,39.83
2008.0,39.83
2008.0,39.82
2008.0,39.83
2008.0,39.92
2008.0,39.92
2008.0,39.99
2008.0,39.99
2008.0,40.0
2008.0,40.0
2008.0,39.96
2008.0,39.95
2008.0,39.87
2008.0,39.87
2008.0,40.01
2008.0,40.01
2008.0,40.0
2008.0,40.0
2008.0,39.98
2008.0,39.98
2008.0,40.0
2008.0,40.0
2008.0,40.02
2008.0,40.02
2008.0,40.03
2008.0,40.03
2008.0,40.05
2008.0,40.08
2008.0,40.07
2008.0,40.1
2008.0,40.16
2008.0,40.16
2008.0,40.17
2008.0,40.19
2008.0,40.13
2008.0,40.14
2008.0,40.24
2008.0,40.24
2008.0,40.25
2008.0,40.25
2008.0,40.28
2008.0,40.29
2008.0,40.36
2008.0,40.36
2008.0,40.39
2008.0,40.39
2008.0,40.33
2008.0,40.32
2008.0,40.32
2008.0,40.32
2008.0,40.31
2008.0,40.31
2008.0,40.33
2008.0,40.33
2008.0,40.3
2008.0,40.29
2008.0,40.22
2008.0,40.2
2008.0,40.25
2008.0,40.25
2008.0,40.23
2008.0,40.21
2008.0,40.2
2008.0,40.2
2008.0,40.18
2008.0,40.18
2008.0,40.18
2008.0,40.18
2008.0,40.18
2008.0,40.18
2008.0,40.16
2008.0,40.16
2008.0,40.11
2008.0,40.11
2008.0,40.09
2008.0,40.09
2008.0,40.07
2008.0,40.08
2008.0,40.03
2008.0,40.03
2008.0,40.0101
2008.0,40.01
2008.0,39.97
2008.0,39.97
2008.0,39.99
2008.0,39.96
2008.0,40.04
2008.0,40.04
2008.0,40.12
2008.0,40.12
2008.0,40.1
2008.0,40.1
2008.0,40.1125
2008.0,40.12
2008.0,40.15
2008.0,40.14
2008.0,40.07
2008.0,40.07
2008.0,40.11
2008.0,40.12
2008.0,40.11
2008.0,40.11
2008.0,40.05
2008.0,40.06
2008.0,40.05
2008.0,40.05
2008.0,40.05
2008.0,40.05
2008.0,40.05
2008.0,40.05
2008.0,40.05
2008.0,40.05
2008.0,40.08
2008.0,40.09
2008.0,40.07
2008.0,40.07
2008.0,40.1
2008.0,40.11
2008.0,40.1
2008.0,40.1
2008.0,40.04
2008.0,40.04
2008.0,40.07
2008.0,40.07
2008.0,40.05
2008.0,40.05
2008.0,40.09
2008.0,40.1
2008.0,40.06
2008.0,40.06
2008.0,40.01
2008.0,40.01
2008.0,40.1
2008.0,40.1
2008.0,40.14
2008.0,40.14
2008.0,40.11
2008.0,40.1
2008.0,40.08
2008.0,40.08
2008.0,40.1
2008.0,40.1
2008.0,40.11
2008.0,40.1
2008.0,40.13
2008.0,40.13
2008.0,40.21
2008.0,40.21
2008.0,40.28
2008.0,40.28
2008.0,40.39
2008.0,40.39
2008.0,40.43
2008.0,40.42
2008.0,40.51
2008.0,40.51
2008.0,40.54
2008.0,40.54
2008.0,40.55
2008.0,40.54
2008.0,40.56
2008.0,40.56
2008.0,40.57
2008.0,40.56
2008.0,40.56
2008.0,40.56
2008.0,40.56
2008.0,40.56
2008.0,40.57
2008.0,40.57
2008.0,40.56
2008.0,40.57
2008.0,40.56
2008.0,40.56
2008.0,40.54
2008.0,40.55
2008.0,40.52
2008.0,40.51
2008.0,40.54
2008.0,40.54
2008.0,40.55
2008.0,40.55
2008.0,40.64
2008.0,40.65
2008.0,40.62
2008.0,40.62
2008.0,40.62
2008.0,40.61
2008.0,40.56
2008.0,40.53
2008.0,40.56
2008.0,40.56
2008.0,40.6
2008.0,40.6
2008.0,40.58
2008.0,40.58
2008.0,40.55
2008.0,40.55
2008.0,40.51
2008.0,40.51
2008.0,40.5
2008.0,40.5
2008.0,40.52
2008.0,40.52
2008.0,40.51
2008.0,40.5
2008.0,40.4651
2008.0,40.46
2008.0,40.4601
2008.0,40.46
2008.0,40.44
2008.0,40.48
2008.0,40.45
2008.0,40.45
2008.0,40.45
2008.0,40.45
2008.0,40.56
2008.0,40.56
2008.0,40.6
2008.0,40.6
2008.0,40.65
2008.0,40.65
2008.0,40.67
2008.0,40.68
2008.0,40.68
2008.0,40.67
2008.0,40.67
2008.0,40.67
2008.0,40.64
2008.0,40.64
2008.0,40.67
2008.0,40.69
2008.0,40.62
2008.0,40.62
2008.0,40.59
2008.0,40.59
2008.0,40.62
2008.0,40.62
2008.0,40.62
2008.0,40.62
2008.0,40.58
2008.0,40.58
2008.0,40.59
2008.0,40.59
2008.0,40.58
2008.0,40.58
2008.0,40.59
2008.0,40.5925
2008.0,40.6
2008.0,40.6
2008.0,40.59
2008.0,40.59
2008.0,40.5801
2008.0,40.58
2008.0,40.56
2008.0,40.57
2008.0,40.55
2008.0,40.55
2008.0,40.56
2008.0,40.55
2008.0,39.8
2008.0,40.01
2008.0,39.86
2008.0,39.86
2008.0,40.17
2008.0,40.19
2008.0,40.16
2008.0,40.16
2008.0,40.06
2008.0,40.08
2008.0,40.05
2008.0,40.05
2008.0,40.15
2008.0,40.15
2008.0,40.11
2008.0,40.13
2008.0,40.06
2008.0,40.12
2008.0,40.31
2008.0,40.31
2008.0,40.39
2008.0,40.39
2008.0,40.4
2008.0,40.38
2008.0,40.4
2008.0,40.4
2008.0,40.42
2008.0,40.41
2008.0,40.36
2008.0,40.33
2008.0,40.26
2008.0,40.26
2008.0,40.12
2008.0,40.12
2008.0,40.36
2008.0,40.37
2008.0,40.4001
2008.0,40.4096
2008.0,40.58
2008.0,40.579
2008.0,40.64
2008.0,40.64
2008.0,40.7
2008.0,40.7
2008.0,40.59
2008.0,40.61
2008.0,40.57
2008.0,40.57
2008.0,40.59
2008.0,40.59
2008.0,40.62
2008.0,40.62
2008.0,40.7
2008.0,40.7
2008.0,40.68
2008.0,40.66
2008.0,40.78
2008.0,40.79
2008.0,40.81
2008.0,40.81
2008.0,40.85
2008.0,40.85
2008.0,40.84
2008.0,40.84
2008.0,40.79
2008.0,40.79
2008.0,40.73
2008.0,40.72
2008.0,40.74
2008.0,40.74
2008.0,40.76
2008.0,40.76
2008.0,40.89
2008.0,40.9
2008.0,40.96
2008.0,40.96
2008.0,40.96
2008.0,40.96
2008.0,40.96
2008.0,40.96
2008.0,40.94
2008.0,40.945
2008.0,40.89
2008.0,40.89
2008.0,40.8801
2008.0,40.8801
2008.0,40.92
2008.0,40.93
2008.0,40.895
2008.0,40.88
2008.0,40.92
2008.0,40.93
2008.0,41.01
2008.0,41.01
2008.0,41.07
2008.0,41.04
2008.0,41.2
2008.0,41.2
2008.0,41.24
2008.0,41.24
2008.0,41.29
2008.0,41.28
2008.0,41.265
2008.0,41.25
2008.0,41.24
2008.0,41.18
2008.0,41.09
2008.0,41.06
2008.0,41.106
2008.0,41.11
2008.0,41.055
2008.0,41.05
2008.0,41.0
2008.0,41.02
2008.0,40.94
2008.0,40.94
2008.0,40.85
2008.0,40.85
2008.0,40.875
2008.0,40.875
2008.0,40.93
2008.0,40.93
2008.0,40.86
2008.0,40.88
2008.0,40.92
2008.0,40.9
2008.0,40.99
2008.0,41.0
2008.0,40.89
2008.0,40.89
2008.0,40.88
2008.0,40.88
2008.0,40.84
2008.0,40.84
2008.0,40.87
2008.0,40.87
2008.0,40.89
2008.0,40.89
2008.0,40.84
2008.0,40.84
2008.0,40.75
2008.0,40.81
2008.0,40.79
2008.0,40.79
2008.0,40.72
2008.0,40.71
2008.0,40.8
2008.0,40.79
2008.0,40.8
2008.0,40.79
2008.0,40.9
2008.0,40.9
2008.0,40.86
2008.0,40.86
2008.0,40.85
2008.0,40.8518
2008.0,40.79
2008.0,40.79
2008.0,40.765
2008.0,40.74
2008.0,40.72
2008.0,40.72
2008.0,40.79
2008.0,40.78
2008.0,40.8302
2008.0,40.84
2008.0,40.88
2008.0,40.88
2008.0,41.03
2008.0,41.03
2008.0,41.11
2008.0,41.115
2008.0,41.13
2008.0,41.12
2008.0,41.11
2008.0,41.11
2008.0,41.06
2008.0,41.06
2008.0,41.05
2008.0,41.05
2008.0,41.08
2008.0,41.08
2008.0,41.04
2008.0,41.0498
2008.0,41.02
2008.0,41.05
2008.0,41.0
2008.0,41.0
2008.0,41.0
2008.0,41.0
2008.0,40.98
2008.0,40.98
2008.0,40.91
2008.0,40.92
2008.0,40.91
2008.0,40.91
2008.0,40.89
2008.0,40.89
2008.0,40.82
2008.0,40.81
2008.0,40.93
2008.0,40.91
2008.0,41.05
2008.0,41.05
2008.0,41.05
2008.0,41.05
2008.0,41.04
2008.0,41.0
2008.0,40.94
2008.0,40.94
2008.0,40.92
2008.0,40.92
2008.0,40.88
2008.0,40.9
2008.0,40.96
2008.0,40.95
2008.0,41.04
2008.0,41.03
2008.0,41.03
2008.0,41.02
2008.0,41.05
2008.0,41.05
2008.0,41.0
2008.0,41.0
2008.0,41.05
2008.0,41.05
2008.0,41.03
2008.0,41.03
2008.0,41.01
2008.0,41.03
2008.0,41.0
2008.0,41.0
2008.0,40.94
2008.0,40.95
2008.0,40.99
2008.0,40.99
2008.0,40.96
2008.0,40.97
2008.0,40.98
2008.0,40.99
2008.0,41.02
2008.0,40.99
2008.0,40.83
2008.0,40.83
2008.0,40.82
2008.0,40.8
2008.0,40.81
2008.0,40.81
2008.0,40.98
2008.0,40.97
2008.0,41.02
2008.0,41.03
2008.0,41.06
2008.0,41.06
2008.0,41.11
2008.0,41.12
2008.0,41.12
2008.0,41.12
2008.0,41.12
2008.0,41.11
2008.0,41.13
2008.0,41.14
2008.0,41.13
2008.0,41.12
2008.0,41.2
2008.0,41.2
2008.0,41.17
2008.0,41.17
2008.0,41.16
2008.0,41.16
2008.0,41.09
2008.0,41.09
2008.0,41.06
2008.0,41.07
2008.0,41.07
2008.0,41.1
2008.0,41.09
2008.0,41.12
2008.0,41.13
2008.0,41.13
2008.0,41.02
2008.0,41.0201
2008.0,40.96
2008.0,40.98
2008.0,40.95
2008.0,40.95
2008.0,40.9
2008.0,40.88
2008.0,40.78
2008.0,40.77
2008.0,40.75
2008.0,40.74
2008.0,40.74
2008.0,40.74
2008.0,40.71
2008.0,40.71
2008.0,40.7
2008.0,40.7
2008.0,40.65
2008.0,40.65
2008.0,40.74
2008.0,40.74
2008.0,40.74
2008.0,40.74
2008.0,40.74
2008.0,40.74
2008.0,40.74
2008.0,40.74
2008.0,40.76
2008.0,40.82
2008.0,40.84
2008.0,40.85
2008.0,40.86
2008.0,40.86
2008.0,40.84
2008.0,40.82
2008.0,40.88
2008.0,40.88
2008.0,40.801
2008.0,40.801
2008.0,40.74
2008.0,40.74
2008.0,40.81
2008.0,40.82
2008.0,40.98
2008.0,40.98
2008.0,41.0
2008.0,40.99
2008.0,40.94
2008.0,40.94
2008.0,40.98
2008.0,40.98
2008.0,41.04
2008.0,41.04
2008.0,41.08
2008.0,41.08
2008.0,41.09
2008.0,41.09
2008.0,41.06
2008.0,41.06
2008.0,41.09
2008.0,41.09
2008.0,41.04
2008.0,41.0599
2008.0,41.11
2008.0,41.11
2008.0,41.11
2008.0,41.11
2008.0,41.07
2008.0,41.07
2008.0,41.1
2008.0,41.1
2008.0,41.09
2008.0,41.09
2008.0,41.06
2008.0,41.07
2008.0,41.0
2008.0,41.0
2008.0,41.0
2008.0,41.02
2008.0,40.9
2008.0,40.87
2008.0,40.85
2008.0,40.85
2008.0,40.96
2008.0,40.98
2008.0,40.94
2008.0,40.94
2008.0,40.91
2008.0,40.92
2008.0,40.78
2008.0,40.78
2008.0,40.75
2008.0,40.75
2008.0,40.66
2008.0,40.66
2008.0,40.57
2008.0,40.6
2008.0,40.57
2008.0,40.59
2008.0,40.61
2008.0,40.61
2008.0,40.68
2008.0,40.68
2008.0,40.67
2008.0,40.65
2008.0,40.61
2008.0,40.605
2008.0,40.72
2008.0,40.73
2008.0,40.73
2008.0,40.74
2008.0,40.64
2008.0,40.65
2008.0,40.56
2008.0,40.56
2008.0,40.5
2008.0,40.5
2008.0,40.45
2008.0,40.46
2008.0,40.43
2008.0,40.43
2008.0,40.35
2008.0,40.36
2008.0,40.38
2008.0,40.38
2008.0,40.33
2008.0,40.33
2008.0,40.34
2008.0,40.34
2008.0,40.36
2008.0,40.36
2008.0,40.4
2008.0,40.4
2008.0,40.46
2008.0,40.46
2008.0,40.45
2008.0,40.45
2008.0,40.43
2008.0,40.41
2008.0,40.42
2008.0,40.41
2008.0,40.42
2008.0,40.42
2008.0,40.4
2008.0,40.4
2008.0,40.4
2008.0,40.39
2008.0,40.44
2008.0,40.45
2008.0,40.44
2008.0,40.41
2008.0,40.39
2008.0,40.41
2008.0,40.46
2008.0,40.47
2008.0,40.5
2008.0,40.5
2008.0,40.54
2008.0,40.54
2008.0,40.51
2008.0,40.52
2008.0,40.54
2008.0,40.54
2008.0,40.49
2008.0,40.49
2008.0,40.52
2008.0,40.53
2008.0,40.51
2008.0,40.51
2008.0,40.49
2008.0,40.49
2008.0,40.45
2008.0,40.45
2008.0,40.3425
2008.0,40.34
2008.0,40.48
2008.0,40.48
2008.0,40.3201
2008.0,40.32
2008.0,40.22
2008.0,40.21
2008.0,40.31
2008.0,40.31
2008.0,40.22
2008.0,40.23
2008.0,40.13
2008.0,40.1
2008.0,40.14
2008.0,40.14
2008.0,40.1
2008.0,40.09
2008.0,40.17
2008.0,40.17
2008.0,40.23
2008.0,40.22
2008.0,40.22
2008.0,40.22
2008.0,40.27
2008.0,40.27
2008.0,40.28
2008.0,40.29
2008.0,40.25
2008.0,40.285
2008.0,40.17
2008.0,40.16
2008.0,40.08
2008.0,40.07
2008.0,40.18
2008.0,40.18
2008.0,40.25
2008.0,40.24
2008.0,40.08
2008.0,40.11
2008.0,40.07
2008.0,40.07
2008.0,40.0
2008.0,40.0
2008.0,39.93
2008.0,39.91
2008.0,40.02
2008.0,40.03
2008.0,40.06
2008.0,40.06
2008.0,40.01
2008.0,40.0
2008.0,40.02
2008.0,40.02
2008.0,40.08
2008.0,40.1
2008.0,40.18
2008.0,40.17
2008.0,40.14
2008.0,40.17
2008.0,40.13
2008.0,40.13
2008.0,40.0
2008.0,40.0
2008.0,40.04
2008.0,40.04
2008.0,39.96
2008.0,39.97
2008.0,39.95
2008.0,39.96
2008.0,39.96
2008.0,39.96
2008.0,40.06
2008.0,40.07
2008.0,40.01
2008.0,40.01
2008.0,40.02
2008.0,40.04
2008.0,40.0
2008.0,40.0
2008.0,39.96
2008.0,39.93
2008.0,39.93
2008.0,39.9248
2008.0,40.09
2008.0,40.09
2008.0,40.13
2008.0,40.13
2008.0,40.17
2008.0,40.17
2008.0,40.23
2008.0,40.22
2008.0,40.21
2008.0,40.21
2008.0,40.26
2008.0,40.26
2008.0,40.12
2008.0,40.12
2008.0,40.11
2008.0,40.1
2008.0,40.12
2008.0,40.12
2008.0,39.98
2008.0,39.97
2008.0,40.08
2008.0,40.09
2008.0,40.17
2008.0,40.17
2008.0,40.18
2008.0,40.17
2008.0,40.21
2008.0,40.21
2008.0,40.15
2008.0,40.15
2008.0,40.02
2008.0,40.05
2008.0,40.07
2008.0,40.05
2008.0,40.0
2008.0,39.98
2008.0,40.0
2008.0,39.99
2008.0,40.02
2008.0,40.02
2008.0,40.07
2008.0,40.07
2008.0,40.03
2008.0,40.03
2008.0,39.97
2008.0,39.9403
2008.0,39.92
2008.0,39.92
2008.0,39.96
2008.0,39.97
2008.0,39.95
2008.0,39.95
2008.0,39.87
2008.0,39.87
2008.0,39.85
2008.0,39.85
2008.0,39.85
2008.0,39.85
2008.0,39.95
2008.0,39.96
2008.0,39.94
2008.0,39.96
2008.0,39.9
2008.0,39.9
2008.0,39.859
2008.0,39.859
2008.0,39.86
2008.0,39.86
2008.0,39.9201
2008.0,39.92
2008.0,40.0
2008.0,40.0
2008.0,39.9
2008.0,39.92
2008.0,39.85
2008.0,39.86
2008.0,39.85
2008.0,39.86
2008.0,39.85
2008.0,39.85
2008.0,39.8492
2008.0,39.81
2008.0,39.73
2008.0,39.73
2008.0,39.747
2008.0,39.75
2008.0,39.84
2008.0,39.84
2008.0,39.8299
2008.0,39.8299
2008.0,39.8
2008.0,39.81
2008.0,39.96
2008.0,39.96
2008.0,40.01
2008.0,40.01
2008.0,39.99
2008.0,39.99
2008.0,40.04
2008.0,40.04
2008.0,39.96
2008.0,39.96
2008.0,39.96
2008.0,39.96
2008.0,39.93
2008.0,39.93
2008.0,39.93
2008.0,39.93
2008.0,39.89
2008.0,39.89
2008.0,39.88
2008.0,39.88
2008.0,39.85
2008.0,39.85
2008.0,39.92
2008.0,39.92
2008.0,39.98
2008.0,39.98
2008.0,39.89
2008.0,39.89
2008.0,39.91
2008.0,39.91
2008.0,39.95
2008.0,39.92
2008.0,40.1
2008.0,40.12
2008.0,40.14
2008.0,40.14
2008.0,40.14
2008.0,40.14
2008.0,40.1018
2008.0,40.11
2008.0,40.05
2008.0,40.05
2008.0,40.21
2008.0,40.21
2008.0,40.2
2008.0,40.2
2008.0,40.27
2008.0,40.27
2008.0,40.31
2008.0,40.3
2008.0,40.2
2008.0,40.2
2008.0,40.27
2008.0,40.26
2008.0,40.19
2008.0,40.19
2008.0,40.18
2008.0,40.19
2008.0,40.14
2008.0,40.14
2008.0,40.13
2008.0,40.13
2008.0,40.14
2008.0,40.16
2008.0,40.07
2008.0,40.07
2008.0,40.08
2008.0,40.08
2008.0,40.12
2008.0,40.12
2008.0,40.099
2008.0,40.1
2008.0,40.15
2008.0,40.14
2008.0,40.2
2008.0,40.2
2008.0,40.18
2008.0,40.18
2008.0,40.18
2008.0,40.18
2008.0,40.19
2008.0,40.1701
2008.0,40.3
2008.0,40.3
2008.0,40.3
2008.0,40.3
2008.0,40.24
2008.0,40.24
2008.0,40.23
2008.0,40.23
2008.0,40.19
2008.0,40.18
2008.0,40.26
2008.0,40.27
2008.0,40.27
2008.0,40.27
2008.0,40.27
2008.0,40.28
2008.0,40.27
2008.0,40.27
2008.0,40.15
2008.0,40.15
2008.0,40.12
2008.0,40.11
2008.0,40.01
2008.0,40.01
2008.0,39.99
2008.0,39.99
2008.0,39.96
2008.0,39.97
2008.0,40.03
2008.0,40.04
2008.0,40.09
2008.0,40.06
2008.0,40.05
2008.0,40.02
2008.0,40.02
2008.0,40.02
2008.0,40.06
2008.0,40.06
2008.0,40.18
2008.0,40.19
2008.0,40.29
2008.0,40.3
2008.0,40.2335
2008.0,40.23
2008.0,40.1
2008.0,40.1
2008.0,40.08
2008.0,40.09
2008.0,40.05
2008.0,40.0406
2008.0,40.06
2008.0,40.04
2008.0,40.11
2008.0,40.11
2008.0,40.071
2008.0,40.1
2008.0,40.15
2008.0,40.15
2008.0,40.18
2008.0,40.19
2008.0,40.35
2008.0,40.35
2008.0,40.41
2008.0,40.42
2008.0,40.45
2008.0,40.45
2008.0,40.38
2008.0,40.38
2008.0,40.3
2008.0,40.3
2008.0,40.24
2008.0,40.27
2008.0,40.31
2008.0,40.32
2008.0,40.34
2008.0,40.34
2008.0,40.25
2008.0,40.25
2008.0,40.3
2008.0,40.283
2008.0,40.19
2008.0,40.19
2008.0,40.12
2008.0,40.1
2008.0,40.07
2008.0,40.07
2008.0,40.09
2008.0,40.095
2008.0,39.92
2008.0,39.92
2008.0,39.83
2008.0,39.83
2008.0,39.8
2008.0,39.81
2008.0,39.8
2008.0,39.82
2008.0,39.8935
2008.0,39.9
2008.0,39.82
2008.0,39.83
2008.0,39.99
2008.0,39.98
2008.0,40.0
2008.0,40.05
2008.0,40.04
2008.0,40.03
2008.0,40.0
2008.0,40.01
2008.0,40.04
2008.0,40.06
2008.0,40.04
2008.0,40.04
2008.0,40.1
2008.0,40.1
2008.0,40.2
2008.0,40.1983
2008.0,40.16
2008.0,40.16
2008.0,40.08
2008.0,40.07
2008.0,40.06
2008.0,40.06
2008.0,39.99
2008.0,39.99
2008.0,39.96
2008.0,39.96
2008.0,39.86
2008.0,39.85
2008.0,39.84
2008.0,39.83
2008.0,39.75
2008.0,39.75
2008.0,39.77
2008.0,39.77
2008.0,39.71
2008.0,39.72
2008.0,39.71
2008.0,39.71
2008.0,39.71
2008.0,39.71
2008.0,39.71
2008.0,39.71
2008.0,39.7
2008.0,39.71
2008.0,39.72
2008.0,39.72
2008.0,39.71
2008.0,39.71
2008.0,39.6
2008.0,39.59
2008.0,39.63
2008.0,39.63
2008.0,39.5
2008.0,39.5
2008.0,39.5
2008.0,39.5
2008.0,39.55
2008.0,39.54
2008.0,39.53
2008.0,39.54
2008.0,39.54
2008.0,39.54
2008.0,39.51
2008.0,39.51
2008.0,39.6
2008.0,39.6
2008.0,39.58
2008.0,39.58
2008.0,39.65
2008.0,39.6436
2008.0,39.62
2008.0,39.62
2008.0,39.69
2008.0,39.69
2008.0,39.66
2008.0,39.68
2008.0,39.66
2008.0,39.64
2008.0,39.58
2008.0,39.58
2008.0,39.52
2008.0,39.52
2008.0,39.52
2008.0,39.52
2008.0,39.53
2008.0,39.5382
2008.0,39.5
2008.0,39.5
2008.0,39.5
2008.0,39.46
2008.0,39.42
2008.0,39.42
2008.0,39.43
2008.0,39.44
2008.0,39.39
2008.0,39.4
2008.0,39.33
2008.0,39.33
2008.0,39.25
2008.0,39.25
2008.0,39.32
2008.0,39.31
2008.0,39.35
2008.0,39.34
2008.0,39.29
2008.0,39.3
2008.0,39.26
2008.0,39.26
2008.0,39.34
2008.0,39.33
2008.0,39.39
2008.0,39.41
2008.0,39.36
2008.0,39.33
2008.0,39.36
2008.0,39.35
2008.0,39.25
2008.0,39.22
2008.0,39.29
2008.0,39.28
2008.0,39.35
2008.0,39.35
2008.0,39.25
2008.0,39.29
2008.0,39.3
2008.0,39.28
2008.0,39.27
2008.0,39.26
2008.0,39.25
2008.0,39.25
2008.0,39.26
2008.0,39.25
2008.0,39.11
2008.0,39.12
2008.0,39.03
2008.0,39.03
2008.0,39.11
2008.0,39.11
2008.0,39.08
2008.0,39.071
2008.0,39.17
2008.0,39.17
2008.0,39.09
2008.0,39.1
2008.0,39.23
2008.0,39.23
2008.0,39.15
2008.0,39.15
2008.0,39.22
2008.0,39.22
2008.0,39.23
2008.0,39.21
2008.0,39.14
2008.0,39.14
2008.0,39.09
2008.0,39.09
2008.0,39.05
2008.0,39.05
2008.0,39.01
2008.0,39.01
2008.0,39.0
2008.0,39.0
2008.0,39.0
2008.0,39.0
2008.0,39.04
2008.0,39.05
2008.0,39.1244
2008.0,39.13
2008.0,39.09
2008.0,39.08
2008.0,38.95
2008.0,38.95
2008.0,38.94
2008.0,38.93
2008.0,38.95
2008.0,38.96
2008.0,38.96
2008.0,38.96
2008.0,38.96
2008.0,38.98
2008.0,38.91
2008.0,38.91
2008.0,38.98
2008.0,38.97
2008.0,38.95
2008.0,38.95
2008.0,38.96
2008.0,38.96
2008.0,38.93
2008.0,38.93
2008.0,38.92
2008.0,38.91
2008.0,38.9
2008.0,38.91
2008.0,38.8
2008.0,38.8
2008.0,38.79
2008.0,38.79
2008.0,38.7
2008.0,38.7
2008.0,38.74
2008.0,38.74
2008.0,38.8
2008.0,38.8
2008.0,38.75
2008.0,38.75
2008.0,38.62
2008.0,38.62
2008.0,38.7
2008.0,38.7
2008.0,38.68
2008.0,38.67
2008.0,38.72
2008.0,38.705
2008.0,38.63
2008.0,38.64
2008.0,38.7
2008.0,38.71
2008.0,38.63
2008.0,38.65
2008.0,38.72
2008.0,38.71
2008.0,38.69
2008.0,38.68
2008.0,38.67
2008.0,38.67
2008.0,38.72
2008.0,38.71
2008.0,38.7
2008.0,38.71
2008.0,38.64
2008.0,38.65
2008.0,38.61
2008.0,38.6
2008.0,38.56
2008.0,38.54
2008.0,38.61
2008.0,38.59
2008.0,38.6
2008.0,38.603
2008.0,38.56
2008.0,38.5675
2008.0,38.54
2008.0,38.55
2008.0,38.55
2008.0,38.55
2008.0,38.6
2008.0,38.605
2008.0,38.62
2008.0,38.63
2008.0,38.61
2008.0,38.61
2008.0,38.58
2008.0,38.58
2008.0,38.57
2008.0,38.57
2008.0,38.59
2008.0,38.59
2008.0,38.57
2008.0,38.57
2008.0,38.532
2008.0,38.54
2008.0,38.55
2008.0,38.54
2008.0,38.58
2008.0,38.58
2008.0,38.57
2008.0,38.57
2008.0,38.6
2008.0,38.6
2008.0,38.725
2008.0,38.73
2008.0,38.77
2008.0,38.77
2008.0,38.83
2008.0,38.81
2008.0,38.87
2008.0,38.87
2008.0,38.89
2008.0,38.89
2008.0,38.86
2008.0,38.86
2008.0,38.79
2008.0,38.79
2008.0,38.88
2008.0,38.89
2008.0,38.86
2008.0,38.86
2008.0,38.88
2008.0,38.88
2008.0,38.84
2008.0,38.84
2008.0,38.85
2008.0,38.84
2008.0,38.84
2008.0,38.84
2008.0,38.8
2008.0,38.8
2008.0,38.77
2008.0,38.77
2008.0,38.87
2008.0,38.89
2008.0,38.93
2008.0,38.93
2008.0,39.0
2008.0,39.0
2008.0,39.02
2008.0,39.02
2008.0,39.06
2008.0,39.05
2008.0,39.05
2008.0,39.05
2008.0,39.03
2008.0,39.04
2008.0,38.95
2008.0,38.93
2008.0,38.94
2008.0,38.96
2008.0,38.93
2008.0,38.93
2008.0,38.86
2008.0,38.86
2008.0,38.89
2008.0,38.9
2008.0,38.84
2008.0,38.83
2008.0,38.94
2008.0,38.94
2008.0,38.93
2008.0,38.91
2008.0,38.87
2008.0,38.86
2008.0,38.85
2008.0,38.85
2008.0,38.83
2008.0,38.83
2008.0,38.79
2008.0,38.79
2008.0,38.79
2008.0,38.79
2008.0,38.78
2008.0,38.78
2008.0,38.8
2008.0,38.81
2008.0,38.8067
2008.0,38.79
2008.0,38.8
2008.0,38.8
2008.0,38.76
2008.0,38.76
2008.0,38.78
2008.0,38.79
2008.0,38.8
2008.0,38.8
2008.0,38.79
2008.0,38.79
2008.0,38.81
2008.0,38.82
2008.0,38.83
2008.0,38.81
2008.0,38.74
2008.0,38.73
2008.0,38.67
2008.0,38.66
2008.0,38.61
2008.0,38.61
2008.0,38.61
2008.0,38.59
2008.0,38.6
2008.0,38.6
2008.0,38.64
2008.0,38.61
2008.0,38.62
2008.0,38.62
2008.0,38.62
2008.0,38.62
2008.0,38.75
2008.0,38.74
2008.0,38.77
2008.0,38.77
2008.0,38.66
2008.0,38.66
2008.0,38.73
2008.0,38.73
2008.0,38.73
2008.0,38.73
2008.0,38.78
2008.0,38.78
2008.0,38.83
2008.0,38.83
2008.0,38.92
2008.0,38.92
2008.0,39.0
2008.0,39.0
2008.0,39.1
2008.0,39.07
2008.0,39.11
2008.0,39.11
2008.0,39.09
2008.0,39.1
2008.0,39.1
2008.0,39.1
2008.0,39.11
2008.0,39.12
2008.0,39.11
2008.0,39.1
2008.0,39.07
2008.0,39.07
2008.0,39.05
2008.0,39.05
2008.0,39.08
2008.0,39.08
2008.0,39.2
2008.0,39.2
2008.0,39.19
2008.0,39.19
2008.0,39.15
2008.0,39.15
2008.0,39.13
2008.0,39.16
2008.0,39.1
2008.0,39.1
2008.0,39.09
2008.0,39.14
2008.0,39.15
2008.0,39.15
2008.0,39.14
2008.0,39.15
2008.0,39.14
2008.0,39.15
2008.0,39.1
2008.0,39.1
2008.0,39.13
2008.0,39.15
2008.0,39.18
2008.0,39.17
2008.0,39.15
2008.0,39.15
2008.0,38.99
2008.0,38.99
2008.0,38.27
2008.0,38.25
2008.0,38.09
2008.0,38.09
2008.0,38.19
2008.0,38.19
2008.0,38.02
2008.0,38.02
2008.0,37.99
2008.0,38.01
2008.0,37.9
2008.0,37.9
2008.0,37.8433
2008.0,37.87
2008.0,37.65
2008.0,37.64
2008.0,37.68
2008.0,37.68
2008.0,37.65
2008.0,37.665
2008.0,37.5
2008.0,37.5
2008.0,37.51
2008.0,37.51
2008.0,37.495
2008.0,37.495
2008.0,37.46
2008.0,37.465
2008.0,37.49
2008.0,37.5
2008.0,37.47
2008.0,37.47
2008.0,37.51
2008.0,37.52
2008.0,37.55
2008.0,37.56
2008.0,37.7
2008.0,37.7
2008.0,37.85
2008.0,37.84
2008.0,37.85
2008.0,37.85
2008.0,37.71
2008.0,37.71
2008.0,37.74
2008.0,37.74
2008.0,37.73
2008.0,37.73
2008.0,37.58
2008.0,37.58
2008.0,37.53
2008.0,37.52
2008.0,37.57
2008.0,37.57
2008.0,37.59
2008.0,37.59
2008.0,37.57
2008.0,37.59
2008.0,37.73
2008.0,37.73
2008.0,37.66
2008.0,37.65
2008.0,37.6064
2008.0,37.62
2008.0,37.63
2008.0,37.63
2008.0,37.66
2008.0,37.65
2008.0,37.7
2008.0,37.7
2008.0,37.66
2008.0,37.66
2008.0,37.56
2008.0,37.56
2008.0,37.63
2008.0,37.63
2008.0,37.58
2008.0,37.58
2008.0,37.55
2008.0,37.56
2008.0,37.47
2008.0,37.47
2008.0,37.47
2008.0,37.44
2008.0,37.43
2008.0,37.44
2008.0,37.4
2008.0,37.4
2008.0,37.46
2008.0,37.44
2008.0,37.33
2008.0,37.33
2008.0,37.3
2008.0,37.3
2008.0,37.28
2008.0,37.28
2008.0,37.22
2008.0,37.22
2008.0,37.28
2008.0,37.3
2008.0,37.21
2008.0,37.21
2008.0,37.15
2008.0,37.15
2008.0,37.15
2008.0,37.14
2008.0,37.1165
2008.0,37.11
2008.0,37.1
2008.0,37.1
2008.0,37.12
2008.0,37.11
2008.0,37.15
2008.0,37.15
2008.0,37.18
2008.0,37.17
2008.0,37.2
2008.0,37.2
2008.0,37.25
2008.0,37.27
2008.0,37.27
2008.0,37.27
2008.0,37.19
2008.0,37.19
2008.0,37.18
2008.0,37.18
2008.0,37.22
2008.0,37.2
2008.0,37.18
2008.0,37.19
2008.0,37.15
2008.0,37.15
2008.0,37.16
2008.0,37.15
2008.0,37.19
2008.0,37.19
2008.0,37.2
2008.0,37.2
2008.0,37.18
2008.0,37.18
2008.0,37.16
2008.0,37.17
2008.0,37.14
2008.0,37.14
2008.0,37.14
2008.0,37.13
2008.0,37.15
2008.0,37.15
2008.0,37.2
2008.0,37.2
2008.0,37.18
2008.0,37.2
2008.0,37.18
2008.0,37.18
2008.0,37.11
2008.0,37.12
2008.0,37.09
2008.0,37.08
2008.0,37.14
2008.0,37.11
2008.0,37.2
2008.0,37.2
2008.0,37.18
2008.0,37.18
2008.0,37.16
2008.0,37.15
2008.0,37.16
2008.0,37.16
2008.0,37.09
2008.0,37.09
2008.0,37.07
2008.0,37.07
2008.0,37.05
2008.0,37.05
2008.0,37.03
2008.0,37.03
2008.0,37.0
2008.0,37.0
2008.0,37.0
2008.0,37.0
2008.0,37.01
2008.0,37.01
2008.0,37.0
2008.0,37.0
2008.0,36.98
2008.0,36.97
2008.0,36.96
2008.0,36.96
2008.0,36.92
2008.0,36.92
2008.0,36.93
2008.0,36.921
2008.0,36.9
2008.0,36.87
2008.0,36.81
2008.0,36.81
2008.0,36.89
2008.0,36.889
2008.0,36.95
2008.0,36.95
2008.0,36.89
2008.0,36.89
2008.0,36.82
2008.0,36.8
2008.0,36.7501
2008.0,36.75
2008.0,36.72
2008.0,36.73
2008.0,36.73
2008.0,36.74
2008.0,36.75
2008.0,36.75
2008.0,36.69
2008.0,36.69
2008.0,36.65
2008.0,36.67
2008.0,36.6501
2008.0,36.665
2008.0,36.695
2008.0,36.695
2008.0,36.77
2008.0,36.75
2008.0,36.84
2008.0,36.84
2008.0,36.74
2008.0,36.75
2008.0,36.67
2008.0,36.6898
2008.0,36.65
2008.0,36.65
2008.0,36.63
2008.0,36.63
2008.0,36.6
2008.0,36.6
2008.0,36.59
2008.0,36.57
2008.0,36.56
2008.0,36.56
2008.0,36.57
2008.0,36.58
2008.0,36.55
2008.0,36.55
2008.0,36.56
2008.0,36.56
2008.0,36.57
2008.0,36.57
2008.0,36.54
2008.0,36.54
2008.0,36.56
2008.0,36.56
2008.0,36.6
2008.0,36.6
2008.0,36.63
2008.0,36.62
2008.0,36.63
2008.0,36.63
2008.0,36.68
2008.0,36.68
2008.0,36.65
2008.0,36.65
2008.0,36.65
2008.0,36.65
2008.0,36.6
2008.0,36.6
2008.0,36.6
2008.0,36.6
2008.0,36.57
2008.0,36.5502
2008.0,36.55
2008.0,36.54
2008.0,36.57
2008.0,36.55
2008.0,36.58
2008.0,36.58
2008.0,36.6
2008.0,36.6
2008.0,36.63
2008.0,36.63
2008.0,36.63
2008.0,36.63
2008.0,36.61
2008.0,36.61
2008.0,36.57
2008.0,36.56
2008.0,36.61
2008.0,36.61
2008.0,36.6
2008.0,36.6
2008.0,36.57
2008.0,36.57
2008.0,36.6
2008.0,36.6
2008.0,36.6
2008.0,36.6
2008.0,36.64
2008.0,36.64
2008.0,36.64
2008.0,36.64
2008.0,36.69
2008.0,36.69
2008.0,36.619
2008.0,36.65
2008.0,36.6
2008.0,36.6
2008.0,36.57
2008.0,36.58
2008.0,36.59
2008.0,36.59
2008.0,36.66
2008.0,36.65
2008.0,36.7
2008.0,36.7
2008.0,36.65
2008.0,36.65
2008.0,36.65
2008.0,36.65
2008.0,36.68
2008.0,36.68
2008.0,36.73
2008.0,36.73
2008.0,36.8
2008.0,36.81
2008.0,36.79
2008.0,36.79
2008.0,36.66
2008.0,36.66
2008.0,36.59
2008.0,36.59
2008.0,36.6
2008.0,36.61
2008.0,36.65
2008.0,36.65
2008.0,36.66
2008.0,36.66
2008.0,36.73
2008.0,36.73
2008.0,36.65
2008.0,36.6499
2008.0,36.56
2008.0,36.56
2008.0,36.54
2008.0,36.55
2008.0,36.51
2008.0,36.51
2008.0,36.56
2008.0,36.5599
2008.0,36.52
2008.0,36.52
2008.0,36.5
2008.0,36.53
2008.0,36.5
2008.0,36.5
2008.0,36.44
2008.0,36.47
2008.0,36.47
2008.0,36.47
2008.0,36.47
2008.0,36.47
2008.0,36.51
2008.0,36.52
2008.0,36.57
2008.0,36.55
2008.0,36.55
2008.0,36.55
2008.0,36.48
2008.0,36.48
2008.0,36.48
2008.0,36.47
2008.0,36.48
2008.0,36.48
2008.0,36.51
2008.0,36.51
2008.0,36.45
2008.0,36.46
2008.0,36.49
2008.0,36.51
2008.0,36.44
2008.0,36.45
2008.0,36.44
2008.0,36.43
2008.0,36.56
2008.0,36.56
2008.0,36.52
2008.0,36.52
2008.0,36.62
2008.0,36.62
2008.0,36.67
2008.0,36.67
2008.0,36.8
2008.0,36.78
2008.0,36.8
2008.0,36.81
2008.0,36.82
2008.0,36.82
2008.0,36.86
2008.0,36.86
2008.0,36.7
2008.0,36.7
2008.0,36.65
2008.0,36.65
2008.0,36.62
2008.0,36.62
2008.0,36.67
2008.0,36.68
2008.0,36.66
2008.0,36.66
2008.0,36.54
2008.0,36.54
2008.0,36.57
2008.0,36.57
2008.0,36.5
2008.0,36.5
2008.0,36.45
2008.0,36.49
2008.0,36.52
2008.0,36.47
2008.0,36.56
2008.0,36.56
2008.0,36.52
2008.0,36.52
2008.0,36.6
2008.0,36.6
2008.0,36.72
2008.0,36.72
2008.0,36.74
2008.0,36.74
2008.0,36.74
2008.0,36.75
2008.0,36.8
2008.0,36.8
2008.0,36.74
2008.0,36.74
2008.0,36.69
2008.0,36.69
2008.0,36.64
2008.0,36.61
2008.0,36.6
2008.0,36.604
2008.0,36.53
2008.0,36.53
2008.0,36.57
2008.0,36.55
2008.0,36.68
2008.0,36.68
2008.0,36.64
2008.0,36.65
2008.0,36.62
2008.0,36.63
2008.0,36.58
2008.0,36.57
2008.0,36.495
2008.0,36.495
2008.0,36.49
2008.0,36.49
2008.0,36.485
2008.0,36.485
2008.0,36.485
2008.0,36.4875
2008.0,36.47
2008.0,36.475
2008.0,36.47
2008.0,36.47
2008.0,36.44
2008.0,36.42
2008.0,36.36
2008.0,36.36
2008.0,36.32
2008.0,36.32
2008.0,36.33
2008.0,36.325
2008.0,36.3075
2008.0,36.3
2008.0,36.3
2008.0,36.29
2008.0,36.36
2008.0,36.38
2008.0,36.44
2008.0,36.458
2008.0,36.37
2008.0,36.39
2008.0,36.4501
2008.0,36.4501
2008.0,36.56
2008.0,36.56
2008.0,36.68
2008.0,36.66
2008.0,36.6776
2008.0,36.67
2008.0,36.64
2008.0,36.63
2008.0,36.6766
2008.0,36.67
2008.0,36.69
2008.0,36.72
2008.0,36.71
2008.0,36.71
2008.0,36.65
2008.0,36.63
2008.0,36.73
2008.0,36.73
2008.0,36.64
2008.0,36.66
2008.0,36.68
2008.0,36.68
2008.0,36.7
2008.0,36.7
2008.0,36.8
2008.0,36.76
2008.0,36.84
2008.0,36.83
2008.0,36.82
2008.0,36.82
2008.0,36.81
2008.0,36.8
2008.0,36.92
2008.0,36.92
2008.0,36.81
2008.0,36.8
2008.0,36.82
2008.0,36.83
2008.0,36.88
2008.0,36.86
2008.0,36.79
2008.0,36.81
2008.0,36.79
2008.0,36.79
2008.0,36.76
2008.0,36.765
2008.0,36.71
2008.0,36.71
2008.0,36.7
2008.0,36.7
2008.0,36.75
2008.0,36.75
2008.0,36.72
2008.0,36.73
2008.0,36.67
2008.0,36.67
2008.0,36.68
2008.0,36.6501
2008.0,36.66
2008.0,36.66
2008.0,36.57
2008.0,36.57
2008.0,36.52
2008.0,36.515
2008.0,36.46
2008.0,36.465
2008.0,36.41
2008.0,36.41
2008.0,36.47
2008.0,36.47
2008.0,36.52
2008.0,36.51
2008.0,36.47
2008.0,36.48
2008.0,36.47
2008.0,36.47
2008.0,36.48
2008.0,36.48
2008.0,36.5
2008.0,36.5
2008.0,36.505
2008.0,36.505
2008.0,36.455
2008.0,36.455
2008.0,36.45
2008.0,36.44
2008.0,36.39
2008.0,36.39
2008.0,36.399
2008.0,36.3975
2008.0,36.47
2008.0,36.465
2008.0,36.47
2008.0,36.47
2008.0,36.48
2008.0,36.49
2008.0,36.67
2008.0,36.66
2008.0,36.6352
2008.0,36.62
2008.0,36.63
2008.0,36.63
2008.0,36.59
2008.0,36.59
2008.0,36.55
2008.0,36.55
2008.0,36.47
2008.0,36.465
2008.0,36.445
2008.0,36.445
2008.0,36.46
2008.0,36.46
2008.0,36.425
2008.0,36.42
2008.0,36.3575
2008.0,36.36
2008.0,36.37
2008.0,36.37
2008.0,36.43
2008.0,36.43
2008.0,36.35
2008.0,36.36
2008.0,36.35
2008.0,36.35
2008.0,36.37
2008.0,36.36
2008.0,36.37
2008.0,36.36
2008.0,36.4
2008.0,36.4
2008.0,36.5
2008.0,36.49
2008.0,36.51
2008.0,36.5182
2008.0,36.4
2008.0,36.42
2008.0,36.46
2008.0,36.46
2008.0,36.49
2008.0,36.49
2008.0,36.4
2008.0,36.41
2008.0,36.39
2008.0,36.38
2008.0,36.34
2008.0,36.33
2008.0,36.37
2008.0,36.37
2008.0,36.35
2008.0,36.35
2008.0,36.3246
2008.0,36.31
2008.0,36.38
2008.0,36.38
2008.0,36.38
2008.0,36.378
2008.0,36.37
2008.0,36.37
2008.0,36.3
2008.0,36.3
2008.0,36.34
2008.0,36.34
2008.0,36.36
2008.0,36.36
2008.0,36.42
2008.0,36.4201
2008.0,36.48
2008.0,36.48
2008.0,36.41
2008.0,36.4
2008.0,36.35
2008.0,36.35
2008.0,36.45
2008.0,36.45
2008.0,36.4105
2008.0,36.42
2008.0,36.37
2008.0,36.38
2008.0,36.51
2008.0,36.51
2008.0,36.58
2008.0,36.57
2008.0,36.63
2008.0,36.63
2008.0,36.61
2008.0,36.638
2008.0,36.55
2008.0,36.55
2008.0,36.64
2008.0,36.669
2008.0,36.68
2008.0,36.68
2008.0,36.76
2008.0,36.76
2008.0,36.73
2008.0,36.73
2008.0,36.73
2008.0,36.73
2008.0,36.75
2008.0,36.72
2008.0,36.55
2008.0,36.56
2008.0,36.6
2008.0,36.6
2008.0,36.59
2008.0,36.58
2008.0,36.57
2008.0,36.57
2008.0,36.63
2008.0,36.64
2008.0,36.76
2008.0,36.77
2008.0,36.8
2008.0,36.8
2008.0,36.8
2008.0,36.81
2008.0,36.89
2008.0,36.88
2008.0,36.85
2008.0,36.85
2008.0,36.83
2008.0,36.86
2008.0,36.88
2008.0,36.88
2008.0,36.81
2008.0,36.81
2008.0,36.88
2008.0,36.88
2008.0,36.78
2008.0,36.785
2008.0,36.79
2008.0,36.79
2008.0,36.85
2008.0,36.85
2008.0,36.88
2008.0,36.88
2008.0,36.9294
2008.0,36.91
2008.0,36.94
2008.0,36.94
2008.0,36.91
2008.0,36.91
2008.0,36.831
2008.0,36.85
2008.0,36.85
2008.0,36.85
2008.0,36.88
2008.0,36.88
2008.0,36.74
2008.0,36.74
2008.0,36.77
2008.0,36.77
2008.0,36.84
2008.0,36.83
2008.0,36.89
2008.0,36.9
2008.0,36.97
2008.0,36.97
2008.0,37.04
2008.0,37.05
2008.0,37.0
2008.0,37.0
2008.0,37.0
2008.0,37.0
2008.0,36.99
2008.0,36.99
2008.0,36.915
2008.0,36.92
2008.0,36.89
2008.0,36.89
2008.0,36.89
2008.0,36.9
2008.0,36.94
2008.0,36.94
2008.0,36.95
2008.0,36.96
2008.0,37.0
2008.0,36.97
2008.0,36.95
2008.0,36.95
2008.0,36.93
2008.0,36.9
2008.0,36.88
2008.0,36.89
2008.0,36.88
2008.0,36.88
2008.0,36.87
2008.0,36.87
2008.0,36.95
2008.0,36.95
2008.0,36.94
2008.0,36.9456
2008.0,36.99
2008.0,36.99
2008.0,37.03
2008.0,37.03
2008.0,37.09
2008.0,37.09
2008.0,37.12
2008.0,37.13
2008.0,37.13
2008.0,37.11
2008.0,37.09
2008.0,37.09
2008.0,37.02
2008.0,37.02
2008.0,36.94
2008.0,36.94
2008.0,36.98
2008.0,36.98
2008.0,37.02
2008.0,37.02
2008.0,36.94
2008.0,36.94
2008.0,36.94
2008.0,36.95
2008.0,37.1
2008.0,37.1
2008.0,37.09
2008.0,37.09
2008.0,36.96
2008.0,36.9618
2008.0,36.86
2008.0,36.88
2008.0,36.81
2008.0,36.83
2008.0,36.78
2008.0,36.78
2008.0,36.78
2008.0,36.78
2008.0,36.88
2008.0,36.8846
2008.0,36.91
2008.0,36.89
2008.0,36.95
2008.0,36.95
2008.0,36.95
2008.0,36.95
2008.0,36.93
2008.0,36.93
2008.0,36.85
2008.0,36.85
2008.0,36.8
2008.0,36.81
2008.0,36.84
2008.0,36.8399
2008.0,36.73
2008.0,36.74
2008.0,36.84
2008.0,36.84
2008.0,36.87
2008.0,36.89
2008.0,36.93
2008.0,36.912
2008.0,36.89
2008.0,36.89
2008.0,36.91
2008.0,36.91
2008.0,36.83
2008.0,36.83
2008.0,36.76
2008.0,36.76
2008.0,36.851
2008.0,36.86
2008.0,36.89
2008.0,36.89
2008.0,36.85
2008.0,36.85
2008.0,36.78
2008.0,36.78
2008.0,36.81
2008.0,36.81
2008.0,36.9
2008.0,36.91
2008.0,36.88
2008.0,36.88
2008.0,36.79
2008.0,36.79
2008.0,36.81
2008.0,36.81
2008.0,36.86
2008.0,36.86
2008.0,36.84
2008.0,36.85
2008.0,36.87
2008.0,36.8834
2008.0,36.91
2008.0,36.91
2008.0,36.85
2008.0,36.85
2008.0,36.92
2008.0,36.93
2008.0,36.93
2008.0,36.93
2008.0,36.95
2008.0,36.9499
2008.0,36.92
2008.0,36.92
2008.0,36.98
2008.0,36.97
2008.0,36.95
2008.0,36.94
2008.0,37.02
2008.0,37.02
2008.0,37.1
2008.0,37.1
2008.0,37.15
2008.0,37.15
2008.0,37.21
2008.0,37.21
2008.0,37.22
2008.0,37.21
2008.0,37.1768
2008.0,37.17
2008.0,37.16
2008.0,37.16
2008.0,37.07
2008.0,37.07
2008.0,37.06
2008.0,37.06
2008.0,37.03
2008.0,37.03
2008.0,37.05
2008.0,37.05
2008.0,37.12
2008.0,37.11
2008.0,37.2
2008.0,37.2
2008.0,37.31
2008.0,37.31
2008.0,37.32
2008.0,37.33
2008.0,37.39
2008.0,37.38
2008.0,37.43
2008.0,37.42
2008.0,37.38
2008.0,37.38
2008.0,37.37
2008.0,37.37
2008.0,37.4
2008.0,37.4
2008.0,37.42
2008.0,37.42
2008.0,37.33
2008.0,37.33
2008.0,37.29
2008.0,37.27
2008.0,37.28
2008.0,37.28
2008.0,37.25
2008.0,37.25
2008.0,37.22
2008.0,37.22
2008.0,37.31
2008.0,37.3
2008.0,37.32
2008.0,37.32
2008.0,37.33
2008.0,37.32
2008.0,37.41
2008.0,37.41
2008.0,37.45
2008.0,37.41
2008.0,37.38
2008.0,37.38
2008.0,37.4
2008.0,37.41
2008.0,37.42
2008.0,37.42
2008.0,37.321
2008.0,37.33
2008.0,37.26
2008.0,37.26
2008.0,37.2
2008.0,37.2
2008.0,37.25
2008.0,37.25
2008.0,37.36
2008.0,37.36
2008.0,37.4
2008.0,37.39
2008.0,37.5
2008.0,37.5
2008.0,37.48
2008.0,37.5
2008.0,37.46
2008.0,37.46
2008.0,37.34
2008.0,37.34
2008.0,37.29
2008.0,37.29
2008.0,37.31
2008.0,37.33
2008.0,37.32
2008.0,37.32
2008.0,37.32
2008.0,37.34
2008.0,37.42
2008.0,37.4
2008.0,37.44
2008.0,37.46
2008.0,37.42
2008.0,37.42
2008.0,37.32
2008.0,37.32
2008.0,37.41
2008.0,37.41
2008.0,37.46
2008.0,37.46
2008.0,37.38
2008.0,37.4
2008.0,37.48
2008.0,37.5
2008.0,37.47
2008.0,37.47
2008.0,37.54
2008.0,37.54
2008.0,37.62
2008.0,37.61
2008.0,37.63
2008.0,37.63
2008.0,37.56
2008.0,37.56
2008.0,37.64
2008.0,37.64
2008.0,37.72
2008.0,37.7
2008.0,37.69
2008.0,37.69
2008.0,37.67
2008.0,37.67
2008.0,37.64
2008.0,37.64
2008.0,37.65
2008.0,37.65
2008.0,37.61
2008.0,37.6
2008.0,37.69
2008.0,37.7
2008.0,37.74
2008.0,37.75
2008.0,37.8
2008.0,37.8
2008.0,37.82
2008.0,37.83
2008.0,37.77
2008.0,37.77
2008.0,37.68
2008.0,37.71
2008.0,37.7
2008.0,37.7
2008.0,37.66
2008.0,37.66
2008.0,37.73
2008.0,37.73
2008.0,37.768
2008.0,37.768
2008.0,37.71
2008.0,37.71
2008.0,37.76
2008.0,37.76
2008.0,37.8
2008.0,37.83
2008.0,37.9
2008.0,37.91
2008.0,37.95
2008.0,37.95
2008.0,37.9
2008.0,37.9
2008.0,37.93
2008.0,37.93
2008.0,37.88
2008.0,37.88
2008.0,37.8
2008.0,37.8
2008.0,37.73
2008.0,37.73
2008.0,37.68
2008.0,37.68
2008.0,37.61
2008.0,37.61
2008.0,37.62
2008.0,37.62
2008.0,37.65
2008.0,37.66
2008.0,37.72
2008.0,37.74
2008.0,37.76
2008.0,37.75
2008.0,37.73
2008.0,37.73
2008.0,37.68
2008.0,37.68
2008.0,37.72
2008.0,37.72
2008.0,37.6583
2008.0,37.66
2008.0,37.7
2008.0,37.7
2008.0,37.7
2008.0,37.7
2008.0,37.81
2008.0,37.81
2008.0,37.8
2008.0,37.8
2008.0,37.72
2008.0,37.72
2008.0,37.6
2008.0,37.5766
2008.0,37.54
2008.0,37.54
2008.0,37.52
2008.0,37.52
2008.0,37.49
2008.0,37.48
2008.0,37.49
2008.0,37.49
2008.0,37.49
2008.0,37.5
2008.0,37.53
2008.0,37.53
2008.0,37.58
2008.0,37.58
2008.0,37.69
2008.0,37.69
2008.0,37.655
2008.0,37.65
2008.0,37.72
2008.0,37.72
2008.0,37.59
2008.0,37.59
2008.0,37.53
2008.0,37.54
2008.0,37.53
2008.0,37.54
2008.0,37.47
2008.0,37.475
2008.0,37.5
2008.0,37.5
2008.0,37.52
2008.0,37.52
2008.0,37.55
2008.0,37.55
2008.0,37.64
2008.0,37.65
2008.0,37.72
2008.0,37.72
2008.0,37.62
2008.0,37.62
2008.0,37.76
2008.0,37.76
2008.0,37.79
2008.0,37.77
2008.0,37.83
2008.0,37.83
2008.0,37.86
2008.0,37.86
2008.0,37.93
2008.0,37.93
2008.0,37.94
2008.0,37.95
2008.0,37.88
2008.0,37.88
2008.0,37.89
2008.0,37.8875
2008.0,37.9
2008.0,37.9
2008.0,37.95
2008.0,37.94
2008.0,37.94
2008.0,37.94
2008.0,37.99
2008.0,37.99
2008.0,38.03
2008.0,38.04
2008.0,38.04
2008.0,38.04
2008.0,38.04
2008.0,38.04
2008.0,38.06
2008.0,38.06
2008.0,38.04
2008.0,38.05
2008.0,38.12
2008.0,38.12
2008.0,38.09
2008.0,38.09
2008.0,37.99
2008.0,37.98
2008.0,37.98
2008.0,37.98
2008.0,37.97
2008.0,37.97
2008.0,37.92
2008.0,37.9
2008.0,37.98
2008.0,37.98
2008.0,37.98
2008.0,37.98
2008.0,38.01
2008.0,38.01
2008.0,37.92
2008.0,37.92
2008.0,37.9
2008.0,37.9
2008.0,37.89
2008.0,37.89
2008.0,37.87
2008.0,37.87
2008.0,37.83
2008.0,37.85
2008.0,37.81
2008.0,37.83
2008.0,37.78
2008.0,37.78
2008.0,37.77
2008.0,37.78
2008.0,37.8
2008.0,37.8
2008.0,37.88
2008.0,37.88
2008.0,37.99
2008.0,38.0
2008.0,38.1
2008.0,38.1
2008.0,38.15
2008.0,38.15
2008.0,38.18
2008.0,38.18
2008.0,38.16
2008.0,38.16
2008.0,38.22
2008.0,38.22
2008.0,38.24
2008.0,38.25
2008.0,38.26
2008.0,38.26
2008.0,38.22
2008.0,38.2
2008.0,38.22
2008.0,38.22
2008.0,38.13
2008.0,38.13
2008.0,38.11
2008.0,38.11
2008.0,38.1725
2008.0,38.17
2008.0,38.22
2008.0,38.22
2008.0,38.36
2008.0,38.37
2008.0,38.39
2008.0,38.39
2008.0,38.43
2008.0,38.44
2008.0,38.41
2008.0,38.41
2008.0,38.38
2008.0,38.38
2008.0,38.43
2008.0,38.42
2008.0,38.52
2008.0,38.53
2008.0,38.58
2008.0,38.56
2008.0,38.63
2008.0,38.64
2008.0,38.64
2008.0,38.65
2008.0,38.58
2008.0,38.58
2008.0,38.62
2008.0,38.62
2008.0,38.74
2008.0,38.74
2008.0,38.76
2008.0,38.7676
2008.0,38.83
2008.0,38.83
2008.0,38.8
2008.0,38.8
2008.0,38.81
2008.0,38.8
2008.0,38.85
2008.0,38.85
2008.0,38.95
2008.0,38.94
2008.0,38.96
2008.0,38.96
2008.0,38.96
2008.0,38.96
2008.0,38.94
2008.0,38.94
2008.0,38.94
2008.0,38.94
2008.0,38.86
2008.0,38.8601
2008.0,38.81
2008.0,38.8
2008.0,38.85
2008.0,38.85
2008.0,38.92
2008.0,38.94
2008.0,39.04
2008.0,39.04
2008.0,39.09
2008.0,39.07
2008.0,39.19
2008.0,39.19
2008.0,39.25
2008.0,39.25
2008.0,39.27
2008.0,39.27
2008.0,39.29
2008.0,39.29
2008.0,39.23
2008.0,39.24
2008.0,39.23
2008.0,39.2101
2008.0,39.16
2008.0,39.16
2008.0,39.09
2008.0,39.1
2008.0,39.02
2008.0,39.02
2008.0,39.0
2008.0,39.0
2008.0,39.0501
2008.0,39.07
2008.0,39.09
2008.0,39.09
2008.0,39.07
2008.0,39.09
2008.0,39.12
2008.0,39.12
2008.0,39.08
2008.0,39.1
2008.0,39.18
2008.0,39.18
2008.0,39.1
2008.0,39.08
2008.0,39.09
2008.0,39.07
2008.0,39.11
2008.0,39.11
2008.0,39.1
2008.0,39.09
2008.0,39.1
2008.0,39.1
2008.0,39.14
2008.0,39.14
2008.0,39.1682
2008.0,39.16
2008.0,39.26
2008.0,39.26
2008.0,39.23
2008.0,39.23
2008.0,39.23
2008.0,39.23
2008.0,39.26
2008.0,39.27
2008.0,39.28
2008.0,39.28
2008.0,39.13
2008.0,39.15
2008.0,39.11
2008.0,39.11
2008.0,39.16
2008.0,39.16
2008.0,39.12
2008.0,39.13
2008.0,39.15
2008.0,39.16
2008.0,39.28
2008.0,39.28
2008.0,39.26
2008.0,39.26
2008.0,39.34
2008.0,39.34
2008.0,39.44
2008.0,39.44
2008.0,39.44
2008.0,39.45
2008.0,39.48
2008.0,39.45
2008.0,39.34
2008.0,39.34
2008.0,39.33
2008.0,39.32
2008.0,39.11
2008.0,39.11
2008.0,39.16
2008.0,39.16
2008.0,39.14
2008.0,39.14
2008.0,39.1
2008.0,39.1
2008.0,38.96
2008.0,38.98
2008.0,38.78
2008.0,38.78
2008.0,38.75
2008.0,38.74
2008.0,38.73
2008.0,38.71
2008.0,38.69
2008.0,38.69
2008.0,38.64
2008.0,38.621
2008.0,38.57
2008.0,38.56
2008.0,38.509
2008.0,38.59
2008.0,38.69
2008.0,38.69
2008.0,38.7
2008.0,38.7
2008.0,38.78
2008.0,38.78
2008.0,38.83
2008.0,38.83
2008.0,38.87
2008.0,38.87
2008.0,38.86
2008.0,38.86
2008.0,38.68
2008.0,38.68
2008.0,38.67
2008.0,38.67
2008.0,38.72
2008.0,38.72
2008.0,38.71
2008.0,38.71
2008.0,38.72
2008.0,38.76
2008.0,38.83
2008.0,38.82
2008.0,38.8
2008.0,38.8
2008.0,38.77
2008.0,38.77
2008.0,38.74
2008.0,38.75
2008.0,38.81
2008.0,38.8
2008.0,38.95
2008.0,38.95
2008.0,39.04
2008.0,39.05
2008.0,39.02
2008.0,39.03
2008.0,39.02
2008.0,39.02
2008.0,38.99
2008.0,38.99
2008.0,39.08
2008.0,39.05
2008.0,39.1
2008.0,39.1
2008.0,38.99
2008.0,38.99
2008.0,38.99
2008.0,39.0
2008.0,38.95
2008.0,38.95
2008.0,38.87
2008.0,38.87
2008.0,38.92
2008.0,38.92
2008.0,38.96
2008.0,38.98
2008.0,39.08
2008.0,39.09
2008.0,39.19
2008.0,39.19
2008.0,39.25
2008.0,39.249
2008.0,39.26
2008.0,39.29
2008.0,39.33
2008.0,39.31
2008.0,39.33
2008.0,39.33
2008.0,39.27
2008.0,39.28
2008.0,39.24
2008.0,39.24
2008.0,39.17
2008.0,39.16
2008.0,39.14
2008.0,39.15
2008.0,39.0718
2008.0,39.0718
2008.0,39.0
2008.0,38.99
2008.0,39.06
2008.0,39.05
2008.0,39.0
2008.0,39.0
2008.0,38.85
2008.0,38.84
2008.0,38.83
2008.0,38.83
2008.0,38.79
2008.0,38.79
2008.0,38.65
2008.0,38.65
2008.0,38.76
2008.0,38.76
2008.0,38.89
2008.0,38.88
2008.0,39.0
2008.0,38.97
2008.0,39.0
2008.0,39.0
2008.0,38.95
2008.0,38.96
2008.0,38.91
2008.0,38.91
2008.0,38.925
2008.0,38.92
2008.0,39.02
2008.0,39.04
2008.0,39.09
2008.0,39.09
2008.0,39.09
2008.0,39.09
2008.0,39.1
2008.0,39.11
2008.0,39.13
2008.0,39.13
2008.0,39.14
2008.0,39.14
2008.0,39.12
2008.0,39.12
2008.0,39.2
2008.0,39.2
2008.0,39.08
2008.0,39.08
2008.0,39.08
2008.0,39.07
2008.0,39.11
2008.0,39.1
2008.0,39.13
2008.0,39.13
2008.0,39.12
2008.0,39.12
2008.0,39.15
2008.0,39.16
2008.0,39.25
2008.0,39.24
2008.0,39.22
2008.0,39.24
2008.0,39.38
2008.0,39.35
2008.0,39.35
2008.0,39.35
2008.0,39.47
2008.0,39.44
2008.0,39.5
2008.0,39.5
2008.0,39.51
2008.0,39.52
2008.0,39.51
2008.0,39.5
2008.0,39.53
2008.0,39.54
2008.0,39.53
2008.0,39.51
2008.0,39.47
2008.0,39.45
2008.0,39.39
2008.0,39.39
2008.0,39.44
2008.0,39.45
2008.0,39.37
2008.0,39.36
2008.0,39.32
2008.0,39.34
2008.0,39.3
2008.0,39.3
2008.0,39.2
2008.0,39.19
2008.0,39.18
2008.0,39.19
2008.0,39.18
2008.0,39.18
2008.0,39.22
2008.0,39.22
2008.0,39.26
2008.0,39.26
2008.0,39.38
2008.0,39.38
2008.0,39.44
2008.0,39.43
2008.0,39.39
2008.0,39.38
2008.0,39.4
2008.0,39.4
2008.0,39.32
2008.0,39.32
2008.0,39.42
2008.0,39.42
2008.0,39.37
2008.0,39.37
2008.0,39.35
2008.0,39.35
2008.0,39.34
2008.0,39.34
2008.0,39.36
2008.0,39.35
2008.0,39.46
2008.0,39.45
2008.0,39.48
2008.0,39.48
2008.0,39.46
2008.0,39.46
2008.0,39.39
2008.0,39.39
2008.0,39.39
2008.0,39.38
2008.0,39.32
2008.0,39.33
2008.0,39.35
2008.0,39.35
2008.0,39.4
2008.0,39.4
2008.0,39.49
2008.0,39.48
2008.0,39.49
2008.0,39.5
2008.0,39.5
2008.0,39.5
2008.0,39.42
2008.0,39.42
2008.0,39.53
2008.0,39.53
2008.0,39.55
2008.0,39.55
2008.0,39.56
2008.0,39.54
2008.0,39.53
2008.0,39.53
2008.0,39.52
2008.0,39.52
2008.0,39.46
2008.0,39.47
2008.0,39.35
2008.0,39.35
2008.0,39.38
2008.0,39.36
2008.0,39.33
2008.0,39.33
2008.0,39.25
2008.0,39.25
2008.0,39.23
2008.0,39.2254
2008.0,39.24
2008.0,39.24
2008.0,39.23
2008.0,39.23
2008.0,39.31
2008.0,39.31
2008.0,39.36
2008.0,39.36
2008.0,39.36
2008.0,39.36
2008.0,39.34
2008.0,39.33
2008.0,39.33
2008.0,39.33
2008.0,39.3
2008.0,39.3
2008.0,39.35
2008.0,39.35
2008.0,39.44
2008.0,39.44
2008.0,39.34
2008.0,39.32
2008.0,39.37
2008.0,39.37
2008.0,39.381
2008.0,39.39
2008.0,39.44
2008.0,39.45
2008.0,39.44
2008.0,39.43
2008.0,39.49
2008.0,39.49
2008.0,39.5
2008.0,39.51
2008.0,39.54
2008.0,39.53
2008.0,39.47
2008.0,39.46
2008.0,39.37
2008.0,39.37
2008.0,39.41
2008.0,39.43
2008.0,39.51
2008.0,39.51
2008.0,39.48
2008.0,39.48
2008.0,39.54
2008.0,39.54
2008.0,39.44
2008.0,39.46
2008.0,39.52
2008.0,39.51
2008.0,39.41
2008.0,39.41
2008.0,39.41
2008.0,39.44
2008.0,39.4
2008.0,39.42
2008.0,39.4
2008.0,39.4
2008.0,39.38
2008.0,39.39
2008.0,39.27
2008.0,39.27
2008.0,39.21
2008.0,39.22
2008.0,39.24
2008.0,39.24
2008.0,39.27
2008.0,39.27
2008.0,39.21
2008.0,39.2
2008.0,39.15
2008.0,39.14
2008.0,39.14
2008.0,39.14
2008.0,39.17
2008.0,39.17
2008.0,39.24
2008.0,39.24
2008.0,39.21
2008.0,39.22
2008.0,39.25
2008.0,39.24
2008.0,39.2496
2008.0,39.24
2008.0,39.24
2008.0,39.25
2008.0,39.24
2008.0,39.24
2008.0,39.28
2008.0,39.28
2008.0,39.25
2008.0,39.23
2008.0,39.26
2008.0,39.26
2008.0,39.24
2008.0,39.23
2008.0,39.23
2008.0,39.22
2008.0,39.26
2008.0,39.26
2008.0,39.24
2008.0,39.23
2008.0,39.2465
2008.0,39.24
2008.0,39.19
2008.0,39.19
2008.0,39.29
2008.0,39.29
2008.0,39.35
2008.0,39.35
2008.0,39.35
2008.0,39.34
2008.0,39.32
2008.0,39.32
2008.0,39.3
2008.0,39.3
2008.0,39.35
2008.0,39.35
2008.0,39.34
2008.0,39.34
2008.0,39.27
2008.0,39.26
2008.0,39.36
2008.0,39.35
2008.0,39.39
2008.0,39.4
2008.0,39.37
2008.0,39.36
2008.0,39.4
2008.0,39.4
2008.0,39.47
2008.0,39.47
2008.0,39.49
2008.0,39.5
2008.0,39.5
2008.0,39.5
2008.0,39.47
2008.0,39.47
2008.0,39.5
2008.0,39.5
2008.0,39.51
2008.0,39.51
2008.0,39.5
2008.0,39.5
2008.0,39.44
2008.0,39.44
2008.0,39.41
2008.0,39.4
2008.0,39.39
2008.0,39.37
2008.0,39.38
2008.0,39.38
2008.0,39.44
2008.0,39.45
2008.0,39.41
2008.0,39.41
2008.0,39.42
2008.0,39.43
2008.0,39.47
2008.0,39.47
2008.0,39.49
2008.0,39.48
2008.0,39.41
2008.0,39.41
2008.0,39.39
2008.0,39.39
2008.0,39.36
2008.0,39.35
2008.0,39.45
2008.0,39.48
2008.0,39.48
2008.0,39.48
2008.0,39.46
2008.0,39.45
2008.0,39.49
2008.0,39.49
2008.0,39.5
2008.0,39.49
2008.0,39.51
2008.0,39.52
2008.0,39.51
2008.0,39.51
2008.0,39.5
2008.0,39.49
2008.0,39.5399
2008.0,39.53
2008.0,39.45
2008.0,39.3775
2008.0,39.44
2008.0,39.44
2008.0,39.38
