date,OT
01/07/2016 0:00,30.53100014
02/07/2016 7:00,21.10400009
02/07/2016 8:00,20.61199951
03/07/2016 15:00,31.16399956
03/07/2016 16:00,29.75699997
04/07/2016 23:00,25.4659996
05/07/2016 0:00,25.95800018
06/07/2016 7:00,29.61599922
06/07/2016 8:00,30.53100014
07/07/2016 15:00,38.47999954
07/07/2016 16:00,36.79100037
08/07/2016 23:00,30.53100014
09/07/2016 0:00,30.95299911
10/07/2016 7:00,27.50600052
10/07/2016 8:00,28.06800079
11/07/2016 15:00,34.75099945
11/07/2016 16:00,34.8219986
12/07/2016 23:00,36.22900009
13/07/2016 0:00,36.50999832
14/07/2016 7:00,33.8370018
14/07/2016 8:00,35.8769989
15/07/2016 15:00,25.81699944
15/07/2016 16:00,24.90299988
16/07/2016 23:00,30.88199997
17/07/2016 0:00,31.30400085
18/07/2016 7:00,36.58000183
18/07/2016 8:00,34.40000153
19/07/2016 15:00,32.07799911
19/07/2016 16:00,32.07799911
20/07/2016 23:00,35.73600006
21/07/2016 0:00,34.89199829
22/07/2016 7:00,38.62099838
22/07/2016 8:00,38.19800186
23/07/2016 15:00,41.01200104
23/07/2016 16:00,41.22299957
24/07/2016 23:00,40.09799957
25/07/2016 0:00,39.95700073
26/07/2016 7:00,40.52000046
26/07/2016 8:00,40.94200134
27/07/2016 15:00,41.36399841
27/07/2016 16:00,42.98199844
28/07/2016 23:00,38.83200073
29/07/2016 0:00,39.67599869
30/07/2016 7:00,41.36399841
30/07/2016 8:00,44.31900024
31/07/2016 15:00,38.26900101
31/07/2016 16:00,38.26900101
01/08/2016 23:00,36.15800095
02/08/2016 0:00,35.66600037
03/08/2016 7:00,31.79700089
03/08/2016 8:00,30.38999939
04/08/2016 15:00,32.57099915
04/08/2016 16:00,34.75099945
05/08/2016 23:00,33.20399857
06/08/2016 0:00,32.85200119
07/08/2016 7:00,33.13299942
07/08/2016 8:00,34.04800034
08/08/2016 15:00,35.80699921
08/08/2016 16:00,38.19800186
09/08/2016 23:00,32.14899826
10/08/2016 0:00,31.23399925
11/08/2016 7:00,29.33499908
11/08/2016 8:00,29.47500038
12/08/2016 15:00,33.41500092
12/08/2016 16:00,35.38499832
13/08/2016 23:00,32.28900146
14/08/2016 0:00,31.93799973
15/08/2016 7:00,30.74200058
15/08/2016 8:00,30.81200027
16/08/2016 15:00,35.45500183
16/08/2016 16:00,36.36899948
17/08/2016 23:00,31.16399956
18/08/2016 0:00,30.53100014
19/08/2016 7:00,33.20399857
19/08/2016 8:00,35.31399918
20/08/2016 15:00,33.13299942
20/08/2016 16:00,31.375
21/08/2016 23:00,27.71699905
22/08/2016 0:00,27.50600052
23/08/2016 7:00,26.5909996
23/08/2016 8:00,28.06800079
24/08/2016 15:00,32.99300003
24/08/2016 16:00,34.18899918
25/08/2016 23:00,28.77199936
26/08/2016 0:00,28.70199966
27/08/2016 7:00,23.56599998
27/08/2016 8:00,23.84799957
28/08/2016 15:00,28.91300011
28/08/2016 16:00,30.24900055
29/08/2016 23:00,24.83200073
30/08/2016 0:00,24.12899971
31/08/2016 7:00,25.04400063
31/08/2016 8:00,25.04400063
01/09/2016 15:00,30.53100014
01/09/2016 16:00,30.74200058
02/09/2016 23:00,27.15399933
03/09/2016 0:00,26.66200066
04/09/2016 7:00,25.74699974
04/09/2016 8:00,26.37999916
05/09/2016 15:00,28.56100082
05/09/2016 16:00,29.82699966
06/09/2016 23:00,17.86800003
07/09/2016 0:00,18.00900078
08/09/2016 7:00,22.29999924
08/09/2016 8:00,23.28499985
09/09/2016 15:00,29.54599953
09/09/2016 16:00,29.19400024
10/09/2016 23:00,24.27000046
11/09/2016 0:00,24.5510006
12/09/2016 7:00,20.82299995
12/09/2016 8:00,21.17399979
13/09/2016 15:00,28.06800079
13/09/2016 16:00,27.71699905
14/09/2016 23:00,21.73699951
15/09/2016 0:00,21.45599937
16/09/2016 7:00,13.15499973
16/09/2016 8:00,12.59200001
17/09/2016 15:00,25.5359993
17/09/2016 16:00,25.32500076
18/09/2016 23:00,22.22999954
19/09/2016 0:00,22.37000084
20/09/2016 7:00,21.17399979
20/09/2016 8:00,21.94799995
21/09/2016 15:00,23.84799957
21/09/2016 16:00,23.35499954
22/09/2016 23:00,21.17399979
23/09/2016 0:00,21.10400009
24/09/2016 7:00,21.17399979
24/09/2016 8:00,22.0189991
25/09/2016 15:00,27.22400093
25/09/2016 16:00,26.94300079
26/09/2016 23:00,23.21500015
27/09/2016 0:00,23.28499985
28/09/2016 7:00,21.45599937
28/09/2016 8:00,21.73699951
29/09/2016 15:00,14.27999973
29/09/2016 16:00,12.7329998
30/09/2016 23:00,18.5720005
01/10/2016 0:00,18.78300095
02/10/2016 7:00,18.85300064
02/10/2016 8:00,19.83799934
03/10/2016 15:00,24.1989994
03/10/2016 16:00,24.97299957
04/10/2016 23:00,23.63699913
05/10/2016 0:00,24.4810009
06/10/2016 7:00,19.62700081
06/10/2016 8:00,20.40099907
07/10/2016 15:00,19.20499992
07/10/2016 16:00,19.48600006
08/10/2016 23:00,18.92300034
09/10/2016 0:00,18.78300095
10/10/2016 7:00,16.46100044
10/10/2016 8:00,16.95400047
11/10/2016 15:00,18.6420002
11/10/2016 16:00,17.86800003
12/10/2016 23:00,18.5720005
13/10/2016 0:00,17.93799973
14/10/2016 7:00,16.03899956
14/10/2016 8:00,15.19499969
15/10/2016 15:00,18.85300064
15/10/2016 16:00,19.20499992
16/10/2016 23:00,20.11899948
17/10/2016 0:00,19.41600037
18/10/2016 7:00,17.79800034
18/10/2016 8:00,17.86800003
19/10/2016 15:00,20.82299995
19/10/2016 16:00,20.89299965
20/10/2016 23:00,16.95400047
21/10/2016 0:00,16.95400047
22/10/2016 7:00,12.10000038
22/10/2016 8:00,12.38099957
23/10/2016 15:00,16.60199928
23/10/2016 16:00,15.33600044
24/10/2016 23:00,14.63199997
25/10/2016 0:00,13.08500004
26/10/2016 7:00,8.86400032
26/10/2016 8:00,9.918999672
27/10/2016 15:00,13.15499973
27/10/2016 16:00,14.27999973
28/10/2016 23:00,9.777999878
29/10/2016 0:00,8.722999573
30/10/2016 7:00,11.95899963
30/10/2016 8:00,11.25599957
31/10/2016 15:00,13.15499973
31/10/2016 16:00,13.15499973
01/11/2016 23:00,11.74800014
02/11/2016 0:00,11.60700035
03/11/2016 7:00,15.82800007
03/11/2016 8:00,18.00900078
04/11/2016 15:00,19.97900009
04/11/2016 16:00,20.82299995
05/11/2016 23:00,19.13400078
06/11/2016 0:00,19.13400078
07/11/2016 7:00,16.25
07/11/2016 8:00,16.74300003
08/11/2016 15:00,11.67800045
08/11/2016 16:00,11.5369997
09/11/2016 23:00,11.74800014
10/11/2016 0:00,12.52200031
11/11/2016 7:00,12.94400024
11/11/2016 8:00,13.9989996
12/11/2016 15:00,17.30500031
12/11/2016 16:00,16.67200089
13/11/2016 23:00,19.48600006
14/11/2016 0:00,18.78300095
15/11/2016 7:00,13.22500038
15/11/2016 8:00,13.08500004
16/11/2016 15:00,14.27999973
16/11/2016 16:00,14.77299976
17/11/2016 23:00,14.35099983
18/11/2016 0:00,14.21000004
19/11/2016 7:00,22.0189991
19/11/2016 8:00,20.89299965
20/11/2016 15:00,14.91399956
20/11/2016 16:00,14.06900024
21/11/2016 23:00,13.71800041
22/11/2016 0:00,13.9989996
23/11/2016 7:00,4.290999889
23/11/2016 8:00,4.221000195
24/11/2016 15:00,7.315999985
24/11/2016 16:00,6.683000088
25/11/2016 23:00,9.215000153
26/11/2016 0:00,3.799000025
27/11/2016 7:00,11.74800014
27/11/2016 8:00,12.80300045
28/11/2016 15:00,14.49100018
28/11/2016 16:00,15.0539999
29/11/2016 23:00,13.29599953
30/11/2016 0:00,12.8739996
01/12/2016 7:00,14.35099983
01/12/2016 8:00,14.49100018
02/12/2016 15:00,13.36600018
02/12/2016 16:00,13.43599987
03/12/2016 23:00,17.51600075
04/12/2016 0:00,17.65699959
05/12/2016 7:00,17.51600075
05/12/2016 8:00,15.40600014
06/12/2016 15:00,0.0
06/12/2016 16:00,0.0
07/12/2016 23:00,7.668000221
08/12/2016 0:00,8.512000084
09/12/2016 7:00,9.567000389
09/12/2016 8:00,9.074999809
10/12/2016 15:00,8.442000389
10/12/2016 16:00,8.722999573
11/12/2016 23:00,8.300999641
12/12/2016 0:00,8.652999878
13/12/2016 7:00,5.627999783
13/12/2016 8:00,7.034999847
14/12/2016 15:00,10.19999981
14/12/2016 16:00,10.27099991
15/12/2016 23:00,10.90400028
16/12/2016 0:00,11.11499977
17/12/2016 7:00,10.76299953
17/12/2016 8:00,10.13000011
18/12/2016 15:00,16.10899925
18/12/2016 16:00,14.84300041
19/12/2016 23:00,9.848999977
20/12/2016 0:00,8.020000458
21/12/2016 7:00,9.074999809
21/12/2016 8:00,9.918999672
22/12/2016 15:00,9.848999977
22/12/2016 16:00,10.19999981
23/12/2016 23:00,6.964000225
24/12/2016 0:00,6.752999783
25/12/2016 7:00,3.588000059
25/12/2016 8:00,6.40199995
26/12/2016 15:00,3.868999958
26/12/2016 16:00,4.150000095
27/12/2016 23:00,8.020000458
28/12/2016 0:00,6.261000156
29/12/2016 7:00,7.597000122
29/12/2016 8:00,8.230999947
30/12/2016 15:00,12.38099957
30/12/2016 16:00,12.10000038
31/12/2016 23:00,10.90400028
01/01/2017 0:00,10.19999981
02/01/2017 7:00,13.43599987
02/01/2017 8:00,10.62199974
03/01/2017 15:00,11.67800045
03/01/2017 16:00,11.67800045
04/01/2017 23:00,5.416999817
05/01/2017 0:00,4.854000092
06/01/2017 7:00,2.954999924
06/01/2017 8:00,6.261000156
07/01/2017 15:00,6.190999985
07/01/2017 16:00,6.752999783
08/01/2017 23:00,9.496999741
09/01/2017 0:00,9.425999641
10/01/2017 7:00,7.245999813
10/01/2017 8:00,7.948999882
11/01/2017 15:00,8.090000153
11/01/2017 16:00,7.879000187
12/01/2017 23:00,9.777999878
13/01/2017 0:00,9.145000458
14/01/2017 7:00,5.697999954
14/01/2017 8:00,6.050000191
15/01/2017 15:00,7.456999779
15/01/2017 16:00,7.52699995
16/01/2017 23:00,5.768000126
17/01/2017 0:00,5.627999783
18/01/2017 7:00,8.934000015
18/01/2017 8:00,9.074999809
19/01/2017 15:00,7.879000187
19/01/2017 16:00,9.637999535
20/01/2017 23:00,5.979000092
21/01/2017 0:00,6.612999916
22/01/2017 7:00,8.230999947
22/01/2017 8:00,7.456999779
23/01/2017 15:00,6.823999882
23/01/2017 16:00,6.823999882
24/01/2017 23:00,5.90899992
25/01/2017 0:00,6.261000156
26/01/2017 7:00,10.06000042
26/01/2017 8:00,10.27099991
27/01/2017 15:00,8.159999847
27/01/2017 16:00,8.159999847
28/01/2017 23:00,12.17000008
29/01/2017 0:00,12.6619997
30/01/2017 7:00,4.43200016
30/01/2017 8:00,3.305999994
31/01/2017 15:00,5.276000023
31/01/2017 16:00,5.276000023
01/02/2017 23:00,8.722999573
02/02/2017 0:00,9.074999809
03/02/2017 7:00,8.86400032
03/02/2017 8:00,7.315999985
04/02/2017 15:00,8.934000015
04/02/2017 16:00,10.3409996
05/02/2017 23:00,8.020000458
06/02/2017 0:00,7.809000015
07/02/2017 7:00,2.884000063
07/02/2017 8:00,3.025000095
08/02/2017 15:00,5.276000023
08/02/2017 16:00,5.346000195
09/02/2017 23:00,8.230999947
10/02/2017 0:00,6.40199995
11/02/2017 7:00,6.752999783
11/02/2017 8:00,8.37100029
12/02/2017 15:00,12.94400024
12/02/2017 16:00,13.36600018
13/02/2017 23:00,10.41100025
14/02/2017 0:00,10.97399998
15/02/2017 7:00,7.105000019
15/02/2017 8:00,8.793000221
16/02/2017 15:00,13.57699966
16/02/2017 16:00,13.78800011
17/02/2017 23:00,7.456999779
18/02/2017 0:00,6.964000225
19/02/2017 7:00,10.55200005
19/02/2017 8:00,11.67800045
20/02/2017 15:00,6.050000191
20/02/2017 16:00,4.994999886
21/02/2017 23:00,1.828999996
22/02/2017 0:00,1.126000047
23/02/2017 7:00,3.938999891
23/02/2017 8:00,4.010000229
24/02/2017 15:00,12.31099987
24/02/2017 16:00,11.39599991
25/02/2017 23:00,10.90400028
26/02/2017 0:00,11.46700001
27/02/2017 7:00,8.442000389
27/02/2017 8:00,9.215000153
28/02/2017 15:00,14.70300007
28/02/2017 16:00,14.35099983
01/03/2017 23:00,7.668000221
02/03/2017 0:00,7.175000191
03/03/2017 7:00,7.948999882
03/03/2017 8:00,8.090000153
04/03/2017 15:00,13.08500004
04/03/2017 16:00,13.8579998
05/03/2017 23:00,12.10000038
06/03/2017 0:00,7.668000221
07/03/2017 7:00,8.652999878
07/03/2017 8:00,10.27099991
08/03/2017 15:00,11.46700001
08/03/2017 16:00,10.90400028
09/03/2017 23:00,12.31099987
10/03/2017 0:00,12.17000008
11/03/2017 7:00,8.442000389
11/03/2017 8:00,8.581999779
12/03/2017 15:00,11.5369997
12/03/2017 16:00,7.386000156
13/03/2017 23:00,5.979000092
14/03/2017 0:00,6.823999882
15/03/2017 7:00,7.245999813
15/03/2017 8:00,6.683000088
16/03/2017 15:00,9.98900032
16/03/2017 16:00,9.708000183
17/03/2017 23:00,9.777999878
18/03/2017 0:00,9.708000183
19/03/2017 7:00,5.768000126
19/03/2017 8:00,6.330999851
20/03/2017 15:00,6.683000088
20/03/2017 16:00,8.090000153
21/03/2017 23:00,8.722999573
22/03/2017 0:00,8.159999847
23/03/2017 7:00,8.86400032
23/03/2017 8:00,8.159999847
24/03/2017 15:00,5.90899992
24/03/2017 16:00,4.501999855
25/03/2017 23:00,10.13000011
26/03/2017 0:00,10.19999981
27/03/2017 7:00,11.18500042
27/03/2017 8:00,12.59200001
28/03/2017 15:00,14.21000004
28/03/2017 16:00,14.77299976
29/03/2017 23:00,11.67800045
30/03/2017 0:00,10.3409996
31/03/2017 7:00,6.752999783
31/03/2017 8:00,6.752999783
01/04/2017 15:00,13.36600018
01/04/2017 16:00,14.63199997
02/04/2017 23:00,14.06900024
03/04/2017 0:00,14.06900024
04/04/2017 7:00,12.31099987
04/04/2017 8:00,12.38099957
05/04/2017 15:00,17.23500061
05/04/2017 16:00,17.37599945
06/04/2017 23:00,11.67800045
07/04/2017 0:00,12.02900028
08/04/2017 7:00,12.38099957
08/04/2017 8:00,12.7329998
09/04/2017 15:00,9.00399971
09/04/2017 16:00,8.442000389
10/04/2017 23:00,8.652999878
11/04/2017 0:00,8.159999847
12/04/2017 7:00,11.32600021
12/04/2017 8:00,14.14000034
13/04/2017 15:00,20.11899948
13/04/2017 16:00,21.87800026
14/04/2017 23:00,17.65699959
15/04/2017 0:00,18.43099976
16/04/2017 7:00,18.78300095
16/04/2017 8:00,19.90800095
17/04/2017 15:00,19.20499992
17/04/2017 16:00,19.55599976
18/04/2017 23:00,19.41600037
19/04/2017 0:00,18.50099945
20/04/2017 7:00,11.25599957
20/04/2017 8:00,13.50699997
21/04/2017 15:00,16.39100075
21/04/2017 16:00,16.53199959
22/04/2017 23:00,16.10899925
23/04/2017 0:00,16.18000031
24/04/2017 7:00,15.89799976
24/04/2017 8:00,16.74300003
25/04/2017 15:00,16.74300003
25/04/2017 16:00,18.5720005
26/04/2017 23:00,12.6619997
27/04/2017 0:00,12.59200001
28/04/2017 7:00,14.77299976
28/04/2017 8:00,13.29599953
29/04/2017 15:00,20.54100037
29/04/2017 16:00,21.52599907
30/04/2017 23:00,19.34499931
01/05/2017 0:00,19.20499992
02/05/2017 7:00,11.32600021
02/05/2017 8:00,6.823999882
03/05/2017 15:00,14.49100018
03/05/2017 16:00,14.63199997
04/05/2017 23:00,17.16500092
05/05/2017 0:00,16.81299973
06/05/2017 7:00,16.25
06/05/2017 8:00,15.54699993
07/05/2017 15:00,19.06399918
07/05/2017 16:00,18.78300095
08/05/2017 23:00,15.40600014
09/05/2017 0:00,14.21000004
10/05/2017 7:00,17.86800003
10/05/2017 8:00,17.93799973
11/05/2017 15:00,23.28499985
11/05/2017 16:00,21.10400009
12/05/2017 23:00,17.44599915
13/05/2017 0:00,16.95400047
14/05/2017 7:00,16.81299973
14/05/2017 8:00,17.23500061
15/05/2017 15:00,13.08500004
15/05/2017 16:00,16.10899925
16/05/2017 23:00,18.14999962
17/05/2017 0:00,17.30500031
18/05/2017 7:00,16.39100075
18/05/2017 8:00,16.67200089
19/05/2017 15:00,19.76799965
19/05/2017 16:00,19.27499962
20/05/2017 23:00,20.11899948
21/05/2017 0:00,19.62700081
22/05/2017 7:00,15.89799976
22/05/2017 8:00,16.81299973
23/05/2017 15:00,11.46700001
23/05/2017 16:00,9.918999672
24/05/2017 23:00,16.10899925
25/05/2017 0:00,16.10899925
26/05/2017 7:00,18.36100006
26/05/2017 8:00,17.65699959
27/05/2017 15:00,24.90299988
27/05/2017 16:00,25.6060009
28/05/2017 23:00,18.92300034
29/05/2017 0:00,18.14999962
30/05/2017 7:00,19.41600037
30/05/2017 8:00,20.26000023
31/05/2017 15:00,20.96299934
31/05/2017 16:00,20.96299934
01/06/2017 23:00,15.61699963
02/06/2017 0:00,17.72699928
03/06/2017 7:00,16.60199928
03/06/2017 8:00,16.60199928
04/06/2017 15:00,19.76799965
04/06/2017 16:00,18.21999931
05/06/2017 23:00,11.25599957
06/06/2017 0:00,11.74800014
07/06/2017 7:00,16.25
07/06/2017 8:00,16.10899925
08/06/2017 15:00,22.0890007
08/06/2017 16:00,23.1439991
09/06/2017 23:00,14.63199997
10/06/2017 0:00,13.50699997
11/06/2017 7:00,12.80300045
11/06/2017 8:00,14.42099953
12/06/2017 15:00,15.68700027
12/06/2017 16:00,15.75800037
13/06/2017 23:00,15.125
14/06/2017 0:00,14.35099983
15/06/2017 7:00,16.95400047
15/06/2017 8:00,17.72699928
16/06/2017 15:00,20.40099907
16/06/2017 16:00,19.90800095
17/06/2017 23:00,17.02400017
18/06/2017 0:00,16.53199959
19/06/2017 7:00,18.07900047
19/06/2017 8:00,18.50099945
20/06/2017 15:00,21.73699951
20/06/2017 16:00,22.93300056
21/06/2017 23:00,18.00900078
22/06/2017 0:00,17.93799973
23/06/2017 7:00,17.86800003
23/06/2017 8:00,17.86800003
24/06/2017 15:00,22.44099998
24/06/2017 16:00,21.87800026
25/06/2017 23:00,20.75200081
26/06/2017 0:00,20.96299934
27/06/2017 7:00,18.71199989
27/06/2017 8:00,18.71199989
28/06/2017 15:00,23.77700043
28/06/2017 16:00,22.29999924
29/06/2017 23:00,19.76799965
30/06/2017 0:00,21.0340004
01/07/2017 7:00,18.92300034
01/07/2017 8:00,19.62700081
02/07/2017 15:00,18.00900078
02/07/2017 16:00,18.5720005
03/07/2017 23:00,19.76799965
04/07/2017 0:00,19.6970005
05/07/2017 7:00,21.45599937
05/07/2017 8:00,21.10400009
06/07/2017 15:00,22.79199982
06/07/2017 16:00,21.52599907
07/07/2017 23:00,21.17399979
08/07/2017 0:00,21.17399979
09/07/2017 7:00,17.51600075
09/07/2017 8:00,18.85300064
10/07/2017 15:00,19.13400078
10/07/2017 16:00,20.75200081
11/07/2017 23:00,20.82299995
12/07/2017 0:00,21.17399979
13/07/2017 7:00,22.51099968
13/07/2017 8:00,23.49600029
14/07/2017 15:00,24.27000046
14/07/2017 16:00,25.4659996
15/07/2017 23:00,22.58099937
16/07/2017 0:00,22.29999924
17/07/2017 7:00,23.70700073
17/07/2017 8:00,25.67700005
18/07/2017 15:00,23.63699913
18/07/2017 16:00,24.12899971
19/07/2017 23:00,21.52599907
20/07/2017 0:00,21.17399979
21/07/2017 7:00,21.24500084
21/07/2017 8:00,22.86300087
22/07/2017 15:00,26.5909996
22/07/2017 16:00,26.52099991
23/07/2017 23:00,21.80800056
24/07/2017 0:00,21.45599937
25/07/2017 7:00,20.26000023
25/07/2017 8:00,21.94799995
26/07/2017 15:00,24.62100029
26/07/2017 16:00,25.74699974
27/07/2017 23:00,21.52599907
28/07/2017 0:00,20.96299934
29/07/2017 7:00,19.13400078
29/07/2017 8:00,19.48600006
30/07/2017 15:00,20.82299995
30/07/2017 16:00,19.06399918
31/07/2017 23:00,16.88299942
01/08/2017 0:00,17.86800003
02/08/2017 7:00,14.21000004
02/08/2017 8:00,14.84300041
03/08/2017 15:00,14.84300041
03/08/2017 16:00,17.09399986
04/08/2017 23:00,18.78300095
05/08/2017 0:00,19.41600037
06/08/2017 7:00,18.85300064
06/08/2017 8:00,19.27499962
07/08/2017 15:00,22.51099968
07/08/2017 16:00,21.45599937
08/08/2017 23:00,15.0539999
09/08/2017 0:00,15.26500034
10/08/2017 7:00,15.61699963
10/08/2017 8:00,16.60199928
11/08/2017 15:00,19.55599976
11/08/2017 16:00,19.34499931
12/08/2017 23:00,14.84300041
13/08/2017 0:00,14.84300041
14/08/2017 7:00,15.40600014
14/08/2017 8:00,15.68700027
15/08/2017 15:00,18.00900078
15/08/2017 16:00,18.50099945
16/08/2017 23:00,14.77299976
17/08/2017 0:00,14.49100018
18/08/2017 7:00,17.16500092
18/08/2017 8:00,17.30500031
19/08/2017 15:00,20.19000053
19/08/2017 16:00,18.92300034
20/08/2017 23:00,14.70300007
21/08/2017 0:00,14.42099953
22/08/2017 7:00,13.9989996
22/08/2017 8:00,14.56200027
23/08/2017 15:00,21.0340004
23/08/2017 16:00,22.22999954
24/08/2017 23:00,18.00900078
25/08/2017 0:00,18.71199989
26/08/2017 7:00,12.8739996
26/08/2017 8:00,12.7329998
27/08/2017 15:00,19.83799934
27/08/2017 16:00,20.04899979
28/08/2017 23:00,17.09399986
29/08/2017 0:00,16.18000031
30/08/2017 7:00,11.18500042
30/08/2017 8:00,11.39599991
31/08/2017 15:00,10.06000042
31/08/2017 16:00,10.06000042
01/09/2017 23:00,10.83300018
02/09/2017 0:00,10.69299984
03/09/2017 7:00,9.918999672
03/09/2017 8:00,10.13000011
04/09/2017 15:00,14.84300041
04/09/2017 16:00,15.33600044
05/09/2017 23:00,13.36600018
06/09/2017 0:00,15.26500034
07/09/2017 7:00,14.70300007
07/09/2017 8:00,14.91399956
08/09/2017 15:00,16.60199928
08/09/2017 16:00,17.30500031
09/09/2017 23:00,13.29599953
10/09/2017 0:00,13.08500004
11/09/2017 7:00,13.50699997
11/09/2017 8:00,13.22500038
12/09/2017 15:00,16.74300003
12/09/2017 16:00,17.09399986
13/09/2017 23:00,12.45100021
14/09/2017 0:00,11.81799984
15/09/2017 7:00,13.22500038
15/09/2017 8:00,12.80300045
16/09/2017 15:00,17.79800034
16/09/2017 16:00,18.14999962
17/09/2017 23:00,15.82800007
18/09/2017 0:00,15.47599983
19/09/2017 7:00,15.89799976
19/09/2017 8:00,15.96899986
20/09/2017 15:00,12.17000008
20/09/2017 16:00,12.02900028
21/09/2017 23:00,11.88899994
22/09/2017 0:00,12.17000008
23/09/2017 7:00,12.23999977
23/09/2017 8:00,13.01399994
24/09/2017 15:00,11.39599991
24/09/2017 16:00,11.5369997
25/09/2017 23:00,15.68700027
26/09/2017 0:00,14.14000034
27/09/2017 7:00,14.35099983
27/09/2017 8:00,13.50699997
28/09/2017 15:00,13.9289999
28/09/2017 16:00,14.77299976
29/09/2017 23:00,11.88899994
30/09/2017 0:00,12.17000008
01/10/2017 7:00,14.77299976
01/10/2017 8:00,15.82800007
02/10/2017 15:00,10.48200035
02/10/2017 16:00,10.48200035
03/10/2017 23:00,6.472000122
04/10/2017 0:00,6.894000053
05/10/2017 7:00,6.119999886
05/10/2017 8:00,5.90899992
06/10/2017 15:00,11.5369997
06/10/2017 16:00,11.11499977
07/10/2017 23:00,11.18500042
08/10/2017 0:00,11.32600021
09/10/2017 7:00,11.11499977
09/10/2017 8:00,11.11499977
10/10/2017 15:00,11.67800045
10/10/2017 16:00,10.62199974
11/10/2017 23:00,6.40199995
12/10/2017 0:00,6.612999916
13/10/2017 7:00,6.964000225
13/10/2017 8:00,7.315999985
14/10/2017 15:00,8.159999847
14/10/2017 16:00,7.597000122
15/10/2017 23:00,6.330999851
16/10/2017 0:00,6.330999851
17/10/2017 7:00,6.964000225
17/10/2017 8:00,7.597000122
18/10/2017 15:00,9.637999535
18/10/2017 16:00,9.567000389
19/10/2017 23:00,9.215000153
20/10/2017 0:00,8.86400032
21/10/2017 7:00,10.13000011
21/10/2017 8:00,11.25599957
22/10/2017 15:00,12.38099957
22/10/2017 16:00,13.64700031
23/10/2017 23:00,9.00399971
24/10/2017 0:00,9.215000153
25/10/2017 7:00,7.315999985
25/10/2017 8:00,7.456999779
26/10/2017 15:00,12.59200001
26/10/2017 16:00,13.29599953
27/10/2017 23:00,10.97399998
28/10/2017 0:00,10.69299984
29/10/2017 7:00,9.074999809
29/10/2017 8:00,7.597000122
30/10/2017 15:00,10.62199974
30/10/2017 16:00,11.32600021
31/10/2017 23:00,7.948999882
01/11/2017 0:00,9.567000389
02/11/2017 7:00,9.848999977
02/11/2017 8:00,9.918999672
03/11/2017 15:00,10.27099991
03/11/2017 16:00,10.13000011
04/11/2017 23:00,7.456999779
05/11/2017 0:00,7.315999985
06/11/2017 7:00,8.230999947
06/11/2017 8:00,8.300999641
07/11/2017 15:00,10.69299984
07/11/2017 16:00,11.67800045
08/11/2017 23:00,7.809000015
09/11/2017 0:00,7.809000015
10/11/2017 7:00,9.425999641
10/11/2017 8:00,7.597000122
11/11/2017 15:00,8.86400032
11/11/2017 16:00,9.215000153
12/11/2017 23:00,9.918999672
13/11/2017 0:00,9.637999535
14/11/2017 7:00,7.597000122
14/11/2017 8:00,9.496999741
15/11/2017 15:00,10.19999981
15/11/2017 16:00,9.918999672
16/11/2017 23:00,6.612999916
17/11/2017 0:00,6.752999783
18/11/2017 7:00,3.165999889
18/11/2017 8:00,2.884000063
19/11/2017 15:00,3.447000027
19/11/2017 16:00,3.799000025
20/11/2017 23:00,5.065000057
21/11/2017 0:00,4.854000092
22/11/2017 7:00,5.276000023
22/11/2017 8:00,5.205999851
23/11/2017 15:00,6.612999916
23/11/2017 16:00,7.034999847
24/11/2017 23:00,6.964000225
25/11/2017 0:00,6.894000053
26/11/2017 7:00,6.894000053
26/11/2017 8:00,7.52699995
27/11/2017 15:00,6.472000122
27/11/2017 16:00,6.541999817
28/11/2017 23:00,7.879000187
29/11/2017 0:00,8.090000153
30/11/2017 7:00,2.743999958
30/11/2017 8:00,2.813999891
01/12/2017 15:00,4.150000095
01/12/2017 16:00,4.290999889
02/12/2017 23:00,5.55700016
03/12/2017 0:00,5.346000195
04/12/2017 7:00,5.276000023
04/12/2017 8:00,4.43200016
05/12/2017 15:00,5.065000057
05/12/2017 16:00,5.205999851
06/12/2017 23:00,5.065000057
07/12/2017 0:00,4.994999886
08/12/2017 7:00,1.758999944
08/12/2017 8:00,1.126000047
09/12/2017 15:00,6.190999985
09/12/2017 16:00,6.40199995
10/12/2017 23:00,4.854000092
11/12/2017 0:00,4.994999886
12/12/2017 7:00,1.406999946
12/12/2017 8:00,1.266000032
13/12/2017 15:00,2.39199996
13/12/2017 16:00,2.039999962
14/12/2017 23:00,2.532000065
15/12/2017 0:00,2.954999924
16/12/2017 7:00,3.165999889
16/12/2017 8:00,3.799000025
17/12/2017 15:00,5.135000229
17/12/2017 16:00,5.065000057
18/12/2017 23:00,4.712999821
19/12/2017 0:00,4.361999989
20/12/2017 7:00,4.923999786
20/12/2017 8:00,5.346000195
21/12/2017 15:00,7.52699995
21/12/2017 16:00,7.879000187
22/12/2017 23:00,5.486999989
23/12/2017 0:00,5.416999817
24/12/2017 7:00,2.602999926
24/12/2017 8:00,3.095000029
25/12/2017 15:00,6.261000156
25/12/2017 16:00,5.979000092
26/12/2017 23:00,3.727999926
27/12/2017 0:00,3.305999994
28/12/2017 7:00,5.346000195
28/12/2017 8:00,4.501999855
29/12/2017 15:00,7.175000191
29/12/2017 16:00,7.245999813
30/12/2017 23:00,4.43200016
31/12/2017 0:00,4.221000195
01/01/2018 7:00,3.588000059
01/01/2018 8:00,3.236000061
02/01/2018 15:00,6.894000053
02/01/2018 16:00,6.190999985
03/01/2018 23:00,-2.39199996
04/01/2018 0:00,-2.039999962
05/01/2018 7:00,0.0
05/01/2018 8:00,0.0
06/01/2018 15:00,1.19599998
06/01/2018 16:00,1.266000032
07/01/2018 23:00,0.0
08/01/2018 0:00,0.0
09/01/2018 7:00,3.025000095
09/01/2018 8:00,3.588000059
10/01/2018 15:00,2.884000063
10/01/2018 16:00,2.743999958
11/01/2018 23:00,2.180999994
12/01/2018 0:00,2.673000097
13/01/2018 7:00,1.547999978
13/01/2018 8:00,1.618000031
14/01/2018 15:00,6.752999783
14/01/2018 16:00,7.105000019
15/01/2018 23:00,5.627999783
16/01/2018 0:00,6.190999985
17/01/2018 7:00,5.979000092
17/01/2018 8:00,5.486999989
18/01/2018 15:00,4.221000195
18/01/2018 16:00,4.501999855
19/01/2018 23:00,6.261000156
20/01/2018 0:00,5.697999954
21/01/2018 7:00,4.150000095
21/01/2018 8:00,4.501999855
22/01/2018 15:00,5.486999989
22/01/2018 16:00,5.346000195
23/01/2018 23:00,2.039999962
24/01/2018 0:00,1.618000031
25/01/2018 7:00,-2.461999893
25/01/2018 8:00,-2.180999994
26/01/2018 15:00,0.0
26/01/2018 16:00,0.0
27/01/2018 23:00,0.0
28/01/2018 0:00,0.0
29/01/2018 7:00,0.773999989
29/01/2018 8:00,0.773999989
30/01/2018 15:00,3.377000093
30/01/2018 16:00,3.447000027
31/01/2018 23:00,1.758999944
01/02/2018 0:00,2.743999958
02/02/2018 7:00,3.727999926
02/02/2018 8:00,3.868999958
03/02/2018 15:00,3.447000027
03/02/2018 16:00,3.657999992
04/02/2018 23:00,3.588000059
05/02/2018 0:00,4.290999889
06/02/2018 7:00,1.547999978
06/02/2018 8:00,1.19599998
07/02/2018 15:00,4.923999786
07/02/2018 16:00,4.643000126
08/02/2018 23:00,2.602999926
09/02/2018 0:00,2.813999891
10/02/2018 7:00,2.813999891
10/02/2018 8:00,3.447000027
11/02/2018 15:00,3.095000029
11/02/2018 16:00,3.095000029
12/02/2018 23:00,4.150000095
13/02/2018 0:00,4.290999889
14/02/2018 7:00,4.923999786
14/02/2018 8:00,5.90899992
15/02/2018 15:00,3.165999889
15/02/2018 16:00,3.657999992
16/02/2018 23:00,5.135000229
17/02/2018 0:00,4.572999954
18/02/2018 7:00,4.150000095
18/02/2018 8:00,4.290999889
19/02/2018 15:00,2.954999924
19/02/2018 16:00,2.884000063
20/02/2018 23:00,2.321000099
21/02/2018 0:00,2.532000065
22/02/2018 7:00,4.78399992
22/02/2018 8:00,5.205999851
23/02/2018 15:00,6.894000053
23/02/2018 16:00,7.386000156
24/02/2018 23:00,4.643000126
25/02/2018 0:00,3.868999958
26/02/2018 7:00,4.572999954
26/02/2018 8:00,4.712999821
27/02/2018 15:00,7.315999985
27/02/2018 16:00,7.668000221
28/02/2018 23:00,5.979000092
01/03/2018 0:00,5.486999989
02/03/2018 7:00,1.687999964
02/03/2018 8:00,1.758999944
03/03/2018 15:00,7.668000221
03/03/2018 16:00,7.52699995
04/03/2018 23:00,1.337000012
05/03/2018 0:00,0.773999989
06/03/2018 7:00,1.970000029
06/03/2018 8:00,1.406999946
07/03/2018 15:00,1.547999978
07/03/2018 16:00,1.828999996
08/03/2018 23:00,4.643000126
09/03/2018 0:00,4.501999855
10/03/2018 7:00,4.572999954
10/03/2018 8:00,5.276000023
11/03/2018 15:00,9.918999672
11/03/2018 16:00,9.708000183
12/03/2018 23:00,9.215000153
13/03/2018 0:00,9.00399971
14/03/2018 7:00,10.19999981
14/03/2018 8:00,10.48200035
15/03/2018 15:00,10.83300018
15/03/2018 16:00,11.67800045
16/03/2018 23:00,4.150000095
17/03/2018 0:00,3.377000093
18/03/2018 7:00,7.737999916
18/03/2018 8:00,8.090000153
19/03/2018 15:00,5.416999817
19/03/2018 16:00,5.065000057
20/03/2018 23:00,3.377000093
21/03/2018 0:00,3.447000027
22/03/2018 7:00,6.119999886
22/03/2018 8:00,6.964000225
23/03/2018 15:00,12.52200031
23/03/2018 16:00,12.38099957
24/03/2018 23:00,10.62199974
25/03/2018 0:00,10.69299984
26/03/2018 7:00,10.76299953
26/03/2018 8:00,11.04399967
27/03/2018 15:00,13.08500004
27/03/2018 16:00,13.57699966
28/03/2018 23:00,9.567000389
29/03/2018 0:00,9.496999741
30/03/2018 7:00,5.205999851
30/03/2018 8:00,5.55700016
31/03/2018 15:00,5.768000126
31/03/2018 16:00,5.768000126
01/04/2018 23:00,10.13000011
02/04/2018 0:00,9.708000183
03/04/2018 7:00,9.496999741
03/04/2018 8:00,9.848999977
04/04/2018 15:00,4.43200016
04/04/2018 16:00,4.221000195
05/04/2018 23:00,1.126000047
06/04/2018 0:00,0.985000014
07/04/2018 7:00,4.994999886
07/04/2018 8:00,4.221000195
08/04/2018 15:00,7.668000221
08/04/2018 16:00,7.809000015
09/04/2018 23:00,9.215000153
10/04/2018 0:00,8.86400032
11/04/2018 7:00,9.918999672
11/04/2018 8:00,9.918999672
12/04/2018 15:00,6.472000122
12/04/2018 16:00,6.330999851
13/04/2018 23:00,3.588000059
14/04/2018 0:00,4.290999889
15/04/2018 7:00,5.768000126
15/04/2018 8:00,4.854000092
16/04/2018 15:00,8.652999878
16/04/2018 16:00,9.00399971
17/04/2018 23:00,7.668000221
18/04/2018 0:00,7.456999779
19/04/2018 7:00,8.090000153
19/04/2018 8:00,9.074999809
20/04/2018 15:00,12.94400024
20/04/2018 16:00,13.43599987
21/04/2018 23:00,9.145000458
22/04/2018 0:00,9.567000389
23/04/2018 7:00,4.643000126
23/04/2018 8:00,4.361999989
24/04/2018 15:00,8.652999878
24/04/2018 16:00,8.230999947
25/04/2018 23:00,8.512000084
26/04/2018 0:00,8.722999573
27/04/2018 7:00,10.3409996
27/04/2018 8:00,11.18500042
28/04/2018 15:00,13.22500038
28/04/2018 16:00,13.9289999
29/04/2018 23:00,12.38099957
30/04/2018 0:00,12.7329998
01/05/2018 7:00,13.9989996
01/05/2018 8:00,14.06900024
02/05/2018 15:00,10.27099991
02/05/2018 16:00,10.48200035
03/05/2018 23:00,10.90400028
04/05/2018 0:00,10.41100025
05/05/2018 7:00,7.315999985
05/05/2018 8:00,9.708000183
06/05/2018 15:00,9.074999809
06/05/2018 16:00,9.567000389
07/05/2018 23:00,8.300999641
08/05/2018 0:00,8.512000084
09/05/2018 7:00,7.879000187
09/05/2018 8:00,8.230999947
10/05/2018 15:00,10.13000011
10/05/2018 16:00,10.06000042
11/05/2018 23:00,11.88899994
12/05/2018 0:00,11.81799984
13/05/2018 7:00,10.83300018
13/05/2018 8:00,10.55200005
14/05/2018 15:00,16.81299973
14/05/2018 16:00,16.32099915
15/05/2018 23:00,15.68700027
16/05/2018 0:00,15.96899986
17/05/2018 7:00,10.97399998
17/05/2018 8:00,8.090000153
18/05/2018 15:00,12.7329998
18/05/2018 16:00,9.425999641
19/05/2018 23:00,7.105000019
20/05/2018 0:00,7.105000019
21/05/2018 7:00,5.979000092
21/05/2018 8:00,6.050000191
22/05/2018 15:00,6.261000156
22/05/2018 16:00,6.119999886
23/05/2018 23:00,8.793000221
24/05/2018 0:00,8.442000389
25/05/2018 7:00,9.425999641
25/05/2018 8:00,9.145000458
26/05/2018 15:00,9.355999947
26/05/2018 16:00,9.425999641
27/05/2018 23:00,10.19999981
28/05/2018 0:00,10.06000042
29/05/2018 7:00,10.69299984
29/05/2018 8:00,11.67800045
30/05/2018 15:00,12.02900028
30/05/2018 16:00,11.32600021
31/05/2018 23:00,10.41100025
01/06/2018 0:00,8.512000084
02/06/2018 7:00,8.652999878
02/06/2018 8:00,8.722999573
03/06/2018 15:00,12.6619997
03/06/2018 16:00,13.43599987
04/06/2018 23:00,10.13000011
05/06/2018 0:00,9.918999672
06/06/2018 7:00,9.496999741
06/06/2018 8:00,10.19999981
07/06/2018 15:00,12.7329998
07/06/2018 16:00,12.6619997
08/06/2018 23:00,8.722999573
09/06/2018 0:00,8.86400032
10/06/2018 7:00,8.020000458
10/06/2018 8:00,8.300999641
11/06/2018 15:00,12.02900028
11/06/2018 16:00,12.17000008
12/06/2018 23:00,11.18500042
13/06/2018 0:00,11.18500042
14/06/2018 7:00,10.90400028
14/06/2018 8:00,11.11499977
15/06/2018 15:00,11.81799984
15/06/2018 16:00,12.38099957
16/06/2018 23:00,8.300999641
17/06/2018 0:00,8.159999847
18/06/2018 7:00,9.286000252
18/06/2018 8:00,9.145000458
19/06/2018 15:00,5.627999783
19/06/2018 16:00,4.643000126
20/06/2018 23:00,9.00399971
21/06/2018 0:00,9.00399971
22/06/2018 7:00,7.034999847
22/06/2018 8:00,4.854000092
23/06/2018 15:00,7.809000015
23/06/2018 16:00,8.159999847
24/06/2018 23:00,8.512000084
25/06/2018 0:00,8.722999573
26/06/2018 7:00,9.637999535
26/06/2018 8:00,9.425999641
01/07/2016 19:00,26.13750076
01/07/2016 20:00,26.13750076
03/07/2016 3:00,28.55450058
03/07/2016 4:00,28.1154995
04/07/2016 11:00,32.5094986
04/07/2016 12:00,35.14649963
05/07/2016 19:00,33.38899994
05/07/2016 20:00,33.38899994
07/07/2016 3:00,32.94950104
07/07/2016 4:00,32.94950104
08/07/2016 11:00,43.05649948
08/07/2016 12:00,44.59500122
09/07/2016 19:00,41.29899979
09/07/2016 20:00,40.63949966
11/07/2016 3:00,37.56349945
11/07/2016 4:00,37.34400177
12/07/2016 11:00,44.1554985
12/07/2016 12:00,46.57249832
13/07/2016 19:00,43.2765007
13/07/2016 20:00,42.83649826
15/07/2016 3:00,34.48699951
15/07/2016 4:00,34.48699951
16/07/2016 11:00,38.00299835
16/07/2016 12:00,38.22249985
17/07/2016 19:00,43.27600098
17/07/2016 20:00,41.95800018
19/07/2016 3:00,38.44250107
19/07/2016 4:00,38.22299957
20/07/2016 11:00,46.79199982
20/07/2016 12:00,47.23149872
21/07/2016 19:00,47.89049911
21/07/2016 20:00,46.13299942
23/07/2016 3:00,42.61700058
23/07/2016 4:00,41.51850128
24/07/2016 11:00,50.30749893
24/07/2016 12:00,52.94400024
25/07/2016 19:00,51.18650055
25/07/2016 20:00,48.98949814
27/07/2016 3:00,44.8144989
27/07/2016 4:00,44.1554985
28/07/2016 11:00,50.74700165
28/07/2016 12:00,52.72449875
29/07/2016 19:00,51.18650055
29/07/2016 20:00,50.08800125
31/07/2016 3:00,47.32899857
31/07/2016 4:00,47.32899857
01/08/2016 11:00,49.5265007
01/08/2016 12:00,50.8445015
02/08/2016 19:00,41.39599991
02/08/2016 20:00,41.39599991
04/08/2016 3:00,37.0019989
04/08/2016 4:00,36.56200027
05/08/2016 11:00,43.59400177
05/08/2016 12:00,44.25299835
06/08/2016 19:00,45.35200119
06/08/2016 20:00,44.03300095
08/08/2016 3:00,41.39599991
08/08/2016 4:00,40.73749924
09/08/2016 11:00,46.88949966
09/08/2016 12:00,48.20800018
10/08/2016 19:00,46.22999954
10/08/2016 20:00,45.35200119
12/08/2016 3:00,42.71500015
12/08/2016 4:00,42.27500153
13/08/2016 11:00,49.0870018
13/08/2016 12:00,50.625
14/08/2016 19:00,48.86700058
14/08/2016 20:00,47.76850128
16/08/2016 3:00,42.93450165
16/08/2016 4:00,42.27500153
17/08/2016 11:00,47.10950089
17/08/2016 12:00,48.86750031
18/08/2016 19:00,49.9659996
18/08/2016 20:00,48.64749908
20/08/2016 3:00,44.47299957
20/08/2016 4:00,43.81349945
21/08/2016 11:00,40.73749924
21/08/2016 12:00,43.81349945
22/08/2016 19:00,47.10900116
22/08/2016 20:00,46.01050186
24/08/2016 3:00,41.61600113
24/08/2016 4:00,40.95700073
25/08/2016 11:00,47.32899857
25/08/2016 12:00,49.9659996
26/08/2016 19:00,35.68399811
26/08/2016 20:00,35.0245018
28/08/2016 3:00,31.28899956
28/08/2016 4:00,30.40999985
29/08/2016 11:00,42.71500015
29/08/2016 12:00,44.69250107
30/08/2016 19:00,40.29800034
30/08/2016 20:00,38.31999969
01/09/2016 3:00,34.80500031
01/09/2016 4:00,34.58499908
02/09/2016 11:00,43.37400055
02/09/2016 12:00,46.01050186
03/09/2016 19:00,43.81349945
03/09/2016 20:00,41.83599854
05/09/2016 3:00,33.92599869
05/09/2016 4:00,33.48600006
06/09/2016 11:00,31.94849968
06/09/2016 12:00,33.26649857
07/09/2016 19:00,34.58499908
07/09/2016 20:00,33.70600128
09/09/2016 3:00,32.82699966
09/09/2016 4:00,32.16799927
10/09/2016 11:00,37.44100189
10/09/2016 12:00,38.97949982
11/09/2016 19:00,32.60699844
11/09/2016 20:00,31.94849968
13/09/2016 3:00,33.26649857
13/09/2016 4:00,33.04700089
14/09/2016 11:00,35.4640007
14/09/2016 12:00,36.56200027
15/09/2016 19:00,27.77350044
15/09/2016 20:00,27.33399963
17/09/2016 3:00,29.97100067
17/09/2016 4:00,29.75099945
18/09/2016 11:00,38.75999832
18/09/2016 12:00,41.17699814
19/09/2016 19:00,34.58499908
19/09/2016 20:00,33.48600006
21/09/2016 3:00,27.77300072
21/09/2016 4:00,27.55349922
22/09/2016 11:00,37.2215004
22/09/2016 12:00,39.85800171
23/09/2016 19:00,35.68399811
23/09/2016 20:00,34.36500168
25/09/2016 3:00,33.92599869
25/09/2016 4:00,33.48600006
26/09/2016 11:00,40.73699951
26/09/2016 12:00,43.37400055
27/09/2016 19:00,41.17649841
27/09/2016 20:00,39.85850143
29/09/2016 3:00,21.62100029
29/09/2016 4:00,21.62100029
30/09/2016 11:00,22.28050041
30/09/2016 12:00,22.71949959
01/10/2016 19:00,31.94849968
01/10/2016 20:00,31.28899956
03/10/2016 3:00,28.65200043
03/10/2016 4:00,28.65250015
04/10/2016 11:00,33.48600006
04/10/2016 12:00,34.14550018
05/10/2016 19:00,34.80500031
05/10/2016 20:00,33.48600006
07/10/2016 3:00,24.91699982
07/10/2016 4:00,25.13699913
08/10/2016 11:00,33.04650116
08/10/2016 12:00,31.28899956
09/10/2016 19:00,26.89500046
09/10/2016 20:00,26.01600075
11/10/2016 3:00,26.23550034
11/10/2016 4:00,26.23550034
12/10/2016 11:00,25.57600021
12/10/2016 12:00,26.01600075
13/10/2016 19:00,26.67499924
13/10/2016 20:00,25.57600021
15/10/2016 3:00,23.81800079
15/10/2016 4:00,23.81800079
16/10/2016 11:00,30.84950066
16/10/2016 12:00,31.50900078
17/10/2016 19:00,30.85000038
17/10/2016 20:00,29.97100067
19/10/2016 3:00,29.53100014
19/10/2016 4:00,29.31150055
20/10/2016 11:00,27.55349922
20/10/2016 12:00,27.33399963
21/10/2016 19:00,29.31150055
21/10/2016 20:00,29.75099945
23/10/2016 3:00,25.35650063
23/10/2016 4:00,24.91699982
24/10/2016 11:00,27.11450005
24/10/2016 12:00,28.43250084
25/10/2016 19:00,23.5984993
25/10/2016 20:00,23.5984993
27/10/2016 3:00,18.76449966
27/10/2016 4:00,19.20400047
28/10/2016 11:00,19.64349937
28/10/2016 12:00,18.98399925
29/10/2016 19:00,17.44650078
29/10/2016 20:00,17.66600037
31/10/2016 3:00,19.64349937
31/10/2016 4:00,19.64349937
01/11/2016 11:00,17.88549995
01/11/2016 12:00,18.54450035
02/11/2016 19:00,20.08300018
02/11/2016 20:00,18.10549927
04/11/2016 3:00,15.2489996
04/11/2016 4:00,14.80949974
05/11/2016 11:00,28.21299934
05/11/2016 12:00,30.62999916
06/11/2016 19:00,28.65250015
06/11/2016 20:00,27.33399963
08/11/2016 3:00,16.56749916
08/11/2016 4:00,16.34749985
09/11/2016 11:00,19.64349937
09/11/2016 12:00,20.74200058
10/11/2016 19:00,17.88549995
10/11/2016 20:00,17.22649956
12/11/2016 3:00,19.2045002
12/11/2016 4:00,18.98450089
13/11/2016 11:00,26.01549911
13/11/2016 12:00,27.99300003
14/11/2016 19:00,27.99349976
14/11/2016 20:00,26.89450073
16/11/2016 3:00,19.8635006
16/11/2016 4:00,19.42399979
17/11/2016 11:00,21.62100029
17/11/2016 12:00,22.28050041
18/11/2016 19:00,25.7954998
18/11/2016 20:00,25.7954998
20/11/2016 3:00,25.35650063
20/11/2016 4:00,24.91699982
21/11/2016 11:00,21.18149948
21/11/2016 12:00,22.71949959
22/11/2016 19:00,8.876999855
22/11/2016 20:00,8.4375
24/11/2016 3:00,5.361499786
24/11/2016 4:00,4.921999931
25/11/2016 11:00,12.61200047
25/11/2016 12:00,13.49100018
26/11/2016 19:00,15.02950001
26/11/2016 20:00,13.93099976
28/11/2016 3:00,11.29399967
28/11/2016 4:00,10.85449982
29/11/2016 11:00,17.88549995
29/11/2016 12:00,19.42399979
30/11/2016 19:00,18.32550049
30/11/2016 20:00,17.88549995
02/12/2016 3:00,16.34749985
02/12/2016 4:00,15.46850014
03/12/2016 11:00,19.20400047
03/12/2016 12:00,20.74250031
04/12/2016 19:00,22.28050041
04/12/2016 20:00,21.18149948
06/12/2016 3:00,14.59000015
06/12/2016 4:00,13.71100044
07/12/2016 11:00,18.98450089
07/12/2016 12:00,21.8409996
08/12/2016 19:00,21.18149948
08/12/2016 20:00,20.08300018
10/12/2016 3:00,14.1505003
10/12/2016 4:00,13.93099976
11/12/2016 11:00,16.56699944
11/12/2016 12:00,17.00650024
12/12/2016 19:00,21.62100029
12/12/2016 20:00,21.18149948
14/12/2016 3:00,12.61250019
14/12/2016 4:00,11.73349953
15/12/2016 11:00,14.1505003
15/12/2016 12:00,16.78700066
16/12/2016 19:00,13.93050003
16/12/2016 20:00,12.39249992
18/12/2016 3:00,11.51350021
18/12/2016 4:00,10.63449955
19/12/2016 11:00,21.8409996
19/12/2016 12:00,23.37899971
20/12/2016 19:00,18.98450089
20/12/2016 20:00,18.98450089
22/12/2016 3:00,14.59000015
22/12/2016 4:00,14.36999989
23/12/2016 11:00,15.90799999
23/12/2016 12:00,18.98450089
24/12/2016 19:00,14.41899967
24/12/2016 20:00,14.85849953
26/12/2016 3:00,15.51799965
26/12/2016 4:00,14.41899967
27/12/2016 11:00,13.97949982
27/12/2016 12:00,15.07800007
28/12/2016 19:00,12.66100025
28/12/2016 20:00,11.78199959
30/12/2016 3:00,8.486499786
30/12/2016 4:00,8.046500206
31/12/2016 11:00,10.68350029
31/12/2016 12:00,10.68350029
01/01/2017 19:00,21.23049927
01/01/2017 20:00,19.91250038
03/01/2017 3:00,13.97949982
03/01/2017 4:00,13.32050037
04/01/2017 11:00,19.47249985
04/01/2017 12:00,19.91250038
05/01/2017 19:00,15.07849979
05/01/2017 20:00,15.51749992
07/01/2017 3:00,15.51799965
07/01/2017 4:00,15.51799965
08/01/2017 11:00,12.2215004
08/01/2017 12:00,12.66100025
09/01/2017 19:00,13.97949982
09/01/2017 20:00,13.97949982
11/01/2017 3:00,13.32050037
11/01/2017 4:00,13.10050011
12/01/2017 11:00,14.63850021
12/01/2017 12:00,15.29800034
13/01/2017 19:00,16.39649963
13/01/2017 20:00,15.07849979
15/01/2017 3:00,10.02449989
15/01/2017 4:00,9.36550045
16/01/2017 11:00,13.75949955
16/01/2017 12:00,16.83600044
17/01/2017 19:00,12.66100025
17/01/2017 20:00,12.00150013
19/01/2017 3:00,12.88049984
19/01/2017 4:00,12.88049984
20/01/2017 11:00,12.66100025
20/01/2017 12:00,15.29749966
21/01/2017 19:00,13.10050011
21/01/2017 20:00,12.00150013
23/01/2017 3:00,8.706000328
23/01/2017 4:00,8.266500473
24/01/2017 11:00,13.97949982
24/01/2017 12:00,16.83600044
25/01/2017 19:00,15.73750019
25/01/2017 20:00,14.19950008
27/01/2017 3:00,10.9034996
27/01/2017 4:00,10.46399975
01/07/2016 15:00,26.79700089
01/07/2016 16:00,26.79700089
02/07/2016 23:00,27.23649979
03/07/2016 0:00,27.67550087
04/07/2016 7:00,27.6760006
04/07/2016 8:00,27.89550018
05/07/2016 15:00,30.75200081
05/07/2016 16:00,31.85050011
06/07/2016 23:00,33.16899872
07/07/2016 0:00,33.60850143
08/07/2016 7:00,36.46500015
08/07/2016 8:00,37.78300095
09/07/2016 15:00,43.49599838
09/07/2016 16:00,44.1554985
10/07/2016 23:00,39.10150146
11/07/2016 0:00,38.88150024
12/07/2016 7:00,36.90449905
12/07/2016 8:00,37.56349945
13/07/2016 15:00,44.8144989
13/07/2016 16:00,44.1554985
14/07/2016 23:00,33.16899872
15/07/2016 0:00,33.38899994
16/07/2016 7:00,32.50999832
16/07/2016 8:00,34.26750183
17/07/2016 15:00,48.54999924
17/07/2016 16:00,47.89099884
18/07/2016 23:00,40.20050049
19/07/2016 0:00,39.76050186
20/07/2016 7:00,38.44250107
20/07/2016 8:00,39.54100037
21/07/2016 15:00,52.50500107
21/07/2016 16:00,52.28499985
22/07/2016 23:00,45.69350052
23/07/2016 0:00,44.8144989
24/07/2016 7:00,41.73799896
24/07/2016 8:00,43.7159996
25/07/2016 15:00,58.4375
25/07/2016 16:00,56.8995018
26/07/2016 23:00,47.23149872
27/07/2016 0:00,46.5719986
28/07/2016 7:00,42.1780014
28/07/2016 8:00,43.27600098
29/07/2016 15:00,55.14149857
29/07/2016 16:00,54.48199844
30/07/2016 23:00,47.54899979
31/07/2016 0:00,47.32899857
01/08/2016 7:00,41.17649841
01/08/2016 8:00,41.39649963
02/08/2016 15:00,42.71500015
02/08/2016 16:00,43.15449905
03/08/2016 23:00,37.44100189
04/08/2016 0:00,37.6609993
05/08/2016 7:00,38.1004982
05/08/2016 8:00,38.97949982
06/08/2016 15:00,47.54899979
06/08/2016 16:00,49.30699921
07/08/2016 23:00,43.59400177
08/08/2016 0:00,42.71500015
09/08/2016 7:00,39.63899994
09/08/2016 8:00,40.51800156
10/08/2016 15:00,46.45000076
10/08/2016 16:00,46.66999817
11/08/2016 23:00,44.91199875
12/08/2016 0:00,44.47299957
13/08/2016 7:00,40.73749924
13/08/2016 8:00,42.27550125
14/08/2016 15:00,54.14099884
14/08/2016 16:00,52.8219986
15/08/2016 23:00,45.79100037
16/08/2016 0:00,45.13199997
17/08/2016 7:00,38.75999832
17/08/2016 8:00,39.85850143
18/08/2016 15:00,55.01950073
18/08/2016 16:00,53.92100143
19/08/2016 23:00,47.10900116
20/08/2016 0:00,46.45000076
21/08/2016 7:00,37.6609993
21/08/2016 8:00,37.6609993
22/08/2016 15:00,48.86700058
22/08/2016 16:00,49.30699921
23/08/2016 23:00,44.25299835
24/08/2016 0:00,43.59400177
25/08/2016 7:00,37.88100052
25/08/2016 8:00,39.41899872
26/08/2016 15:00,37.6609993
26/08/2016 16:00,37.2215004
27/08/2016 23:00,35.0245018
28/08/2016 0:00,34.14550018
29/08/2016 7:00,29.75099945
29/08/2016 8:00,31.94849968
30/08/2016 15:00,47.98799896
30/08/2016 16:00,45.57099915
31/08/2016 23:00,33.48600006
01/09/2016 0:00,36.1230011
02/09/2016 7:00,34.36500168
02/09/2016 8:00,35.24449921
03/09/2016 15:00,46.66949844
03/09/2016 16:00,47.10900116
04/09/2016 23:00,37.44100189
05/09/2016 0:00,36.34249878
06/09/2016 7:00,33.48600006
06/09/2016 8:00,32.38800049
07/09/2016 15:00,38.7594986
07/09/2016 16:00,38.97949982
08/09/2016 23:00,35.24399948
09/09/2016 0:00,34.80500031
10/09/2016 7:00,35.0245018
10/09/2016 8:00,34.80450058
11/09/2016 15:00,36.34249878
11/09/2016 16:00,35.9034996
12/09/2016 23:00,36.56200027
13/09/2016 0:00,35.9034996
14/09/2016 7:00,31.94849968
14/09/2016 8:00,32.60699844
15/09/2016 15:00,27.99300003
15/09/2016 16:00,27.99300003
16/09/2016 23:00,29.53100014
17/09/2016 0:00,29.75099945
18/09/2016 7:00,28.65200043
18/09/2016 8:00,29.97100067
19/09/2016 15:00,41.39599991
19/09/2016 16:00,40.51750183
20/09/2016 23:00,29.97100067
21/09/2016 0:00,29.53100014
22/09/2016 7:00,25.79599953
22/09/2016 8:00,27.33399963
23/09/2016 15:00,42.49499893
23/09/2016 16:00,40.73749924
24/09/2016 23:00,35.9034996
25/09/2016 0:00,35.68399811
26/09/2016 7:00,32.60699844
26/09/2016 8:00,33.26649857
27/09/2016 15:00,46.23049927
27/09/2016 16:00,45.35150146
28/09/2016 23:00,24.25799942
29/09/2016 0:00,23.81800079
30/09/2016 7:00,20.52249908
30/09/2016 8:00,21.18149948
01/10/2016 15:00,32.60699844
01/10/2016 16:00,32.38750076
02/10/2016 23:00,28.43250084
03/10/2016 0:00,28.43250084
04/10/2016 7:00,27.55349922
04/10/2016 8:00,28.65200043
05/10/2016 15:00,38.1004982
05/10/2016 16:00,38.1004982
06/10/2016 23:00,29.09199905
07/10/2016 0:00,28.65200043
08/10/2016 7:00,25.79599953
08/10/2016 8:00,26.23550034
09/10/2016 15:00,31.72850037
09/10/2016 16:00,30.41049957
10/10/2016 23:00,27.11450005
11/10/2016 0:00,26.67499924
12/10/2016 7:00,22.06100082
12/10/2016 8:00,22.71949959
13/10/2016 15:00,27.33399963
13/10/2016 16:00,27.11450005
14/10/2016 23:00,25.57600021
15/10/2016 0:00,25.57600021
16/10/2016 7:00,27.77300072
16/10/2016 8:00,27.99300003
17/10/2016 15:00,35.24449921
17/10/2016 16:00,33.70600128
18/10/2016 23:00,30.62999916
19/10/2016 0:00,30.40999985
20/10/2016 7:00,25.79599953
20/10/2016 8:00,26.45499992
21/10/2016 15:00,28.65200043
21/10/2016 16:00,28.65200043
22/10/2016 23:00,25.35650063
23/10/2016 0:00,25.35650063
24/10/2016 7:00,24.91699982
24/10/2016 8:00,25.35650063
25/10/2016 15:00,23.5984993
25/10/2016 16:00,23.5984993
26/10/2016 23:00,20.96199989
27/10/2016 0:00,20.30249977
28/10/2016 7:00,21.62100029
28/10/2016 8:00,21.18199921
29/10/2016 15:00,17.66600037
29/10/2016 16:00,17.22699928
30/10/2016 23:00,20.08300018
31/10/2016 0:00,19.64349937
01/11/2016 7:00,16.12800026
01/11/2016 8:00,16.34799957
02/11/2016 15:00,30.40999985
02/11/2016 16:00,28.43300056
03/11/2016 23:00,15.90849972
04/11/2016 0:00,15.46850014
05/11/2016 7:00,16.34749985
05/11/2016 8:00,17.44599915
06/11/2016 15:00,35.46350098
06/11/2016 16:00,33.92599869
07/11/2016 23:00,18.76449966
08/11/2016 0:00,18.32550049
09/11/2016 7:00,14.80949974
09/11/2016 8:00,14.80949974
10/11/2016 15:00,21.8409996
10/11/2016 16:00,21.40099907
11/11/2016 23:00,19.42399979
12/11/2016 0:00,19.42399979
13/11/2016 7:00,21.84049988
13/11/2016 8:00,22.06049919
14/11/2016 15:00,32.38800049
14/11/2016 16:00,31.28899956
15/11/2016 23:00,21.18149948
16/11/2016 0:00,20.74250031
17/11/2016 7:00,19.20400047
17/11/2016 8:00,19.42399979
18/11/2016 15:00,25.57600021
18/11/2016 16:00,25.57600021
19/11/2016 23:00,26.23550034
20/11/2016 0:00,26.23550034
21/11/2016 7:00,23.81850052
21/11/2016 8:00,23.81850052
22/11/2016 15:00,10.19550037
22/11/2016 16:00,9.975500107
23/11/2016 23:00,6.899000168
24/11/2016 0:00,6.679500103
25/11/2016 7:00,9.755999565
25/11/2016 8:00,9.755999565
26/11/2016 15:00,20.74250031
26/11/2016 16:00,19.8635006
27/11/2016 23:00,14.1505003
28/11/2016 0:00,13.27149963
29/11/2016 7:00,12.61200047
29/11/2016 8:00,12.39249992
30/11/2016 15:00,20.52249908
30/11/2016 16:00,20.3029995
01/12/2016 23:00,17.66600037
02/12/2016 0:00,17.22649956
03/12/2016 7:00,12.17300034
03/12/2016 8:00,11.95300007
04/12/2016 15:00,27.55349922
04/12/2016 16:00,26.67499924
05/12/2016 23:00,17.44650078
06/12/2016 0:00,17.00650024
07/12/2016 7:00,9.755999565
07/12/2016 8:00,9.755999565
08/12/2016 15:00,26.89450073
08/12/2016 16:00,26.23550034
09/12/2016 23:00,15.46850014
10/12/2016 0:00,15.2489996
11/12/2016 7:00,13.49100018
11/12/2016 8:00,13.49100018
12/12/2016 15:00,22.71999931
12/12/2016 16:00,22.71999931
13/12/2016 23:00,14.80949974
14/12/2016 0:00,13.93050003
15/12/2016 7:00,5.142000198
15/12/2016 8:00,5.142000198
16/12/2016 15:00,20.74200058
16/12/2016 16:00,19.64349937
17/12/2016 23:00,12.83199978
18/12/2016 0:00,12.39249992
19/12/2016 7:00,12.83199978
19/12/2016 8:00,13.05200005
20/12/2016 15:00,18.54500008
20/12/2016 16:00,18.54500008
21/12/2016 23:00,16.12800026
22/12/2016 0:00,15.90799999
23/12/2016 7:00,9.975999832
23/12/2016 8:00,9.975999832
24/12/2016 15:00,14.63899994
24/12/2016 16:00,14.63899994
25/12/2016 23:00,16.17700005
26/12/2016 0:00,15.95699978
27/12/2016 7:00,10.24400043
27/12/2016 8:00,10.24400043
28/12/2016 15:00,16.83600044
28/12/2016 16:00,16.83600044
29/12/2016 23:00,10.02449989
30/12/2016 0:00,9.804499626
31/12/2016 7:00,10.68350029
31/12/2016 8:00,10.68350029
01/01/2017 15:00,25.18549919
01/01/2017 16:00,24.74600029
02/01/2017 23:00,17.27549934
03/01/2017 0:00,16.39649963
04/01/2017 7:00,18.15449905
04/01/2017 8:00,18.15449905
05/01/2017 15:00,15.29800034
05/01/2017 16:00,15.29800034
06/01/2017 23:00,16.17700005
07/01/2017 0:00,16.17700005
08/01/2017 7:00,12.88099957
08/01/2017 8:00,12.66100025
09/01/2017 15:00,16.83600044
09/01/2017 16:00,16.83600044
10/01/2017 23:00,14.63850021
11/01/2017 0:00,13.97949982
12/01/2017 7:00,13.75949955
12/01/2017 8:00,13.53999996
13/01/2017 15:00,22.10950089
13/01/2017 16:00,21.67000008
14/01/2017 23:00,12.00150013
15/01/2017 0:00,11.5625
16/01/2017 7:00,7.607500076
16/01/2017 8:00,7.607500076
17/01/2017 15:00,13.97949982
17/01/2017 16:00,13.97949982
18/01/2017 23:00,12.66100025
19/01/2017 0:00,12.88049984
20/01/2017 7:00,7.827000141
20/01/2017 8:00,7.387499809
21/01/2017 15:00,17.93449974
21/01/2017 16:00,17.49500084
22/01/2017 23:00,10.02449989
23/01/2017 0:00,9.804499626
24/01/2017 7:00,7.167500019
24/01/2017 8:00,7.167500019
25/01/2017 15:00,20.35199928
25/01/2017 16:00,21.01049995
26/01/2017 23:00,13.53999996
27/01/2017 0:00,12.88049984
28/01/2017 7:00,11.34300041
28/01/2017 8:00,11.78199959
29/01/2017 15:00,14.19900036
29/01/2017 16:00,13.53999996
30/01/2017 23:00,7.167500019
31/01/2017 0:00,6.947999954
01/02/2017 7:00,8.925499916
01/02/2017 8:00,8.925499916
02/02/2017 15:00,13.76000023
02/02/2017 16:00,13.76000023
03/02/2017 23:00,12.88049984
04/02/2017 0:00,12.88049984
05/02/2017 7:00,12.2215004
05/02/2017 8:00,12.44149971
06/02/2017 15:00,20.13199997
06/02/2017 16:00,19.47249985
07/02/2017 23:00,11.12349987
08/02/2017 0:00,10.68350029
09/02/2017 7:00,6.948500156
09/02/2017 8:00,6.508500099
10/02/2017 15:00,19.91250038
10/02/2017 16:00,18.15399933
11/02/2017 23:00,9.36550045
12/02/2017 0:00,8.706000328
13/02/2017 7:00,7.827000141
13/02/2017 8:00,7.827000141
14/02/2017 15:00,26.50349998
14/02/2017 16:00,25.625
15/02/2017 23:00,20.13199997
16/02/2017 0:00,19.47299957
17/02/2017 7:00,18.37400055
17/02/2017 8:00,17.05550003
18/02/2017 15:00,24.9659996
18/02/2017 16:00,24.5265007
19/02/2017 23:00,24.08699989
20/02/2017 0:00,23.64749908
21/02/2017 7:00,7.606999874
21/02/2017 8:00,7.606999874
22/02/2017 15:00,8.925999641
22/02/2017 16:00,9.364999771
23/02/2017 23:00,11.78199959
24/02/2017 0:00,11.78199959
25/02/2017 7:00,8.925499916
25/02/2017 8:00,9.145500183
26/02/2017 15:00,29.14100075
26/02/2017 16:00,28.04199982
27/02/2017 23:00,18.81349945
28/02/2017 0:00,18.15399933
01/03/2017 7:00,16.83550072
01/03/2017 8:00,16.39649963
02/03/2017 15:00,27.82250023
02/03/2017 16:00,25.18549919
03/03/2017 23:00,19.25300026
04/03/2017 0:00,18.59350014
05/03/2017 7:00,16.61599922
05/03/2017 8:00,16.61599922
06/03/2017 15:00,28.04199982
06/03/2017 16:00,26.28450012
07/03/2017 23:00,17.71450043
08/03/2017 0:00,17.27549934
09/03/2017 7:00,11.12349987
09/03/2017 8:00,11.78199959
10/03/2017 15:00,29.57999992
10/03/2017 16:00,29.58049965
11/03/2017 23:00,21.66950035
12/03/2017 0:00,21.66950035
13/03/2017 7:00,15.29800034
13/03/2017 8:00,14.63850021
14/03/2017 15:00,30.23900032
14/03/2017 16:00,28.48150063
15/03/2017 23:00,19.47299957
16/03/2017 0:00,18.59399986
17/03/2017 7:00,13.32050037
17/03/2017 8:00,14.41899967
18/03/2017 15:00,20.13199997
18/03/2017 16:00,20.13199997
19/03/2017 23:00,15.95750046
20/03/2017 0:00,16.83550072
21/03/2017 7:00,15.95750046
21/03/2017 8:00,16.39649963
22/03/2017 15:00,13.76000023
22/03/2017 16:00,13.53999996
23/03/2017 23:00,16.39649963
24/03/2017 0:00,15.29800034
25/03/2017 7:00,14.63850021
25/03/2017 8:00,15.07849979
26/03/2017 15:00,30.89850044
26/03/2017 16:00,29.57999992
27/03/2017 23:00,23.86700058
28/03/2017 0:00,23.86700058
29/03/2017 7:00,19.03350067
29/03/2017 8:00,19.03350067
30/03/2017 15:00,17.49500084
30/03/2017 16:00,16.83600044
31/03/2017 23:00,15.07849979
01/04/2017 0:00,19.03350067
02/04/2017 7:00,15.95750046
02/04/2017 8:00,17.93449974
03/04/2017 15:00,37.05049896
03/04/2017 16:00,36.39149857
04/04/2017 23:00,25.625
05/04/2017 0:00,24.74650002
06/04/2017 7:00,21.23049927
06/04/2017 8:00,20.57150078
07/04/2017 15:00,25.625
07/04/2017 16:00,25.625
08/04/2017 23:00,23.20800018
09/04/2017 0:00,22.10950089
10/04/2017 7:00,15.29800034
10/04/2017 8:00,15.73750019
11/04/2017 15:00,14.90699959
11/04/2017 16:00,14.90699959
12/04/2017 23:00,12.66100025
13/04/2017 0:00,11.56200027
14/04/2017 7:00,23.23250008
14/04/2017 8:00,24.9904995
15/04/2017 15:00,46.52349854
15/04/2017 16:00,45.20500183
16/04/2017 23:00,35.31700134
17/04/2017 0:00,35.31700134
18/04/2017 7:00,35.75650024
18/04/2017 8:00,37.07550049
19/04/2017 15:00,44.32600021
19/04/2017 16:00,46.08399963
20/04/2017 23:00,28.94499969
21/04/2017 0:00,28.50600052
22/04/2017 7:00,21.03499985
22/04/2017 8:00,23.23250008
23/04/2017 15:00,40.37099838
23/04/2017 16:00,38.61349869
24/04/2017 23:00,31.80150032
25/04/2017 0:00,31.36249924
26/04/2017 7:00,24.98999977
26/04/2017 8:00,24.98999977
27/04/2017 15:00,38.39350128
27/04/2017 16:00,36.19599915
28/04/2017 23:00,28.50600052
29/04/2017 0:00,27.62700081
30/04/2017 7:00,24.5510006
30/04/2017 8:00,27.40749931
01/05/2017 15:00,36.85549927
01/05/2017 16:00,35.75650024
02/05/2017 23:00,22.79299927
03/05/2017 0:00,23.23250008
04/05/2017 7:00,24.9904995
04/05/2017 8:00,24.55050087
05/05/2017 15:00,37.95399857
05/05/2017 16:00,37.29499817
06/05/2017 23:00,29.38500023
07/05/2017 0:00,28.72550011
08/05/2017 7:00,26.0890007
08/05/2017 8:00,25.20999908
09/05/2017 15:00,38.61349869
09/05/2017 16:00,37.29499817
10/05/2017 23:00,33.34000015
11/05/2017 0:00,32.90050125
12/05/2017 7:00,23.45199966
12/05/2017 8:00,24.11100006
13/05/2017 15:00,46.96300125
13/05/2017 16:00,45.20500183
14/05/2017 23:00,33.34000015
15/05/2017 0:00,33.34000015
16/05/2017 7:00,25.47900009
16/05/2017 8:00,27.23600006
17/05/2017 15:00,43.49599838
17/05/2017 16:00,41.51850128
18/05/2017 23:00,35.14599991
19/05/2017 0:00,34.48749924
20/05/2017 7:00,29.43400002
20/05/2017 8:00,30.75200081
21/05/2017 15:00,41.95800018
21/05/2017 16:00,41.29899979
22/05/2017 23:00,37.56349945
23/05/2017 0:00,37.34400177
24/05/2017 7:00,26.13750076
24/05/2017 8:00,27.01650047
25/05/2017 15:00,43.9355011
25/05/2017 16:00,43.49649811
26/05/2017 23:00,30.53199959
27/05/2017 0:00,30.53199959
28/05/2017 7:00,32.06999969
28/05/2017 8:00,34.48699951
29/05/2017 15:00,49.86849976
29/05/2017 16:00,47.45149994
30/05/2017 23:00,36.90399933
31/05/2017 0:00,36.68450165
01/06/2017 7:00,36.02500153
01/06/2017 8:00,37.34400177
02/06/2017 15:00,46.79199982
02/06/2017 16:00,45.9129982
03/06/2017 23:00,37.34400177
04/06/2017 0:00,36.24499893
05/06/2017 7:00,29.6534996
05/06/2017 8:00,30.31200027
06/06/2017 15:00,32.94950104
06/06/2017 16:00,32.94950104
07/06/2017 23:00,32.94900131
08/06/2017 0:00,32.06999969
09/06/2017 7:00,33.82799911
09/06/2017 8:00,34.26800156
10/06/2017 15:00,27.6760006
10/06/2017 16:00,28.11499977
11/06/2017 23:00,33.38850021
12/06/2017 0:00,33.16899872
13/06/2017 7:00,30.75200081
13/06/2017 8:00,30.53199959
14/06/2017 15:00,35.58599854
14/06/2017 16:00,35.80550003
15/06/2017 23:00,32.94900131
16/06/2017 0:00,32.50999832
17/06/2017 7:00,29.87299919
17/06/2017 8:00,31.4109993
18/06/2017 15:00,39.32099915
18/06/2017 16:00,39.98049927
19/06/2017 23:00,33.16899872
20/06/2017 0:00,32.94900131
21/06/2017 7:00,34.26800156
21/06/2017 8:00,34.70700073
22/06/2017 15:00,36.90399933
22/06/2017 16:00,36.90399933
23/06/2017 23:00,34.48749924
24/06/2017 0:00,34.26800156
25/06/2017 7:00,36.02500153
25/06/2017 8:00,36.46450043
26/06/2017 15:00,44.81399918
26/06/2017 16:00,43.05649948
27/06/2017 23:00,37.12400055
28/06/2017 0:00,36.90399933
29/06/2017 7:00,34.04800034
29/06/2017 8:00,35.14649963
30/06/2017 15:00,30.53199959
30/06/2017 16:00,31.85050011
01/07/2017 23:00,31.85050011
02/07/2017 0:00,31.19149971
03/07/2017 7:00,32.50999832
03/07/2017 8:00,34.04800034
04/07/2017 15:00,48.98949814
04/07/2017 16:00,47.67100143
05/07/2017 23:00,39.76050186
06/07/2017 0:00,39.76050186
07/07/2017 7:00,39.76050186
07/07/2017 8:00,40.20000076
08/07/2017 15:00,42.8370018
08/07/2017 16:00,42.8370018
09/07/2017 23:00,33.16899872
10/07/2017 0:00,32.72949982
11/07/2017 7:00,34.26800156
11/07/2017 8:00,35.80550003
12/07/2017 15:00,49.86849976
12/07/2017 16:00,49.42850113
13/07/2017 23:00,43.05649948
14/07/2017 0:00,42.39749908
15/07/2017 7:00,40.20000076
15/07/2017 8:00,41.29850006
16/07/2017 15:00,54.70249939
16/07/2017 16:00,53.38349915
17/07/2017 23:00,45.69350052
18/07/2017 0:00,45.0340004
19/07/2017 7:00,40.20000076
19/07/2017 8:00,41.95800018
20/07/2017 15:00,53.60350037
20/07/2017 16:00,52.72499847
21/07/2017 23:00,45.4734993
22/07/2017 0:00,45.0340004
23/07/2017 7:00,41.29899979
23/07/2017 8:00,43.49649811
24/07/2017 15:00,57.55899811
24/07/2017 16:00,55.80049896
25/07/2017 23:00,47.01200104
26/07/2017 0:00,46.5719986
27/07/2017 7:00,44.1554985
27/07/2017 8:00,44.8144989
28/07/2017 15:00,58.8769989
28/07/2017 16:00,56.67950058
29/07/2017 23:00,43.05699921
30/07/2017 0:00,42.61700058
31/07/2017 7:00,39.97999954
31/07/2017 8:00,39.97999954
01/08/2017 15:00,39.54100037
01/08/2017 16:00,38.00299835
02/08/2017 23:00,38.00299835
03/08/2017 0:00,38.00299835
04/08/2017 7:00,38.44250107
04/08/2017 8:00,39.76050186
05/08/2017 15:00,50.30749893
05/08/2017 16:00,50.08800125
06/08/2017 23:00,45.4734993
07/08/2017 0:00,44.81399918
08/08/2017 7:00,36.68450165
08/08/2017 8:00,36.24499893
09/08/2017 15:00,40.41999817
09/08/2017 16:00,40.20000076
10/08/2017 23:00,40.20000076
11/08/2017 0:00,39.76050186
12/08/2017 7:00,37.34400177
12/08/2017 8:00,34.70700073
13/08/2017 15:00,39.10200119
13/08/2017 16:00,39.54100037
14/08/2017 23:00,35.80550003
15/08/2017 0:00,35.36600113
16/08/2017 7:00,31.85050011
16/08/2017 8:00,30.9715004
17/08/2017 15:00,47.45149994
17/08/2017 16:00,47.45149994
18/08/2017 23:00,41.29899979
19/08/2017 0:00,40.63949966
20/08/2017 7:00,29.6534996
20/08/2017 8:00,30.53199959
21/08/2017 15:00,48.11050034
21/08/2017 16:00,46.5719986
22/08/2017 23:00,41.29899979
23/08/2017 0:00,40.20000076
24/08/2017 7:00,38.88199997
24/08/2017 8:00,40.41949844
25/08/2017 15:00,37.56349945
25/08/2017 16:00,39.76050186
26/08/2017 23:00,35.36600113
27/08/2017 0:00,34.48749924
28/08/2017 7:00,38.00299835
28/08/2017 8:00,39.54100037
29/08/2017 15:00,38.00299835
29/08/2017 16:00,37.34400177
30/08/2017 23:00,32.06999969
31/08/2017 0:00,31.85050011
01/09/2017 7:00,25.91799927
01/09/2017 8:00,27.23600006
02/09/2017 15:00,34.26800156
02/09/2017 16:00,34.26800156
03/09/2017 23:00,27.6760006
04/09/2017 0:00,27.45599937
05/09/2017 7:00,32.06999969
05/09/2017 8:00,32.50999832
06/09/2017 15:00,31.85050011
06/09/2017 16:00,31.4109993
07/09/2017 23:00,33.16899872
08/09/2017 0:00,32.50999832
09/09/2017 7:00,34.26800156
09/09/2017 8:00,35.14599991
10/09/2017 15:00,43.7159996
10/09/2017 16:00,41.73849869
11/09/2017 23:00,31.19099998
12/09/2017 0:00,30.75200081
13/09/2017 7:00,29.43400002
13/09/2017 8:00,30.53199959
14/09/2017 15:00,44.1554985
14/09/2017 16:00,42.8370018
15/09/2017 23:00,32.94900131
16/09/2017 0:00,32.06999969
17/09/2017 7:00,28.77449989
17/09/2017 8:00,30.31200027
18/09/2017 15:00,45.69350052
18/09/2017 16:00,44.5945015
19/09/2017 23:00,31.85050011
20/09/2017 0:00,31.85050011
21/09/2017 7:00,28.55500031
21/09/2017 8:00,28.99399948
22/09/2017 15:00,34.48749924
22/09/2017 16:00,34.48749924
23/09/2017 23:00,27.01650047
24/09/2017 0:00,26.79700089
25/09/2017 7:00,30.31200027
25/09/2017 8:00,30.75200081
26/09/2017 15:00,36.90399933
26/09/2017 16:00,36.90399933
27/09/2017 23:00,27.23600006
28/09/2017 0:00,27.23600006
29/09/2017 7:00,23.28100014
29/09/2017 8:00,24.37999916
30/09/2017 15:00,26.79700089
30/09/2017 16:00,26.79700089
01/10/2017 23:00,32.94900131
02/10/2017 0:00,32.94950104
03/10/2017 7:00,27.01650047
03/10/2017 8:00,27.01650047
04/10/2017 15:00,28.33499908
04/10/2017 16:00,27.23600006
05/10/2017 23:00,22.18250084
06/10/2017 0:00,22.40200043
07/10/2017 7:00,23.50099945
07/10/2017 8:00,24.60000038
08/10/2017 15:00,43.49649811
08/10/2017 16:00,41.95800018
09/10/2017 23:00,34.26800156
10/10/2017 0:00,34.26800156
11/10/2017 7:00,21.52350044
11/10/2017 8:00,21.74300003
12/10/2017 15:00,20.20499992
12/10/2017 16:00,20.20499992
13/10/2017 23:00,24.37999916
14/10/2017 0:00,24.15999985
15/10/2017 7:00,21.08399963
15/10/2017 8:00,20.42499924
16/10/2017 15:00,22.62199974
16/10/2017 16:00,22.18250084
17/10/2017 23:00,25.03899956
18/10/2017 0:00,25.03899956
19/10/2017 7:00,21.08399963
19/10/2017 8:00,21.52300072
20/10/2017 15:00,30.9715004
20/10/2017 16:00,30.53199959
21/10/2017 23:00,21.52300072
22/10/2017 0:00,21.08399963
23/10/2017 7:00,21.74300003
23/10/2017 8:00,21.96299934
24/10/2017 15:00,35.14649963
24/10/2017 16:00,33.16899872
25/10/2017 23:00,22.84199905
26/10/2017 0:00,23.06150055
27/10/2017 7:00,19.98550034
27/10/2017 8:00,20.42499924
28/10/2017 15:00,35.80550003
28/10/2017 16:00,34.04800034
29/10/2017 23:00,19.54599953
30/10/2017 0:00,19.10650063
31/10/2017 7:00,16.25
31/10/2017 8:00,16.25
01/11/2017 15:00,35.14649963
01/11/2017 16:00,34.04800034
02/11/2017 23:00,22.84199905
03/11/2017 0:00,21.96299934
04/11/2017 7:00,15.5909996
04/11/2017 8:00,16.46949959
05/11/2017 15:00,27.67550087
05/11/2017 16:00,26.79649925
06/11/2017 23:00,21.96299934
07/11/2017 0:00,21.52300072
08/11/2017 7:00,19.54599953
08/11/2017 8:00,19.54599953
09/11/2017 15:00,32.94950104
09/11/2017 16:00,32.07049942
10/11/2017 23:00,23.72100067
11/11/2017 0:00,22.84199905
12/11/2017 7:00,19.76600075
12/11/2017 8:00,19.98550034
13/11/2017 15:00,25.47900009
13/11/2017 16:00,24.81949997
14/11/2017 23:00,22.18250084
15/11/2017 0:00,21.96299934
16/11/2017 7:00,20.86450005
16/11/2017 8:00,21.08399963
17/11/2017 15:00,22.18250084
17/11/2017 16:00,22.62199974
18/11/2017 23:00,12.07499981
19/11/2017 0:00,11.19649982
20/11/2017 7:00,13.83300018
20/11/2017 8:00,13.83300018
21/11/2017 15:00,17.56800079
21/11/2017 16:00,17.3484993
22/11/2017 23:00,18.4470005
23/11/2017 0:00,18.00799942
24/11/2017 7:00,8.559499741
24/11/2017 8:00,8.779500008
25/11/2017 15:00,25.91799927
25/11/2017 16:00,24.81949997
26/11/2017 23:00,18.22750092
27/11/2017 0:00,17.3484993
28/11/2017 7:00,18.00799942
28/11/2017 8:00,18.4470005
29/11/2017 15:00,19.10650063
29/11/2017 16:00,18.88699913
30/11/2017 23:00,15.37100029
01/12/2017 0:00,14.93200016
02/12/2017 7:00,11.19649982
02/12/2017 8:00,11.85499954
03/12/2017 15:00,23.28149986
03/12/2017 16:00,22.18250084
04/12/2017 23:00,14.05249977
05/12/2017 0:00,13.83300018
06/12/2017 7:00,5.483500004
06/12/2017 8:00,6.362500191
07/12/2017 15:00,16.68950081
07/12/2017 16:00,16.9090004
08/12/2017 23:00,6.801499844
09/12/2017 0:00,6.362500191
10/12/2017 7:00,11.85499954
10/12/2017 8:00,12.29450035
11/12/2017 15:00,24.15999985
11/12/2017 16:00,23.28100014
12/12/2017 23:00,10.09749985
13/12/2017 0:00,9.878000259
14/12/2017 7:00,7.900499821
14/12/2017 8:00,7.900499821
15/12/2017 15:00,12.51449966
15/12/2017 16:00,12.51449966
16/12/2017 23:00,8.119999886
17/12/2017 0:00,7.680500031
18/12/2017 7:00,2.627000093
18/12/2017 8:00,2.627000093
19/12/2017 15:00,20.42449951
19/12/2017 16:00,19.54599953
20/12/2017 23:00,10.75699997
21/12/2017 0:00,9.878000259
22/12/2017 7:00,8.998999596
22/12/2017 8:00,8.559499741
23/12/2017 15:00,24.16049957
23/12/2017 16:00,23.50099945
24/12/2017 23:00,11.63549995
25/12/2017 0:00,10.75699997
26/12/2017 7:00,6.581999779
26/12/2017 8:00,6.142499924
27/12/2017 15:00,18.66699982
27/12/2017 16:00,18.22750092
28/12/2017 23:00,16.03050041
29/12/2017 0:00,16.03050041
30/12/2017 7:00,16.03050041
30/12/2017 8:00,16.03050041
31/12/2017 15:00,11.63549995
31/12/2017 16:00,11.63549995
01/01/2018 23:00,15.5909996
02/01/2018 0:00,15.5909996
03/01/2018 7:00,10.75699997
03/01/2018 8:00,10.53750038
04/01/2018 15:00,6.362500191
04/01/2018 16:00,6.362500191
05/01/2018 23:00,7.900499821
06/01/2018 0:00,7.900499821
07/01/2018 7:00,8.998999596
07/01/2018 8:00,8.779500008
08/01/2018 15:00,12.29500008
08/01/2018 16:00,11.41600037
09/01/2018 23:00,10.31750011
10/01/2018 0:00,10.09749985
11/01/2018 7:00,2.1875
11/01/2018 8:00,2.1875
12/01/2018 15:00,16.46999931
12/01/2018 16:00,15.5909996
13/01/2018 23:00,9.438500404
14/01/2018 0:00,9.438500404
15/01/2018 7:00,5.703499794
15/01/2018 8:00,5.483500004
16/01/2018 15:00,15.37100029
16/01/2018 16:00,14.71199989
17/01/2018 23:00,12.07499981
18/01/2018 0:00,11.19649982
19/01/2018 7:00,12.51449966
19/01/2018 8:00,12.07499981
20/01/2018 15:00,16.68950081
20/01/2018 16:00,16.9090004
21/01/2018 23:00,11.41600037
22/01/2018 0:00,11.63549995
23/01/2018 7:00,10.5369997
23/01/2018 8:00,10.09799957
24/01/2018 15:00,6.802000046
24/01/2018 16:00,6.361999989
25/01/2018 23:00,3.066499949
26/01/2018 0:00,2.84649992
27/01/2018 7:00,1.968000054
27/01/2018 8:00,1.528499961
28/01/2018 15:00,4.384500027
28/01/2018 16:00,4.824500084
29/01/2018 23:00,1.74849999
30/01/2018 0:00,0.869499981
31/01/2018 7:00,3.066499949
31/01/2018 8:00,3.066499949
01/02/2018 15:00,15.15149975
01/02/2018 16:00,14.27250004
02/02/2018 23:00,8.119999886
03/02/2018 0:00,7.680500031
04/02/2018 7:00,-0.888499975
04/02/2018 8:00,-1.108500004
05/02/2018 15:00,16.03050041
05/02/2018 16:00,14.93200016
06/02/2018 23:00,5.703499794
07/02/2018 0:00,5.263500214
08/02/2018 7:00,2.407500029
08/02/2018 8:00,2.1875
09/02/2018 15:00,17.3484993
09/02/2018 16:00,17.56850052
10/02/2018 23:00,8.559499741
11/02/2018 0:00,8.119999886
12/02/2018 7:00,3.725500107
12/02/2018 8:00,3.725500107
13/02/2018 15:00,24.15999985
13/02/2018 16:00,23.72050095
14/02/2018 23:00,20.42499924
15/02/2018 0:00,19.76600075
16/02/2018 7:00,9.878000259
16/02/2018 8:00,10.09799957
17/02/2018 15:00,21.74300003
17/02/2018 16:00,20.64450073
18/02/2018 23:00,10.31750011
19/02/2018 0:00,10.31750011
20/02/2018 7:00,10.75699997
20/02/2018 8:00,10.75699997
21/02/2018 15:00,11.63549995
21/02/2018 16:00,11.85499954
22/02/2018 23:00,12.07499981
23/02/2018 0:00,11.63549995
24/02/2018 7:00,15.5909996
24/02/2018 8:00,15.37100029
25/02/2018 15:00,21.96249962
25/02/2018 16:00,22.40200043
26/02/2018 23:00,17.3484993
27/02/2018 0:00,16.9090004
28/02/2018 7:00,15.15149975
28/02/2018 8:00,14.93150043
01/03/2018 15:00,17.78800011
01/03/2018 16:00,17.12849998
02/03/2018 23:00,15.5909996
03/03/2018 0:00,15.15149975
04/03/2018 7:00,20.42499924
04/03/2018 8:00,20.42499924
05/03/2018 15:00,24.60000038
05/03/2018 16:00,24.15999985
06/03/2018 23:00,11.63549995
07/03/2018 0:00,11.63549995
08/03/2018 7:00,11.63549995
08/03/2018 8:00,11.63549995
09/03/2018 15:00,25.25900078
09/03/2018 16:00,24.16049957
10/03/2018 23:00,17.56800079
11/03/2018 0:00,16.9090004
12/03/2018 7:00,17.12899971
12/03/2018 8:00,18.00799942
13/03/2018 15:00,39.32149887
13/03/2018 16:00,38.22299957
14/03/2018 23:00,25.69849968
15/03/2018 0:00,25.69849968
16/03/2018 7:00,11.41600037
16/03/2018 8:00,10.5369997
17/03/2018 15:00,23.72100067
17/03/2018 16:00,23.28100014
18/03/2018 23:00,16.46949959
19/03/2018 0:00,16.68950081
20/03/2018 7:00,11.85499954
20/03/2018 8:00,11.85499954
21/03/2018 15:00,20.64450073
21/03/2018 16:00,20.42499924
22/03/2018 23:00,18.88699913
23/03/2018 0:00,18.88699913
24/03/2018 7:00,19.54599953
24/03/2018 8:00,20.86450005
25/03/2018 15:00,36.46500015
25/03/2018 16:00,35.80550003
26/03/2018 23:00,25.03899956
27/03/2018 0:00,24.15999985
28/03/2018 7:00,23.28100014
28/03/2018 8:00,24.37999916
29/03/2018 15:00,39.97999954
29/03/2018 16:00,38.22299957
30/03/2018 23:00,26.57699966
31/03/2018 0:00,26.13750076
01/04/2018 7:00,24.15999985
01/04/2018 8:00,25.47900009
02/04/2018 15:00,40.63949966
02/04/2018 16:00,39.76100159
03/04/2018 23:00,32.94900131
04/04/2018 0:00,32.06999969
05/04/2018 7:00,17.3484993
05/04/2018 8:00,17.12899971
06/04/2018 15:00,25.69799995
06/04/2018 16:00,25.03949928
07/04/2018 23:00,16.25
08/04/2018 0:00,15.37100029
09/04/2018 7:00,18.00799942
09/04/2018 8:00,20.64450073
10/04/2018 15:00,42.39749908
10/04/2018 16:00,41.51850128
11/04/2018 23:00,27.87100029
12/04/2018 0:00,27.21199989
13/04/2018 7:00,19.96100044
13/04/2018 8:00,18.20299911
14/04/2018 15:00,20.18099976
14/04/2018 16:00,20.18099976
15/04/2018 23:00,19.74150085
16/04/2018 0:00,18.86249924
17/04/2018 7:00,17.54400063
17/04/2018 8:00,19.30200005
18/04/2018 15:00,39.51699829
18/04/2018 16:00,38.85749817
19/04/2018 23:00,32.26549911
20/04/2018 0:00,31.3864994
21/04/2018 7:00,29.84900093
21/04/2018 8:00,30.28800011
22/04/2018 15:00,35.56150055
22/04/2018 16:00,36.44049835
23/04/2018 23:00,21.49900055
24/04/2018 0:00,21.93849945
25/04/2018 7:00,20.62050056
25/04/2018 8:00,22.37800026
26/04/2018 15:00,37.31949997
26/04/2018 16:00,36.65999985
27/04/2018 23:00,29.8484993
28/04/2018 0:00,28.96949959
29/04/2018 7:00,27.87100029
29/04/2018 8:00,29.18950081
30/04/2018 15:00,41.93349838
30/04/2018 16:00,41.49399948
01/05/2018 23:00,30.50799942
02/05/2018 0:00,30.72750092
03/05/2018 7:00,22.59749985
03/05/2018 8:00,25.01499939
04/05/2018 15:00,40.61500168
04/05/2018 16:00,39.73649979
05/05/2018 23:00,30.94750023
06/05/2018 0:00,30.06800079
07/05/2018 7:00,25.4545002
07/05/2018 8:00,25.4545002
08/05/2018 15:00,42.15299988
08/05/2018 16:00,41.05450058
09/05/2018 23:00,28.31049919
10/05/2018 0:00,27.6515007
11/05/2018 7:00,26.1135006
11/05/2018 8:00,26.55249977
12/05/2018 15:00,32.04550171
12/05/2018 16:00,32.48550034
13/05/2018 23:00,34.02349854
14/05/2018 0:00,33.80350113
15/05/2018 7:00,36.43999863
15/05/2018 8:00,37.97850037
16/05/2018 15:00,50.50299835
16/05/2018 16:00,49.40449905
17/05/2018 23:00,37.53900146
18/05/2018 0:00,36.87950134
19/05/2018 7:00,29.16500092
19/05/2018 8:00,28.94499969
20/05/2018 15:00,28.72550011
20/05/2018 16:00,28.50600052
21/05/2018 23:00,28.94499969
22/05/2018 0:00,29.16500092
23/05/2018 7:00,24.5510006
23/05/2018 8:00,26.74799919
24/05/2018 15:00,39.49250031
24/05/2018 16:00,37.73450089
25/05/2018 23:00,26.52799988
26/05/2018 0:00,26.52799988
27/05/2018 7:00,30.04400063
27/05/2018 8:00,30.26350021
28/05/2018 15:00,39.0530014
28/05/2018 16:00,39.0530014
29/05/2018 23:00,33.77899933
30/05/2018 0:00,33.77899933
31/05/2018 7:00,33.77899933
31/05/2018 8:00,33.77899933
01/06/2018 15:00,42.98300171
01/06/2018 16:00,41.8844986
02/06/2018 23:00,32.85200119
03/06/2018 0:00,32.41199875
04/06/2018 7:00,28.45700073
04/06/2018 8:00,29.77499962
05/06/2018 15:00,39.2234993
05/06/2018 16:00,38.34500122
06/06/2018 23:00,36.14749908
07/06/2018 0:00,35.70800018
08/06/2018 7:00,34.82899857
08/06/2018 8:00,35.9280014
09/06/2018 15:00,26.91900063
09/06/2018 16:00,28.67650032
10/06/2018 23:00,31.53300095
11/06/2018 0:00,31.09399986
12/06/2018 7:00,33.29100037
12/06/2018 8:00,35.04850006
13/06/2018 15:00,49.11149979
13/06/2018 16:00,48.23249817
14/06/2018 23:00,38.7840004
15/06/2018 0:00,38.56399918
16/06/2018 7:00,34.60900116
16/06/2018 8:00,34.82899857
17/06/2018 15:00,46.25500107
17/06/2018 16:00,45.15650177
18/06/2018 23:00,40.76200104
19/06/2018 0:00,40.3219986
20/06/2018 7:00,32.63199997
20/06/2018 8:00,33.29100037
21/06/2018 15:00,44.27750015
21/06/2018 16:00,43.17900085
22/06/2018 23:00,27.99349976
23/06/2018 0:00,27.99349976
24/06/2018 7:00,30.62949944
24/06/2018 8:00,32.38800049
25/06/2018 15:00,50.625
25/06/2018 16:00,49.74599838
26/06/2018 19:00,45.98649979
