SN,Average
0.0,37.5
63.0,145.0
64.0,175.0
127.0,55.0
128.0,255.0
191.0,47.5
192.0,67.5
255.0,45.0
256.0,75.0
319.0,37.5
320.0,42.5
383.0,20.0
384.0,21.0
447.0,12.5
448.0,22.5
511.0,75.0
512.0,55.0
575.0,55.0
576.0,135.0
639.0,55.0
640.0,255.0
703.0,57.5
704.0,185.0
767.0,125.0
768.0,175.0
831.0,125.0
832.0,55.0
895.0,42.5
896.0,37.5
959.0,37.5
960.0,42.5
1023.0,37.5
1024.0,32.5
1087.0,37.5
1088.0,47.5
1151.0,45.0
1152.0,37.5
1215.0,55.0
1216.0,215.0
1279.0,32.5
1280.0,95.0
1343.0,16.5
1344.0,55.0
1407.0,65.0
1408.0,255.0
1471.0,57.5
1472.0,175.0
1535.0,125.0
1536.0,7.5
1599.0,65.0
1600.0,47.5
1663.0,32.5
1664.0,210.0
1727.0,32.5
1728.0,42.5
1791.0,42.5
1792.0,30.0
1855.0,37.5
1856.0,37.5
1919.0,19.5
1920.0,51.0
1983.0,65.0
1984.0,85.0
2047.0,42.5
2048.0,57.5
2111.0,27.5
2112.0,16.5
2175.0,350.0
2176.0,205.0
2239.0,65.0
2240.0,65.0
2303.0,47.5
2304.0,125.0
2367.0,57.5
2368.0,75.0
2431.0,32.5
2432.0,175.0
2495.0,32.5
2496.0,27.5
2559.0,32.5
2560.0,32.5
2623.0,31.0
2624.0,27.0
2687.0,27.5
2688.0,22.5
2751.0,32.5
2752.0,37.5
2815.0,52.5
2816.0,26.0
2879.0,52.5
2880.0,52.5
2943.0,32.5
2944.0,57.5
3007.0,32.0
3008.0,62.5
3071.0,47.5
3072.0,170.0
3135.0,52.5
3136.0,52.5
3199.0,29.0
3200.0,37.5
3263.0,42.5
3264.0,32.5
3327.0,31.0
3328.0,37.5
3391.0,29.5
3392.0,24.5
3455.0,52.5
3456.0,87.5
3519.0,185.0
3520.0,175.0
3583.0,75.0
3584.0,27.5
3647.0,85.0
3648.0,55.0
3711.0,155.0
3712.0,62.5
3775.0,225.0
3776.0,55.0
3839.0,57.5
3840.0,57.5
3903.0,37.5
3904.0,47.5
3967.0,27.5
3968.0,27.5
4031.0,37.5
4032.0,45.0
4095.0,55.0
4096.0,55.0
4159.0,31.5
4160.0,26.5
4223.0,57.5
4224.0,87.5
4287.0,172.5
4288.0,95.0
4351.0,27.5
4352.0,95.0
4415.0,55.0
4416.0,350.0
4479.0,57.5
4480.0,125.0
4543.0,55.0
4544.0,145.0
4607.0,52.5
4608.0,52.5
4671.0,37.5
4672.0,22.5
4735.0,37.5
4736.0,32.5
4799.0,27.5
4800.0,37.5
4863.0,96.0
4864.0,57.5
4927.0,55.0
4928.0,230.0
4991.0,115.0
4992.0,47.5
5055.0,57.5
5056.0,27.5
5119.0,62.5
5120.0,85.0
5183.0,65.0
5184.0,190.0
5247.0,47.5
5248.0,125.0
5311.0,47.5
5312.0,52.5
5375.0,32.5
5376.0,67.5
5439.0,42.5
5440.0,22.5
5503.0,27.5
5504.0,27.5
5567.0,37.5
5568.0,24.5
5631.0,110.0
5632.0,67.5
5695.0,27.5
5696.0,62.5
5759.0,47.5
5760.0,350.0
5823.0,125.0
5824.0,145.0
5887.0,57.5
5888.0,65.0
5951.0,17.5
5952.0,55.0
6015.0,45.0
6016.0,65.0
6079.0,87.5
6080.0,85.0
6143.0,85.0
6144.0,75.0
6207.0,85.0
6208.0,32.5
6271.0,70.0
6272.0,55.0
6335.0,155.0
6336.0,275.0
6399.0,57.5
6400.0,22.5
6463.0,42.5
6464.0,42.5
6527.0,52.5
6528.0,52.5
6591.0,110.0
6592.0,107.5
6655.0,77.5
6656.0,85.0
6719.0,42.5
6720.0,37.5
6783.0,17.5
6784.0,15.0
6847.0,22.5
6848.0,37.5
6911.0,45.0
6912.0,29.5
6975.0,65.0
6976.0,102.5
7039.0,145.0
7040.0,165.0
7103.0,95.0
7104.0,65.0
7167.0,135.0
7168.0,55.0
7231.0,145.0
7232.0,57.5
7295.0,95.0
7296.0,95.0
7359.0,115.0
7360.0,22.5
7423.0,105.0
7424.0,52.5
7487.0,39.0
7488.0,92.5
7551.0,65.0
7552.0,92.5
7615.0,27.5
7616.0,65.0
7679.0,57.5
7680.0,350.0
7743.0,125.0
7744.0,57.5
7807.0,65.0
7808.0,135.0
7871.0,65.0
7872.0,130.0
7935.0,47.5
7936.0,110.0
7999.0,190.0
8000.0,42.5
8063.0,85.0
8064.0,65.0
8127.0,75.0
8128.0,102.5
8191.0,65.0
8192.0,102.5
8255.0,105.0
8256.0,95.0
8319.0,65.0
8320.0,102.5
8383.0,92.5
8384.0,125.0
8447.0,90.0
8448.0,125.0
8511.0,53.0
8512.0,85.0
8575.0,125.0
8576.0,145.0
8639.0,125.0
8640.0,190.0
8703.0,85.0
8704.0,85.0
8767.0,65.0
8768.0,135.0
8831.0,57.5
8832.0,145.0
8895.0,145.0
8896.0,42.5
8959.0,77.5
8960.0,85.0
9023.0,17.0
9024.0,42.5
9087.0,47.5
9088.0,55.0
9151.0,75.0
9152.0,57.5
9215.0,45.0
9216.0,40.0
9279.0,225.0
9280.0,65.0
9343.0,105.0
9344.0,205.0
9407.0,55.0
9408.0,85.0
9471.0,115.0
9472.0,65.0
9535.0,175.0
9536.0,57.5
9599.0,57.5
9600.0,65.0
9663.0,45.0
9664.0,37.5
9727.0,50.0
9728.0,57.5
9791.0,37.5
9792.0,27.5
9855.0,225.0
9856.0,47.5
9919.0,42.5
9920.0,47.5
9983.0,42.5
9984.0,32.5
10047.0,45.0
10048.0,350.0
10111.0,145.0
10112.0,57.5
10175.0,65.0
10176.0,75.0
10239.0,42.5
10240.0,42.5
10303.0,37.5
10304.0,39.0
10367.0,25.0
10368.0,30.5
10431.0,41.5
10432.0,55.0
10495.0,47.5
10496.0,52.5
10559.0,155.0
10560.0,47.5
10623.0,47.5
10624.0,57.5
10687.0,17.0
10688.0,37.5
10751.0,27.5
10752.0,12.5
10815.0,87.5
10816.0,155.0
10879.0,37.5
10880.0,105.0
10943.0,75.0
10944.0,135.0
11007.0,57.5
11008.0,57.5
11071.0,17.0
11072.0,22.5
11135.0,22.5
11136.0,26.0
11199.0,65.0
11200.0,102.5
11263.0,47.5
11264.0,55.0
11327.0,42.5
11328.0,75.0
11391.0,57.5
11392.0,57.5
11455.0,32.5
11456.0,17.0
11519.0,34.0
11520.0,22.5
11583.0,235.0
11584.0,37.5
11647.0,57.5
11648.0,55.0
11711.0,175.0
11712.0,47.5
11775.0,52.5
11776.0,47.5
11839.0,52.5
11840.0,115.0
11903.0,31.0
11904.0,22.0
11967.0,45.0
11968.0,57.5
12031.0,85.0
12032.0,65.0
12095.0,145.0
12096.0,37.5
12159.0,52.5
12160.0,62.5
12223.0,16.0
12224.0,37.5
12287.0,18.0
12288.0,32.5
12351.0,92.5
12352.0,175.0
12415.0,55.0
12416.0,37.5
12479.0,287.5
12480.0,155.0
12543.0,27.5
12544.0,125.0
12607.0,32.5
12608.0,29.0
12671.0,95.0
12672.0,32.5
12735.0,32.5
12736.0,12.5
12799.0,145.0
12800.0,75.0
12863.0,47.5
12864.0,45.0
12927.0,350.0
12928.0,275.0
12991.0,125.0
12992.0,175.0
13055.0,32.5
13056.0,47.5
13119.0,32.5
13120.0,37.5
13183.0,140.0
13184.0,35.0
13247.0,135.0
13248.0,55.0
13311.0,175.0
13312.0,32.5
13375.0,52.5
13376.0,32.5
13439.0,27.5
13440.0,32.5
13503.0,18.0
13504.0,27.5
13567.0,45.0
13568.0,92.5
13631.0,55.0
13632.0,32.5
13695.0,155.0
13696.0,65.0
13759.0,105.0
13760.0,57.5
13823.0,32.5
13824.0,57.5
13887.0,27.5
13888.0,10.0
13951.0,95.0
13952.0,57.5
14015.0,95.0
14016.0,45.0
14079.0,155.0
14080.0,65.0
14143.0,52.5
14144.0,37.5
14207.0,47.5
14208.0,275.0
14271.0,31.0
14272.0,20.5
14335.0,95.0
14336.0,45.0
14399.0,155.0
14400.0,65.0
14463.0,37.5
14464.0,29.0
14527.0,67.5
14528.0,26.0
14591.0,28.5
14592.0,26.0
14655.0,235.0
14656.0,85.0
14719.0,57.5
14720.0,350.0
14783.0,85.0
14784.0,225.0
14847.0,32.5
14848.0,115.0
14911.0,18.0
14912.0,24.0
14975.0,85.0
14976.0,75.0
15039.0,105.0
15040.0,75.0
15103.0,115.0
15104.0,115.0
15167.0,32.5
15168.0,95.0
15231.0,27.5
15232.0,27.0
15295.0,130.0
15296.0,235.0
15359.0,105.0
15360.0,47.5
15423.0,55.0
15424.0,32.5
15487.0,27.5
15488.0,16.5
15551.0,37.5
15552.0,47.5
15615.0,97.5
15616.0,55.0
15679.0,65.0
15680.0,57.5
15743.0,75.0
15744.0,155.0
15807.0,42.5
15808.0,37.5
15871.0,37.5
15872.0,85.0
15935.0,215.0
15936.0,32.5
15999.0,75.0
16000.0,65.0
16063.0,55.0
16064.0,42.5
16127.0,27.5
16128.0,42.5
16191.0,41.5
16192.0,38.0
16255.0,215.0
16256.0,29.0
16319.0,65.0
16320.0,57.5
16383.0,155.0
16384.0,67.5
16447.0,85.0
16448.0,37.5
16511.0,52.5
16512.0,31.0
16575.0,54.0
16576.0,47.5
16639.0,82.5
16640.0,215.0
16703.0,23.5
16704.0,95.0
16767.0,57.5
16768.0,57.5
16831.0,30.0
16832.0,47.5
16895.0,27.5
16896.0,17.5
16959.0,195.0
16960.0,185.0
17023.0,65.0
17024.0,195.0
17087.0,175.0
17088.0,212.5
17151.0,37.5
17152.0,52.5
17215.0,35.0
17216.0,29.0
17279.0,27.5
17280.0,47.5
17343.0,215.0
17344.0,65.0
17407.0,29.0
17408.0,35.0
17471.0,32.5
17472.0,52.5
17535.0,42.5
17536.0,19.0
17599.0,75.0
17600.0,47.5
17663.0,80.0
17664.0,145.0
17727.0,115.0
17728.0,145.0
17791.0,47.5
17792.0,57.5
17855.0,52.5
17856.0,32.5
17919.0,32.5
17920.0,24.5
17983.0,55.0
17984.0,52.5
18047.0,47.5
18048.0,75.0
18111.0,42.5
18112.0,35.0
18175.0,37.5
18176.0,37.5
18239.0,32.5
18240.0,22.5
18303.0,47.5
18304.0,75.0
18367.0,255.0
18368.0,65.0
18431.0,47.5
18432.0,105.0
18495.0,57.5
18496.0,52.5
18559.0,37.5
18560.0,37.5
18623.0,28.0
18624.0,37.5
18687.0,75.0
18688.0,47.5
18751.0,245.0
18752.0,75.0
18815.0,135.0
18816.0,77.5
18879.0,175.0
18880.0,190.0
18943.0,23.5
18944.0,77.5
19007.0,37.5
19008.0,37.5
19071.0,22.5
19072.0,27.5
19135.0,195.0
19136.0,175.0
19199.0,125.0
19200.0,650.0
19263.0,115.0
19264.0,125.0
19327.0,190.0
19328.0,165.0
19391.0,57.5
19392.0,37.5
19455.0,29.0
19456.0,37.5
19519.0,57.5
19520.0,27.5
19583.0,57.5
19584.0,215.0
19647.0,195.0
19648.0,175.0
19711.0,65.0
19712.0,22.5
19775.0,75.0
19776.0,135.0
19839.0,57.5
19840.0,115.0
19903.0,42.5
19904.0,155.0
19967.0,32.5
19968.0,42.5
20031.0,27.5
20032.0,42.5
20095.0,47.5
20096.0,20.0
20159.0,215.0
20160.0,29.0
20223.0,45.0
20224.0,52.5
20287.0,105.0
20288.0,115.0
20351.0,125.0
20352.0,65.0
20415.0,57.5
20416.0,55.0
20479.0,57.5
20480.0,57.5
20543.0,39.0
20544.0,25.0
20607.0,29.0
20608.0,35.0
20671.0,22.5
20672.0,20.0
20735.0,45.0
20736.0,45.0
20799.0,105.0
20800.0,57.5
20863.0,65.0
20864.0,195.0
20927.0,57.5
20928.0,95.0
20991.0,57.5
20992.0,195.0
21055.0,21.0
21056.0,29.0
21119.0,19.0
21120.0,19.0
21183.0,29.0
21184.0,35.0
21247.0,39.0
21248.0,57.5
21311.0,85.0
21312.0,215.0
21375.0,47.5
21376.0,55.0
21439.0,23.0
21440.0,18.0
21503.0,47.5
21504.0,110.0
21567.0,95.0
21568.0,140.0
21631.0,85.0
21632.0,145.0
21695.0,27.5
21696.0,70.0
21759.0,27.5
21760.0,70.0
21823.0,22.5
21824.0,72.5
21887.0,22.5
21888.0,72.5
21951.0,72.5
21952.0,95.0
22015.0,155.0
22016.0,155.0
22079.0,165.0
22080.0,195.0
22143.0,42.5
22144.0,65.0
22207.0,195.0
22208.0,42.5
22271.0,57.5
22272.0,47.5
22335.0,65.0
22336.0,104.0
22399.0,62.5
22400.0,95.0
22463.0,107.5
22464.0,65.0
22527.0,107.5
22528.0,57.5
22591.0,65.0
22592.0,106.5
22655.0,55.0
22656.0,32.5
22719.0,65.0
22720.0,107.5
22783.0,67.5
22784.0,65.0
22847.0,52.5
22848.0,52.5
22911.0,75.0
22912.0,155.0
22975.0,17.5
22976.0,27.5
23039.0,115.0
23040.0,85.0
23103.0,255.0
23104.0,75.0
23167.0,255.0
23168.0,75.0
23231.0,135.0
23232.0,65.0
23295.0,77.5
23296.0,125.0
23359.0,145.0
23360.0,77.5
23423.0,145.0
23424.0,55.0
23487.0,77.5
23488.0,37.5
23551.0,37.5
23552.0,37.5
23615.0,22.5
23616.0,23.0
23679.0,29.0
23680.0,30.0
23743.0,21.0
23744.0,23.0
23807.0,20.0
23808.0,17.5
23871.0,22.5
23872.0,30.0
23935.0,47.5
23936.0,27.5
23999.0,32.5
24000.0,105.0
24063.0,15.0
24064.0,22.5
24127.0,37.5
24128.0,9.0
24191.0,75.0
24192.0,17.0
24255.0,35.0
24256.0,43.0
24319.0,42.5
24320.0,26.5
24383.0,65.0
24384.0,95.0
24447.0,47.5
24448.0,110.0
24511.0,115.0
24512.0,215.0
24575.0,32.0
24576.0,49.0
24639.0,36.0
24640.0,49.0
24703.0,42.5
24704.0,37.5
24767.0,225.0
24768.0,47.5
24831.0,42.5
24832.0,52.5
24895.0,225.0
24896.0,65.0
24959.0,115.0
24960.0,225.0
25023.0,57.5
25024.0,52.5
25087.0,46.0
25088.0,40.5
25151.0,40.0
25152.0,72.5
25215.0,72.5
25216.0,17.5
25279.0,72.5
25280.0,18.0
25343.0,39.5
25344.0,75.0
25407.0,48.5
25408.0,40.5
25471.0,36.0
25472.0,39.5
25535.0,45.5
25536.0,35.5
25599.0,45.0
25600.0,36.0
25663.0,36.5
25664.0,40.5
25727.0,225.0
25728.0,52.5
25791.0,115.0
25792.0,225.0
25855.0,110.0
25856.0,77.5
25919.0,110.0
25920.0,77.5
25983.0,110.0
25984.0,95.0
26047.0,85.0
26048.0,85.0
26111.0,21.0
26112.0,125.0
26175.0,37.5
26176.0,39.0
26239.0,450.0
26240.0,170.0
26303.0,65.0
26304.0,65.0
26367.0,57.5
26368.0,450.0
26431.0,65.0
26432.0,195.0
26495.0,42.5
26496.0,95.0
26559.0,115.0
26560.0,125.0
26623.0,55.0
26624.0,130.0
26687.0,410.0
26688.0,65.0
26751.0,85.0
26752.0,37.5
26815.0,39.0
26816.0,11.0
26879.0,35.0
26880.0,27.5
26943.0,52.5
26944.0,32.5
27007.0,25.0
27008.0,37.5
27071.0,37.5
27072.0,65.0
27135.0,125.0
27136.0,95.0
27199.0,95.0
27200.0,195.0
27263.0,85.0
27264.0,85.0
27327.0,65.0
27328.0,195.0
27391.0,125.0
27392.0,57.5
27455.0,65.0
27456.0,110.0
27519.0,55.0
27520.0,42.5
27583.0,35.0
27584.0,38.5
27647.0,32.5
27648.0,105.0
27711.0,47.5
27712.0,40.5
27775.0,190.0
27776.0,120.0
27839.0,45.0
27840.0,27.5
27903.0,42.5
27904.0,75.0
27967.0,17.0
27968.0,36.0
28031.0,225.0
28032.0,52.5
28095.0,170.0
28096.0,85.0
28159.0,32.5
28160.0,42.5
28223.0,67.5
28224.0,195.0
28287.0,32.5
28288.0,160.0
28351.0,47.5
28352.0,62.5
28415.0,32.5
28416.0,47.5
28479.0,57.5
28480.0,85.0
28543.0,85.0
28544.0,190.0
28607.0,45.0
28608.0,29.0
28671.0,32.5
28672.0,42.5
28735.0,67.5
28736.0,47.5
28799.0,42.5
28800.0,75.0
28863.0,44.5
28864.0,72.5
28927.0,115.0
28928.0,105.0
28991.0,95.0
28992.0,65.0
29055.0,65.0
29056.0,77.5
29119.0,85.0
29120.0,27.5
29183.0,450.0
29184.0,275.0
29247.0,65.0
29248.0,195.0
29311.0,85.0
29312.0,145.0
29375.0,65.0
29376.0,35.0
29439.0,42.5
29440.0,52.5
29503.0,42.5
29504.0,55.0
29567.0,37.5
29568.0,70.0
29631.0,42.5
29632.0,41.0
29695.0,70.0
29696.0,117.5
29759.0,55.0
29760.0,75.0
29823.0,32.5
29824.0,185.0
29887.0,250.0
29888.0,245.0
29951.0,145.0
29952.0,57.5
30015.0,85.0
30016.0,47.5
30079.0,16.0
30080.0,37.5
30143.0,57.5
30144.0,85.0
30207.0,27.0
30208.0,18.0
30271.0,55.0
30272.0,70.0
30335.0,57.5
30336.0,55.0
30399.0,47.5
30400.0,85.0
30463.0,75.0
30464.0,65.0
30527.0,145.0
30528.0,57.5
30591.0,29.0
30592.0,135.0
30655.0,75.0
30656.0,30.0
30719.0,85.0
30720.0,37.5
30783.0,85.0
30784.0,41.0
30847.0,65.0
30848.0,32.5
30911.0,55.0
30912.0,70.0
30975.0,37.5
30976.0,65.0
31039.0,125.0
31040.0,121.0
31103.0,32.5
31104.0,195.0
31167.0,245.0
31168.0,57.5
31231.0,145.0
31232.0,57.5
31295.0,42.5
31296.0,57.5
31359.0,32.5
31360.0,7.0
31423.0,67.5
31424.0,37.5
31487.0,75.0
31488.0,45.0
31551.0,47.5
31552.0,65.0
31615.0,27.5
31616.0,67.5
31679.0,32.5
31680.0,37.5
31743.0,23.5
31744.0,39.5
31807.0,115.0
31808.0,195.0
31871.0,65.0
31872.0,215.0
31935.0,85.0
31936.0,27.5
31999.0,75.0
32000.0,65.0
32063.0,145.0
32064.0,145.0
32127.0,32.5
32128.0,57.5
32191.0,17.0
32192.0,22.5
32255.0,16.5
32256.0,37.5
32319.0,25.0
32320.0,21.0
32383.0,85.0
32384.0,75.0
32447.0,75.0
32448.0,32.5
32511.0,105.0
32512.0,57.5
32575.0,57.5
32576.0,195.0
32639.0,57.5
32640.0,26.5
32703.0,16.5
32704.0,57.5
32767.0,29.0
32768.0,15.0
32831.0,195.0
32832.0,55.0
32895.0,47.5
32896.0,31.0
32959.0,195.0
32960.0,105.0
33023.0,52.5
33024.0,85.0
33087.0,16.0
33088.0,57.5
33151.0,13.5
33152.0,37.5
33215.0,55.0
33216.0,85.0
33279.0,85.0
33280.0,85.0
33343.0,180.0
33344.0,95.0
33407.0,32.5
33408.0,52.5
33471.0,47.5
33472.0,45.0
33535.0,22.0
33536.0,20.0
33599.0,55.0
33600.0,57.5
33663.0,65.0
33664.0,52.5
33727.0,145.0
33728.0,145.0
33791.0,37.5
33792.0,37.5
33855.0,47.5
33856.0,37.5
33919.0,29.0
33920.0,22.5
33983.0,210.0
33984.0,57.5
34047.0,57.5
34048.0,95.0
34111.0,47.5
34112.0,65.0
34175.0,32.5
34176.0,47.5
34239.0,37.5
34240.0,37.5
34303.0,28.0
34304.0,21.5
34367.0,65.0
34368.0,75.0
34431.0,205.0
34432.0,140.0
34495.0,32.5
34496.0,145.0
34559.0,65.0
34560.0,45.0
34623.0,57.5
34624.0,115.0
34687.0,26.0
34688.0,20.0
34751.0,55.0
34752.0,119.0
34815.0,22.5
34816.0,75.0
34879.0,72.5
34880.0,65.0
34943.0,65.0
34944.0,105.0
35007.0,35.0
35008.0,32.5
35071.0,13.5
35072.0,42.5
35135.0,127.5
35136.0,115.0
35199.0,95.0
35200.0,37.5
35263.0,57.5
35264.0,195.0
35327.0,32.5
35328.0,42.5
35391.0,47.5
35392.0,235.0
35455.0,19.0
35456.0,39.5
35519.0,39.0
35520.0,47.5
35583.0,75.0
35584.0,85.0
35647.0,57.5
35648.0,115.0
35711.0,47.5
35712.0,42.5
35775.0,235.0
35776.0,95.0
35839.0,27.5
35840.0,12.0
35903.0,47.5
35904.0,57.5
35967.0,65.0
35968.0,47.5
36031.0,115.0
36032.0,165.0
36095.0,42.5
36096.0,42.5
36159.0,40.0
36160.0,42.0
36223.0,15.5
36224.0,41.5
36287.0,72.5
36288.0,190.0
36351.0,350.0
36352.0,195.0
36415.0,85.0
36416.0,32.5
36479.0,37.5
36480.0,22.5
36543.0,32.5
36544.0,37.5
36607.0,195.0
36608.0,85.0
36671.0,210.0
36672.0,52.5
36735.0,115.0
36736.0,65.0
36799.0,57.5
36800.0,37.5
36863.0,43.0
36864.0,115.0
36927.0,19.0
36928.0,16.5
36991.0,45.0
36992.0,37.5
37055.0,85.0
37056.0,57.5
37119.0,115.0
37120.0,65.0
37183.0,32.5
37184.0,55.0
37247.0,22.5
37248.0,21.0
37311.0,37.5
37312.0,155.0
37375.0,19.0
37376.0,17.0
37439.0,195.0
37440.0,57.5
37503.0,75.0
37504.0,47.5
37567.0,175.0
37568.0,95.0
37631.0,85.0
37632.0,32.5
37695.0,27.5
37696.0,55.0
37759.0,21.0
37760.0,115.0
37823.0,50.0
37824.0,105.0
37887.0,95.0
37888.0,215.0
37951.0,95.0
37952.0,37.5
38015.0,27.5
38016.0,29.0
38079.0,95.0
38080.0,52.5
38143.0,34.0
38144.0,57.5
38207.0,105.0
38208.0,65.0
38271.0,34.0
38272.0,29.0
38335.0,37.5
38336.0,55.0
38399.0,15.5
38400.0,36.5
38463.0,65.0
38464.0,85.0
38527.0,195.0
38528.0,105.0
38591.0,47.5
38592.0,160.0
38655.0,47.5
38656.0,32.5
38719.0,26.0
38720.0,27.5
38783.0,115.0
38784.0,57.5
38847.0,22.5
38848.0,75.0
38911.0,105.0
38912.0,57.5
38975.0,42.5
38976.0,72.5
39039.0,42.5
39040.0,47.5
39103.0,72.5
39104.0,34.5
39167.0,16.5
39168.0,11.5
39231.0,42.5
39232.0,62.5
39295.0,55.0
39296.0,195.0
39359.0,25.0
39360.0,47.5
39423.0,32.5
39424.0,32.5
39487.0,22.5
39488.0,85.0
39551.0,215.0
39552.0,32.5
39615.0,47.5
39616.0,45.0
39679.0,195.0
39680.0,105.0
39743.0,75.0
39744.0,47.5
39807.0,31.0
39808.0,52.5
39871.0,52.5
39872.0,37.5
39935.0,17.0
39936.0,12.5
39999.0,62.5
40000.0,67.5
40063.0,19.0
40064.0,85.0
40127.0,105.0
40128.0,62.5
40191.0,42.5
40192.0,45.0
40255.0,32.5
40256.0,27.5
40319.0,65.0
40320.0,33.5
40383.0,215.0
40384.0,37.5
40447.0,195.0
40448.0,57.5
40511.0,295.0
40512.0,125.0
40575.0,42.5
40576.0,95.0
40639.0,330.0
40640.0,52.5
40703.0,29.0
40704.0,29.0
40767.0,37.5
40768.0,37.5
40831.0,37.5
40832.0,55.0
40895.0,75.0
40896.0,47.5
40959.0,95.0
40960.0,50.0
41023.0,115.0
41024.0,75.0
41087.0,95.0
41088.0,95.0
41151.0,355.0
41152.0,55.0
41215.0,42.5
41216.0,45.0
41279.0,29.0
41280.0,8.0
41343.0,16.0
41344.0,42.5
41407.0,13.5
41408.0,37.5
41471.0,9.0
41472.0,19.0
41535.0,32.5
41536.0,215.0
41599.0,195.0
41600.0,42.5
41663.0,105.0
41664.0,165.0
41727.0,42.5
41728.0,85.0
41791.0,255.0
41792.0,52.5
41855.0,37.5
41856.0,27.5
41919.0,22.5
41920.0,12.5
41983.0,22.5
41984.0,6.5
42047.0,75.0
42048.0,42.5
42111.0,55.0
42112.0,75.0
42175.0,115.0
42176.0,18.5
42239.0,62.5
42240.0,185.0
42303.0,42.5
42304.0,85.0
42367.0,130.0
42368.0,225.0
42431.0,27.5
42432.0,32.5
42495.0,37.5
42496.0,27.5
42559.0,20.0
42560.0,27.5
42623.0,16.5
42624.0,11.0
42687.0,135.0
42688.0,75.0
42751.0,62.5
42752.0,75.0
42815.0,115.0
42816.0,16.5
42879.0,62.5
42880.0,185.0
42943.0,75.0
42944.0,42.5
43007.0,42.5
43008.0,52.5
43071.0,32.5
43072.0,42.5
43135.0,27.5
43136.0,37.5
43199.0,13.5
43200.0,37.5
43263.0,27.5
43264.0,31.5
43327.0,11.0
43328.0,36.5
43391.0,47.5
43392.0,52.5
43455.0,75.0
43456.0,32.5
43519.0,32.5
43520.0,42.5
43583.0,62.5
43584.0,75.0
43647.0,21.0
43648.0,105.0
43711.0,175.0
43712.0,77.5
43775.0,42.5
43776.0,95.0
43839.0,42.5
43840.0,75.0
43903.0,165.0
43904.0,205.0
43967.0,42.5
43968.0,42.5
44031.0,23.5
44032.0,29.0
44095.0,29.0
44096.0,36.0
44159.0,27.5
44160.0,36.5
44223.0,36.5
44224.0,15.0
44287.0,215.0
44288.0,41.0
44351.0,72.5
44352.0,72.5
44415.0,75.0
44416.0,95.0
44479.0,22.5
44480.0,105.0
44543.0,75.0
44544.0,575.0
44607.0,42.5
44608.0,95.0
44671.0,42.5
44672.0,42.5
44735.0,75.0
44736.0,160.0
44799.0,21.0
44800.0,29.0
44863.0,29.0
44864.0,27.5
44927.0,32.5
44928.0,42.5
44991.0,16.5
44992.0,47.5
45055.0,21.0
45056.0,15.0
45119.0,42.5
45120.0,215.0
45183.0,195.0
45184.0,135.0
45247.0,100.0
45248.0,210.0
45311.0,52.5
45312.0,22.5
45375.0,165.0
45376.0,23.5
45439.0,75.0
45440.0,575.0
45503.0,95.0
45504.0,62.5
45567.0,75.0
45568.0,75.0
45631.0,52.5
45632.0,52.5
45695.0,55.0
45696.0,85.0
45759.0,45.0
45760.0,55.0
45823.0,35.0
45824.0,35.0
45887.0,32.5
45888.0,32.5
45951.0,35.0
45952.0,55.0
46015.0,45.0
46016.0,32.5
46079.0,55.0
46080.0,55.0
46143.0,95.0
46144.0,52.5
46207.0,75.0
46208.0,85.0
46271.0,95.0
46272.0,95.0
46335.0,95.0
46336.0,65.0
46399.0,72.5
46400.0,95.0
46463.0,575.0
46464.0,205.0
46527.0,65.0
46528.0,205.0
46591.0,75.0
46592.0,55.0
46655.0,55.0
46656.0,75.0
46719.0,55.0
46720.0,55.0
46783.0,35.0
46784.0,27.5
46847.0,45.0
46848.0,45.0
46911.0,55.0
46912.0,55.0
46975.0,65.0
46976.0,32.5
47039.0,215.0
47040.0,55.0
47103.0,95.0
47104.0,55.0
47167.0,62.5
47168.0,22.5
47231.0,75.0
47232.0,52.5
47295.0,65.0
47296.0,65.0
47359.0,75.0
47360.0,75.0
47423.0,235.0
47424.0,55.0
47487.0,55.0
47488.0,45.0
47551.0,35.0
47552.0,45.0
47615.0,36.0
47616.0,37.5
47679.0,35.0
47680.0,27.5
47743.0,55.0
47744.0,25.0
47807.0,95.0
47808.0,165.0
47871.0,62.5
47872.0,27.5
47935.0,75.0
47936.0,75.0
47999.0,65.0
48000.0,205.0
48063.0,185.0
48064.0,55.0
48127.0,55.0
48128.0,82.5
48191.0,55.0
48192.0,45.0
48255.0,35.0
48256.0,45.0
48319.0,35.0
48320.0,35.0
48383.0,17.5
48384.0,25.0
48447.0,55.0
48448.0,29.0
48511.0,55.0
48512.0,165.0
48575.0,22.5
48576.0,85.0
48639.0,95.0
48640.0,95.0
48703.0,205.0
48704.0,95.0
48767.0,185.0
48768.0,55.0
48831.0,235.0
48832.0,55.0
48895.0,55.0
48896.0,55.0
48959.0,35.0
48960.0,29.0
49023.0,35.0
49024.0,65.0
49087.0,65.0
49088.0,37.5
49151.0,45.0
49152.0,37.5
49215.0,75.0
49216.0,55.0
49279.0,27.5
49280.0,62.5
49343.0,205.0
49344.0,55.0
49407.0,65.0
49408.0,65.0
49471.0,105.0
49472.0,105.0
49535.0,55.0
49536.0,55.0
49599.0,55.0
49600.0,75.0
49663.0,37.5
49664.0,21.0
49727.0,34.0
49728.0,42.5
49791.0,35.0
49792.0,32.5
49855.0,47.5
49856.0,25.0
49919.0,35.0
49920.0,35.0
49983.0,22.5
49984.0,45.0
50047.0,32.5
50048.0,55.0
50111.0,27.5
50112.0,21.0
50175.0,95.0
50176.0,237.5
50239.0,85.0
50240.0,175.0
50303.0,215.0
50304.0,35.0
50367.0,27.5
50368.0,62.5
50431.0,55.0
50432.0,85.0
50495.0,95.0
50496.0,65.0
50559.0,85.0
50560.0,52.5
50623.0,85.0
50624.0,105.0
50687.0,52.5
50688.0,62.5
50751.0,35.0
50752.0,17.5
50815.0,35.0
50816.0,37.5
50879.0,31.5
50880.0,55.0
50943.0,22.5
50944.0,22.5
51007.0,19.5
51008.0,96.0
51071.0,95.0
51072.0,75.0
51135.0,75.0
51136.0,95.0
51199.0,27.5
51200.0,22.5
51263.0,85.0
51264.0,85.0
51327.0,65.0
51328.0,425.0
51391.0,95.0
51392.0,85.0
51455.0,355.0
51456.0,62.5
51519.0,62.5
51520.0,62.5
51583.0,27.5
51584.0,27.5
51647.0,35.0
51648.0,37.5
51711.0,97.5
51712.0,45.0
51775.0,295.0
51776.0,62.5
51839.0,175.0
51840.0,155.0
51903.0,35.0
51904.0,95.0
51967.0,41.0
51968.0,65.0
52031.0,500.0
52032.0,265.0
52095.0,105.0
52096.0,65.0
52159.0,95.0
52160.0,105.0
52223.0,175.0
52224.0,355.0
52287.0,62.5
52288.0,62.5
52351.0,75.0
52352.0,45.0
52415.0,55.0
52416.0,32.5
52479.0,47.5
52480.0,65.0
52543.0,37.5
52544.0,27.5
52607.0,31.0
52608.0,127.5
52671.0,22.5
52672.0,37.5
52735.0,47.5
52736.0,20.0
52799.0,185.0
52800.0,175.0
52863.0,45.0
52864.0,110.0
52927.0,75.0
52928.0,47.5
52991.0,305.0
52992.0,72.5
53055.0,65.0
53056.0,235.0
53119.0,95.0
53120.0,55.0
53183.0,85.0
53184.0,105.0
53247.0,95.0
53248.0,85.0
53311.0,155.0
53312.0,155.0
53375.0,110.0
53376.0,110.0
53439.0,110.0
53440.0,110.0
53503.0,105.0
53504.0,105.0
53567.0,105.0
53568.0,105.0
53631.0,55.0
53632.0,95.0
53695.0,62.5
53696.0,85.0
53759.0,15.0
53760.0,45.0
53823.0,17.5
53824.0,75.0
53887.0,23.0
53888.0,38.5
53951.0,65.0
53952.0,35.0
54015.0,35.0
54016.0,35.0
54079.0,62.5
54080.0,85.0
54143.0,42.5
54144.0,35.0
54207.0,95.0
54208.0,95.0
54271.0,75.0
54272.0,95.0
54335.0,75.0
54336.0,32.5
54399.0,72.5
54400.0,55.0
54463.0,95.0
54464.0,425.0
54527.0,75.0
54528.0,75.0
54591.0,105.0
54592.0,75.0
54655.0,75.0
54656.0,62.5
54719.0,55.0
54720.0,37.5
54783.0,37.5
54784.0,55.0
54847.0,45.0
54848.0,95.0
54911.0,62.5
54912.0,95.0
54975.0,62.5
54976.0,62.5
55039.0,12.5
55040.0,45.0
55103.0,21.0
55104.0,25.0
55167.0,75.0
55168.0,35.0
55231.0,22.5
55232.0,22.5
55295.0,53.0
55296.0,27.5
55359.0,75.0
55360.0,55.0
55423.0,75.0
55424.0,32.5
55487.0,65.0
55488.0,95.0
55551.0,75.0
55552.0,205.0
55615.0,105.0
55616.0,105.0
55679.0,45.0
55680.0,45.0
55743.0,12.5
55744.0,45.0
55807.0,41.5
55808.0,43.0
55871.0,32.5
55872.0,55.0
55935.0,52.5
55936.0,65.0
55999.0,65.0
56000.0,255.0
56063.0,45.0
56064.0,95.0
56127.0,155.0
56128.0,75.0
56191.0,65.0
56192.0,65.0
56255.0,75.0
56256.0,75.0
56319.0,105.0
56320.0,105.0
56383.0,27.5
56384.0,245.0
56447.0,55.0
56448.0,55.0
56511.0,27.5
56512.0,75.0
56575.0,95.0
56576.0,55.0
56639.0,45.0
56640.0,17.5
56703.0,95.0
56704.0,55.0
56767.0,55.0
56768.0,275.0
56831.0,65.0
56832.0,95.0
56895.0,75.0
56896.0,205.0
56959.0,105.0
56960.0,105.0
57023.0,31.0
57024.0,245.0
57087.0,12.5
57088.0,45.0
57151.0,65.0
57152.0,35.0
57215.0,45.0
57216.0,45.0
57279.0,28.5
57280.0,22.5
57343.0,85.0
57344.0,55.0
57407.0,85.0
57408.0,32.5
57471.0,205.0
57472.0,85.0
57535.0,45.0
57536.0,105.0
57599.0,55.0
57600.0,65.0
57663.0,55.0
57664.0,55.0
57727.0,105.0
57728.0,57.5
57791.0,33.5
57792.0,50.0
57855.0,207.5
57856.0,95.0
57919.0,22.5
57920.0,55.0
57983.0,195.0
57984.0,155.0
58047.0,65.0
58048.0,95.0
58111.0,45.0
58112.0,32.5
58175.0,65.0
58176.0,55.0
58239.0,75.0
58240.0,75.0
58303.0,23.0
58304.0,36.0
58367.0,135.0
58368.0,265.0
58431.0,32.5
58432.0,195.0
58495.0,95.0
58496.0,75.0
58559.0,65.0
58560.0,45.0
58623.0,55.0
58624.0,45.0
58687.0,45.0
58688.0,55.0
58751.0,27.5
58752.0,22.5
58815.0,245.0
58816.0,95.0
58879.0,55.0
58880.0,27.5
58943.0,95.0
58944.0,65.0
59007.0,55.0
59008.0,45.0
59071.0,55.0
59072.0,55.0
59135.0,95.0
59136.0,35.0
59199.0,22.5
59200.0,25.0
59263.0,255.0
59264.0,245.0
59327.0,85.0
59328.0,32.5
59391.0,75.0
59392.0,205.0
59455.0,65.0
59456.0,85.0
59519.0,35.0
59520.0,45.0
59583.0,55.0
59584.0,35.0
59647.0,31.0
59648.0,37.5
59711.0,95.0
59712.0,95.0
59775.0,75.0
59776.0,85.0
59839.0,95.0
59840.0,75.0
59903.0,55.0
59904.0,85.0
59967.0,35.0
59968.0,45.0
60031.0,65.0
60032.0,65.0
60095.0,35.0
60096.0,37.5
60159.0,105.0
60160.0,105.0
60223.0,75.0
60224.0,85.0
60287.0,45.0
60288.0,85.0
60351.0,32.5
60352.0,55.0
60415.0,32.5
60416.0,42.5
60479.0,55.0
60480.0,75.0
60543.0,22.5
60544.0,19.0
60607.0,45.0
60608.0,45.0
60671.0,55.0
60672.0,85.0
60735.0,85.0
60736.0,45.0
60799.0,75.0
60800.0,75.0
60863.0,45.0
60864.0,35.0
60927.0,32.5
60928.0,42.5
60991.0,17.5
60992.0,27.0
61055.0,95.0
61056.0,95.0
61119.0,85.0
61120.0,75.0
61183.0,75.0
61184.0,205.0
61247.0,65.0
61248.0,55.0
61311.0,55.0
61312.0,55.0
61375.0,105.0
61376.0,37.5
61439.0,27.5
61440.0,19.0
61503.0,95.0
61504.0,95.0
61567.0,195.0
61568.0,55.0
61631.0,65.0
61632.0,425.0
61695.0,35.0
61696.0,95.0
61759.0,55.0
61760.0,45.0
61823.0,37.5
61824.0,55.0
61887.0,32.5
61888.0,22.5
61951.0,95.0
61952.0,95.0
62015.0,54.0
62016.0,275.0
62079.0,95.0
62080.0,75.0
62143.0,45.0
62144.0,95.0
62207.0,95.0
62208.0,37.5
62271.0,32.5
62272.0,45.0
62335.0,55.0
62336.0,45.0
62399.0,24.0
62400.0,17.5
62463.0,55.0
62464.0,235.0
62527.0,42.5
62528.0,75.0
62591.0,105.0
62592.0,65.0
62655.0,35.0
62656.0,95.0
62719.0,45.0
62720.0,45.0
62783.0,105.0
62784.0,29.0
62847.0,27.5
62848.0,35.0
62911.0,95.0
62912.0,85.0
62975.0,47.5
62976.0,57.5
63039.0,175.0
63040.0,95.0
63103.0,95.0
63104.0,95.0
63167.0,45.0
63168.0,45.0
63231.0,105.0
63232.0,37.5
63295.0,17.5
63296.0,32.5
63359.0,37.5
63360.0,245.0
63423.0,75.0
63424.0,95.0
63487.0,72.5
63488.0,72.5
63551.0,42.5
63552.0,55.0
63615.0,75.0
63616.0,45.0
63679.0,37.5
63680.0,37.5
63743.0,32.5
63744.0,245.0
63807.0,65.0
63808.0,95.0
63871.0,37.5
63872.0,95.0
63935.0,100.0
63936.0,55.0
63999.0,95.0
64000.0,45.0
64063.0,37.5
64064.0,35.0
64127.0,45.0
64128.0,22.5
64191.0,65.0
64192.0,95.0
64255.0,32.5
64256.0,105.0
64319.0,95.0
64320.0,155.0
64383.0,75.0
64384.0,65.0
64447.0,32.5
64448.0,37.5
64511.0,65.0
64512.0,35.0
64575.0,35.0
64576.0,35.0
64639.0,35.0
64640.0,22.5
64703.0,95.0
64704.0,37.5
64767.0,75.0
64768.0,55.0
64831.0,475.0
64832.0,205.0
64895.0,65.0
64896.0,42.5
64959.0,65.0
64960.0,42.5
65023.0,42.5
65024.0,27.5
65087.0,32.5
65088.0,27.5
65151.0,35.0
65152.0,32.5
65215.0,95.0
65216.0,235.0
65279.0,57.5
65280.0,55.0
65343.0,155.0
65344.0,205.0
65407.0,55.0
65408.0,95.0
65471.0,55.0
65472.0,45.0
65535.0,27.5
65536.0,62.5
65599.0,65.0
65600.0,45.0
65663.0,85.0
65664.0,75.0
65727.0,22.5
65728.0,19.0
65791.0,155.0
65792.0,205.0
65855.0,95.0
65856.0,55.0
65919.0,425.0
65920.0,205.0
65983.0,72.5
65984.0,72.5
66047.0,55.0
66048.0,65.0
66111.0,72.5
66112.0,72.5
66175.0,55.0
66176.0,85.0
66239.0,45.0
66240.0,55.0
66303.0,95.0
66304.0,235.0
66367.0,57.5
66368.0,65.0
66431.0,205.0
66432.0,125.0
66495.0,65.0
66496.0,62.5
66559.0,57.5
66560.0,42.5
66623.0,22.5
66624.0,62.5
66687.0,55.0
66688.0,55.0
66751.0,67.5
66752.0,31.5
66815.0,285.0
66816.0,135.0
66879.0,75.0
66880.0,275.0
66943.0,145.0
66944.0,27.5
67007.0,105.0
67008.0,95.0
67071.0,72.5
67072.0,75.0
67135.0,55.0
67136.0,65.0
67199.0,77.5
67200.0,77.5
67263.0,22.5
67264.0,77.5
67327.0,65.0
67328.0,55.0
67391.0,55.0
67392.0,95.0
67455.0,55.0
67456.0,55.0
67519.0,55.0
67520.0,27.5
67583.0,55.0
67584.0,32.5
67647.0,235.0
67648.0,47.5
67711.0,95.0
67712.0,95.0
67775.0,145.0
67776.0,285.0
67839.0,155.0
67840.0,75.0
67903.0,35.0
67904.0,85.0
67967.0,155.0
67968.0,155.0
68031.0,135.0
68032.0,22.5
68095.0,205.0
68096.0,135.0
68159.0,105.0
68160.0,95.0
68223.0,135.0
68224.0,85.0
68287.0,72.5
68288.0,72.5
68351.0,105.0
68352.0,105.0
68415.0,72.5
68416.0,72.5
68479.0,57.5
68480.0,55.0
68543.0,72.5
68544.0,72.5
68607.0,72.5
68608.0,72.5
68671.0,45.0
68672.0,37.5
68735.0,52.5
68736.0,55.0
68799.0,37.5
68800.0,75.0
68863.0,55.0
68864.0,27.5
68927.0,32.5
68928.0,22.0
68991.0,227.5
68992.0,65.0
69055.0,275.0
69056.0,135.0
69119.0,55.0
69120.0,75.0
69183.0,72.5
69184.0,185.0
69247.0,22.5
69248.0,155.0
69311.0,105.0
69312.0,95.0
69375.0,67.5
69376.0,95.0
69439.0,67.5
69440.0,67.5
69503.0,75.0
69504.0,145.0
69567.0,35.0
69568.0,35.0
69631.0,35.0
69632.0,27.5
69695.0,27.5
69696.0,32.5
69759.0,35.0
69760.0,32.5
69823.0,215.0
69824.0,185.0
69887.0,275.0
69888.0,45.0
69951.0,45.0
69952.0,17.5
70015.0,205.0
70016.0,75.0
70079.0,85.0
70080.0,205.0
70143.0,95.0
70144.0,62.5
70207.0,55.0
70208.0,62.5
70271.0,62.5
70272.0,62.5
70335.0,32.5
70336.0,25.0
70399.0,22.5
70400.0,35.0
70463.0,35.0
70464.0,17.5
70527.0,35.0
70528.0,32.5
70591.0,215.0
70592.0,185.0
70655.0,35.0
70656.0,75.0
70719.0,22.5
70720.0,95.0
70783.0,425.0
70784.0,215.0
70847.0,135.0
70848.0,85.0
70911.0,42.5
70912.0,95.0
70975.0,205.0
70976.0,52.5
71039.0,42.5
71040.0,42.5
71103.0,32.5
71104.0,37.5
71167.0,35.0
71168.0,45.0
71231.0,24.0
71232.0,115.0
71295.0,185.0
71296.0,95.0
71359.0,275.0
71360.0,110.0
71423.0,85.0
71424.0,45.0
71487.0,125.0
71488.0,85.0
71551.0,62.5
71552.0,47.5
71615.0,47.5
71616.0,47.5
71679.0,225.0
71680.0,62.5
71743.0,47.5
71744.0,47.5
71807.0,48.5
71808.0,47.5
71871.0,47.5
71872.0,35.0
71935.0,37.5
71936.0,57.5
71999.0,115.0
72000.0,45.0
72063.0,41.5
72064.0,37.5
72127.0,95.0
72128.0,227.5
72191.0,55.0
72192.0,145.0
72255.0,65.0
72256.0,275.0
72319.0,52.5
72320.0,145.0
72383.0,425.0
72384.0,215.0
72447.0,205.0
72448.0,125.0
72511.0,47.5
72512.0,95.0
72575.0,95.0
72576.0,95.0
72639.0,62.5
72640.0,62.5
72703.0,115.0
72704.0,155.0
72767.0,47.5
72768.0,47.5
72831.0,47.5
72832.0,55.0
72895.0,47.5
72896.0,42.5
72959.0,125.0
72960.0,57.5
73023.0,19.0
73024.0,47.5
73087.0,36.5
73088.0,32.5
73151.0,215.0
73152.0,185.0
73215.0,275.0
73216.0,105.0
73279.0,95.0
73280.0,47.5
73343.0,75.0
73344.0,425.0
73407.0,95.0
73408.0,125.0
73471.0,95.0
73472.0,47.5
73535.0,62.5
73536.0,47.5
73599.0,125.0
73600.0,155.0
73663.0,82.5
73664.0,82.5
73727.0,37.5
73728.0,53.0
73791.0,57.5
73792.0,47.5
73855.0,57.5
73856.0,67.5
73919.0,105.0
73920.0,32.5
73983.0,205.0
73984.0,227.5
74047.0,97.5
74048.0,105.0
74111.0,37.5
74112.0,22.5
74175.0,85.0
74176.0,425.0
74239.0,92.5
74240.0,82.5
74303.0,92.5
74304.0,92.5
74367.0,82.5
74368.0,82.5
74431.0,37.5
74432.0,42.5
74495.0,42.5
74496.0,32.5
74559.0,22.5
74560.0,27.5
74623.0,42.5
74624.0,32.5
74687.0,245.0
74688.0,205.0
74751.0,275.0
74752.0,105.0
74815.0,42.5
74816.0,22.5
74879.0,65.0
74880.0,425.0
74943.0,82.5
74944.0,95.0
75007.0,82.5
75008.0,82.5
75071.0,82.5
75072.0,105.0
75135.0,17.5
75136.0,82.5
75199.0,32.5
75200.0,30.5
75263.0,72.5
75264.0,32.5
75327.0,55.0
75328.0,42.5
75391.0,32.5
75392.0,24.0
75455.0,225.0
75456.0,37.5
75519.0,295.0
75520.0,285.0
75583.0,67.5
75584.0,275.0
75647.0,95.0
75648.0,47.5
75711.0,140.0
75712.0,75.0
75775.0,82.5
75776.0,95.0
75839.0,52.5
75840.0,95.0
75903.0,375.0
75904.0,82.5
75967.0,72.5
75968.0,52.5
76031.0,72.5
76032.0,72.5
76095.0,37.5
76096.0,52.5
76159.0,22.5
76160.0,37.5
76223.0,77.5
76224.0,115.0
76287.0,67.5
76288.0,42.5
76351.0,32.5
76352.0,23.0
76415.0,52.5
76416.0,45.0
76479.0,245.0
76480.0,205.0
76543.0,85.0
76544.0,52.5
76607.0,75.0
76608.0,275.0
76671.0,62.5
76672.0,32.5
76735.0,95.0
76736.0,62.5
76799.0,245.0
76800.0,52.5
76863.0,125.0
76864.0,75.0
76927.0,95.0
76928.0,125.0
76991.0,62.5
76992.0,95.0
77055.0,82.5
77056.0,62.5
77119.0,72.5
77120.0,82.5
77183.0,95.0
77184.0,72.5
77247.0,62.5
77248.0,95.0
77311.0,82.5
77312.0,72.5
77375.0,175.0
77376.0,145.0
77439.0,72.5
77440.0,52.5
77503.0,62.5
77504.0,72.5
77567.0,51.5
77568.0,97.5
77631.0,32.5
77632.0,47.5
77695.0,95.0
77696.0,62.5
77759.0,27.5
77760.0,72.5
77823.0,36.5
77824.0,32.5
77887.0,205.0
77888.0,237.5
77951.0,55.0
77952.0,145.0
78015.0,32.5
78016.0,75.0
78079.0,32.5
78080.0,45.0
78143.0,125.0
78144.0,105.0
78207.0,135.0
78208.0,105.0
78271.0,77.5
78272.0,32.5
78335.0,32.5
78336.0,45.0
78399.0,105.0
78400.0,32.5
78463.0,32.5
78464.0,45.0
78527.0,105.0
78528.0,105.0
78591.0,65.0
78592.0,425.0
78655.0,52.5
78656.0,95.0
78719.0,82.5
78720.0,62.5
78783.0,62.5
78784.0,52.5
78847.0,57.5
78848.0,37.5
78911.0,77.5
78912.0,32.5
78975.0,37.5
78976.0,95.0
79039.0,105.0
79040.0,27.5
79103.0,232.5
79104.0,37.5
79167.0,145.0
79168.0,305.0
79231.0,275.0
79232.0,55.0
79295.0,105.0
79296.0,65.0
79359.0,52.5
79360.0,105.0
79423.0,425.0
79424.0,295.0
79487.0,85.0
79488.0,205.0
79551.0,82.5
79552.0,52.5
79615.0,95.0
79616.0,95.0
79679.0,62.5
79680.0,95.0
79743.0,52.5
79744.0,115.0
79807.0,52.5
79808.0,62.5
79871.0,62.5
79872.0,62.5
79935.0,12.5
79936.0,52.5
79999.0,22.5
80000.0,32.5
80063.0,75.0
80064.0,57.5
80127.0,27.5
80128.0,42.5
80191.0,27.5
80192.0,27.5
80255.0,77.5
80256.0,32.5
80319.0,47.5
80320.0,95.0
80383.0,37.5
80384.0,82.5
80447.0,85.0
80448.0,22.5
80511.0,26.0
80512.0,105.0
80575.0,38.5
80576.0,32.5
80639.0,37.5
80640.0,35.0
80703.0,205.0
80704.0,232.5
80767.0,205.0
80768.0,205.0
80831.0,305.0
80832.0,205.0
80895.0,145.0
80896.0,145.0
80959.0,55.0
80960.0,145.0
81023.0,275.0
81024.0,45.0
81087.0,37.5
81088.0,55.0
81151.0,105.0
81152.0,65.0
81215.0,105.0
81216.0,105.0
81279.0,75.0
81280.0,65.0
81343.0,105.0
81344.0,75.0
81407.0,42.5
81408.0,95.0
81471.0,62.5
81472.0,95.0
81535.0,95.0
81536.0,35.0
81599.0,62.5
81600.0,62.5
81663.0,77.5
81664.0,17.5
81727.0,77.5
81728.0,75.0
81791.0,17.5
81792.0,37.5
81855.0,25.0
81856.0,65.0
81919.0,75.0
81920.0,232.5
81983.0,45.0
81984.0,47.5
82047.0,55.0
82048.0,32.5
82111.0,75.0
82112.0,425.0
82175.0,62.5
82176.0,62.5
82239.0,145.0
82240.0,55.0
82303.0,62.5
82304.0,62.5
82367.0,22.5
82368.0,32.5
82431.0,47.5
82432.0,95.0
82495.0,27.5
82496.0,42.5
82559.0,232.5
82560.0,37.5
82623.0,45.0
82624.0,125.0
82687.0,42.5
82688.0,105.0
82751.0,425.0
82752.0,245.0
82815.0,95.0
82816.0,42.5
82879.0,37.5
82880.0,95.0
82943.0,62.5
82944.0,42.5
83007.0,32.5
83008.0,87.5
83071.0,47.5
83072.0,82.5
83135.0,37.5
83136.0,27.5
83199.0,32.5
83200.0,32.5
83263.0,125.0
83264.0,95.0
83327.0,65.0
83328.0,32.5
83391.0,65.0
83392.0,105.0
83455.0,85.0
83456.0,95.0
83519.0,62.5
83520.0,95.0
83583.0,42.5
83584.0,32.5
83647.0,55.0
83648.0,37.5
83711.0,22.5
83712.0,32.5
83775.0,15.0
83776.0,77.5
83839.0,27.5
83840.0,72.5
83903.0,19.0
83904.0,19.0
83967.0,29.0
83968.0,21.0
84031.0,65.0
84032.0,345.0
84095.0,105.0
84096.0,65.0
84159.0,425.0
84160.0,205.0
84223.0,65.0
84224.0,95.0
84287.0,125.0
84288.0,27.5
84351.0,27.5
84352.0,27.5
84415.0,47.0
84416.0,21.0
84479.0,32.5
84480.0,32.5
84543.0,19.0
84544.0,25.0
84607.0,345.0
84608.0,315.0
84671.0,275.0
84672.0,37.5
84735.0,105.0
84736.0,65.0
84799.0,95.0
84800.0,65.0
84863.0,95.0
84864.0,75.0
84927.0,65.0
84928.0,95.0
84991.0,95.0
84992.0,52.5
85055.0,52.5
85056.0,52.5
85119.0,32.5
85120.0,37.5
85183.0,37.5
85184.0,125.0
85247.0,17.5
85248.0,17.5
85311.0,25.0
85312.0,42.5
85375.0,75.0
85376.0,227.5
85439.0,37.5
85440.0,95.0
85503.0,105.0
85504.0,65.0
85567.0,190.0
85568.0,85.0
85631.0,125.0
85632.0,85.0
85695.0,95.0
85696.0,95.0
85759.0,95.0
85760.0,37.5
85823.0,42.5
85824.0,37.5
85887.0,37.5
85888.0,32.5
85951.0,117.5
85952.0,32.5
86015.0,12.5
86016.0,12.5
86079.0,21.0
86080.0,16.0
86143.0,345.0
86144.0,315.0
86207.0,62.5
86208.0,47.5
86271.0,145.0
86272.0,85.0
86335.0,37.5
86336.0,95.0
86399.0,52.5
86400.0,42.5
86463.0,42.5
86464.0,42.5
86527.0,95.0
86528.0,62.5
86591.0,32.5
86592.0,47.5
86655.0,23.0
86656.0,25.0
86719.0,315.0
86720.0,205.0
86783.0,47.5
86784.0,45.0
86847.0,95.0
86848.0,42.5
86911.0,105.0
86912.0,125.0
86975.0,52.5
86976.0,37.5
87039.0,32.5
87040.0,32.5
87103.0,115.0
87104.0,62.5
87167.0,32.5
87168.0,47.5
87231.0,27.5
87232.0,16.5
87295.0,227.5
87296.0,32.5
87359.0,47.5
87360.0,32.5
87423.0,105.0
87424.0,37.5
87487.0,105.0
87488.0,75.0
87551.0,95.0
87552.0,95.0
87615.0,65.0
87616.0,55.0
87679.0,42.5
87680.0,27.5
87743.0,42.5
87744.0,97.5
87807.0,17.5
87808.0,12.5
87871.0,222.5
87872.0,27.5
87935.0,47.5
87936.0,37.5
87999.0,105.0
88000.0,45.0
88063.0,75.0
88064.0,425.0
88127.0,95.0
88128.0,37.5
88191.0,105.0
88192.0,37.5
88255.0,32.5
88256.0,32.5
88319.0,105.0
88320.0,62.5
88383.0,47.5
88384.0,47.5
88447.0,25.0
88448.0,27.5
88511.0,305.0
88512.0,205.0
88575.0,47.5
88576.0,125.0
88639.0,125.0
88640.0,55.0
88703.0,105.0
88704.0,125.0
88767.0,52.5
88768.0,37.5
88831.0,32.5
88832.0,27.5
88895.0,37.5
88896.0,62.5
88959.0,67.5
88960.0,67.5
89023.0,27.0
89024.0,17.5
89087.0,222.5
89088.0,27.5
89151.0,275.0
89152.0,77.5
89215.0,32.5
89216.0,105.0
89279.0,125.0
89280.0,85.0
89343.0,52.5
89344.0,37.5
89407.0,32.5
89408.0,32.5
89471.0,29.0
89472.0,29.0
89535.0,32.5
89536.0,32.5
89599.0,15.0
89600.0,13.0
89663.0,75.0
89664.0,45.0
89727.0,105.0
89728.0,55.0
89791.0,105.0
89792.0,85.0
89855.0,95.0
89856.0,37.5
89919.0,95.0
89920.0,52.5
89983.0,57.5
89984.0,37.5
90047.0,47.5
90048.0,42.5
90111.0,11.0
90112.0,22.5
90175.0,205.0
90176.0,75.0
90239.0,75.0
90240.0,47.5
90303.0,205.0
90304.0,105.0
90367.0,47.5
90368.0,95.0
90431.0,47.5
90432.0,65.0
90495.0,42.5
90496.0,42.5
90559.0,44.0
90560.0,57.5
90623.0,19.0
90624.0,22.5
90687.0,27.5
90688.0,17.0
90751.0,60.0
90752.0,105.0
90815.0,52.5
90816.0,52.5
90879.0,625.0
90880.0,235.0
90943.0,42.5
90944.0,105.0
91007.0,52.5
91008.0,47.5
91071.0,42.5
91072.0,42.5
91135.0,62.5
91136.0,42.5
91199.0,75.0
91200.0,75.0
91263.0,24.0
91264.0,52.5
91327.0,205.0
91328.0,75.0
91391.0,47.5
91392.0,265.0
91455.0,105.0
91456.0,105.0
91519.0,85.0
91520.0,625.0
91583.0,47.5
91584.0,95.0
91647.0,65.0
91648.0,125.0
91711.0,42.5
91712.0,42.5
91775.0,52.5
91776.0,27.5
91839.0,27.5
91840.0,52.5
91903.0,19.0
91904.0,24.0
91967.0,75.0
91968.0,232.5
92031.0,125.0
92032.0,65.0
92095.0,65.0
92096.0,47.5
92159.0,75.0
92160.0,42.5
92223.0,22.5
92224.0,105.0
92287.0,75.0
92288.0,105.0
92351.0,85.0
92352.0,105.0
92415.0,47.5
92416.0,95.0
92479.0,55.0
92480.0,47.5
92543.0,170.0
92544.0,425.0
92607.0,42.5
92608.0,42.5
92671.0,52.5
92672.0,27.5
92735.0,47.5
92736.0,42.5
92799.0,13.0
92800.0,32.5
92863.0,19.0
92864.0,21.0
92927.0,232.5
92928.0,45.0
92991.0,155.0
92992.0,205.0
93055.0,85.0
93056.0,85.0
93119.0,65.0
93120.0,75.0
93183.0,42.5
93184.0,105.0
93247.0,95.0
93248.0,19.0
93311.0,75.0
93312.0,625.0
93375.0,105.0
93376.0,125.0
93439.0,95.0
93440.0,57.5
93503.0,55.0
93504.0,57.5
93567.0,325.0
93568.0,65.0
93631.0,52.5
93632.0,52.5
93695.0,37.5
93696.0,52.5
93759.0,47.5
93760.0,42.5
93823.0,32.5
93824.0,37.5
93887.0,27.5
93888.0,27.5
93951.0,47.5
93952.0,13.5
94015.0,32.5
94016.0,47.5
94079.0,375.0
94080.0,195.0
94143.0,265.0
94144.0,47.5
94207.0,52.5
94208.0,37.5
94271.0,475.0
94272.0,190.0
94335.0,52.5
94336.0,115.0
94399.0,55.0
94400.0,57.5
94463.0,52.5
94464.0,75.0
94527.0,27.5
94528.0,37.5
94591.0,27.5
94592.0,32.5
94655.0,52.5
94656.0,17.5
94719.0,52.5
94720.0,52.5
94783.0,37.5
94784.0,95.0
94847.0,52.5
94848.0,37.5
94911.0,85.0
94912.0,475.0
94975.0,57.5
94976.0,95.0
95039.0,325.0
95040.0,65.0
95103.0,47.5
95104.0,52.5
95167.0,27.5
95168.0,32.5
95231.0,16.5
95232.0,32.5
95295.0,42.5
95296.0,21.5
95359.0,65.0
95360.0,335.0
95423.0,65.0
95424.0,95.0
95487.0,27.5
95488.0,115.0
95551.0,95.0
95552.0,475.0
95615.0,115.0
95616.0,125.0
95679.0,95.0
95680.0,95.0
95743.0,65.0
95744.0,65.0
95807.0,52.5
95808.0,65.0
95871.0,52.5
95872.0,52.5
95935.0,32.5
95936.0,52.5
95999.0,27.5
96000.0,27.5
96063.0,32.5
96064.0,32.5
96127.0,32.5
96128.0,27.5
96191.0,37.5
96192.0,47.5
96255.0,27.5
96256.0,27.5
96319.0,77.5
96320.0,13.5
96383.0,77.5
96384.0,19.0
96447.0,21.5
96448.0,77.5
96511.0,24.0
96512.0,19.0
96575.0,232.5
96576.0,55.0
96639.0,195.0
96640.0,145.0
96703.0,72.5
96704.0,105.0
96767.0,65.0
96768.0,52.5
96831.0,95.0
96832.0,52.5
96895.0,525.0
96896.0,190.0
96959.0,85.0
96960.0,205.0
97023.0,105.0
97024.0,57.5
97087.0,57.5
97088.0,105.0
97151.0,325.0
97152.0,75.0
97215.0,57.5
97216.0,57.5
97279.0,47.5
97280.0,57.5
97343.0,32.5
97344.0,47.5
97407.0,57.5
97408.0,42.5
97471.0,57.5
97472.0,62.5
97535.0,27.5
97536.0,37.5
97599.0,24.0
97600.0,77.5
97663.0,42.5
97664.0,32.5
97727.0,195.0
97728.0,145.0
97791.0,42.5
97792.0,52.5
97855.0,105.0
97856.0,57.5
97919.0,57.5
97920.0,115.0
97983.0,115.0
97984.0,85.0
98047.0,57.5
98048.0,115.0
98111.0,57.5
98112.0,105.0
98175.0,325.0
98176.0,75.0
98239.0,57.5
98240.0,57.5
98303.0,27.5
98304.0,37.5
98367.0,27.5
98368.0,42.5
98431.0,57.5
98432.0,62.5
98495.0,22.5
98496.0,27.5
98559.0,37.5
98560.0,62.5
98623.0,52.5
98624.0,45.0
98687.0,135.0
98688.0,195.0
98751.0,52.5
98752.0,195.0
98815.0,47.5
98816.0,22.5
98879.0,115.0
98880.0,95.0
98943.0,155.0
98944.0,57.5
99007.0,75.0
99008.0,525.0
99071.0,85.0
99072.0,195.0
99135.0,57.5
99136.0,115.0
99199.0,57.5
99200.0,105.0
99263.0,105.0
99264.0,105.0
99327.0,105.0
99328.0,105.0
99391.0,55.0
99392.0,57.5
99455.0,325.0
99456.0,55.0
99519.0,185.0
99520.0,325.0
99583.0,95.0
99584.0,195.0
99647.0,57.5
99648.0,95.0
99711.0,57.5
99712.0,57.5
99775.0,57.5
99776.0,57.5
99839.0,37.5
99840.0,57.5
99903.0,77.5
99904.0,37.5
99967.0,37.5
99968.0,67.5
100031.0,57.5
100032.0,57.5
100095.0,97.5
100096.0,37.5
100159.0,47.5
100160.0,52.5
100223.0,87.5
100224.0,67.5
100287.0,37.5
100288.0,82.5
100351.0,22.5
100352.0,37.5
100415.0,26.0
100416.0,77.5
100479.0,44.0
100480.0,62.5
100543.0,31.5
100544.0,29.0
100607.0,85.0
100608.0,33.5
100671.0,95.0
100672.0,237.5
100735.0,175.0
100736.0,175.0
100799.0,105.0
100800.0,195.0
100863.0,87.5
100864.0,105.0
100927.0,47.5
100928.0,87.5
100991.0,52.5
100992.0,195.0
101055.0,75.0
101056.0,27.5
101119.0,37.5
101120.0,65.0
101183.0,37.5
101184.0,75.0
101247.0,57.5
101248.0,37.5
101311.0,105.0
101312.0,55.0
101375.0,125.0
101376.0,105.0
101439.0,65.0
101440.0,125.0
101503.0,575.0
101504.0,155.0
101567.0,115.0
101568.0,65.0
101631.0,85.0
101632.0,195.0
101695.0,57.5
101696.0,115.0
101759.0,105.0
101760.0,57.5
101823.0,75.0
101824.0,57.5
101887.0,155.0
101888.0,325.0
101951.0,57.5
101952.0,105.0
102015.0,57.5
102016.0,57.5
102079.0,37.5
102080.0,17.5
102143.0,57.5
102144.0,77.5
102207.0,37.5
102208.0,52.5
102271.0,77.5
102272.0,37.5
102335.0,67.5
102336.0,37.5
102399.0,37.5
102400.0,37.5
102463.0,42.5
102464.0,37.5
102527.0,32.5
102528.0,42.5
102591.0,47.5
102592.0,32.5
102655.0,47.5
102656.0,22.5
102719.0,85.0
102720.0,62.5
102783.0,37.5
102784.0,37.5
102847.0,57.5
102848.0,27.5
102911.0,42.5
102912.0,52.5
102975.0,77.5
102976.0,42.5
103039.0,59.0
103040.0,62.5
103103.0,29.0
103104.0,59.0
103167.0,29.0
103168.0,59.0
103231.0,67.5
103232.0,34.0
103295.0,237.5
103296.0,52.5
103359.0,195.0
103360.0,57.5
103423.0,175.0
103424.0,195.0
103487.0,195.0
103488.0,125.0
103551.0,97.5
103552.0,195.0
103615.0,52.5
103616.0,195.0
103679.0,37.5
103680.0,52.5
103743.0,195.0
103744.0,155.0
103807.0,105.0
103808.0,115.0
103871.0,97.5
103872.0,195.0
103935.0,195.0
103936.0,97.5
103999.0,52.5
104000.0,195.0
104063.0,195.0
104064.0,72.5
104127.0,52.5
104128.0,195.0
104191.0,37.5
104192.0,52.5
104255.0,37.5
104256.0,52.5
104319.0,95.0
104320.0,37.5
104383.0,95.0
104384.0,37.5
104447.0,95.0
104448.0,37.5
104511.0,95.0
104512.0,37.5
104575.0,75.0
104576.0,37.5
104639.0,37.5
104640.0,52.5
104703.0,52.5
104704.0,195.0
104767.0,52.5
104768.0,195.0
104831.0,37.5
104832.0,52.5
104895.0,75.0
104896.0,37.5
104959.0,95.0
104960.0,75.0
105023.0,95.0
105024.0,75.0
105087.0,17.5
105088.0,95.0
105151.0,105.0
105152.0,17.5
105215.0,85.0
105216.0,105.0
105279.0,52.5
105280.0,85.0
105343.0,65.0
105344.0,52.5
105407.0,155.0
105408.0,65.0
105471.0,525.0
105472.0,155.0
105535.0,55.0
105536.0,525.0
105599.0,95.0
105600.0,52.5
105663.0,75.0
105664.0,155.0
105727.0,115.0
105728.0,125.0
105791.0,85.0
105792.0,105.0
105855.0,105.0
105856.0,105.0
105919.0,210.0
105920.0,77.5
105983.0,85.0
105984.0,85.0
106047.0,47.5
106048.0,85.0
106111.0,57.5
106112.0,42.5
106175.0,47.5
106176.0,75.0
106239.0,57.5
106240.0,92.5
106303.0,37.5
106304.0,27.5
106367.0,42.5
106368.0,37.5
106431.0,29.0
106432.0,96.5
106495.0,87.5
106496.0,65.0
106559.0,105.0
106560.0,145.0
106623.0,87.5
106624.0,115.0
106687.0,195.0
106688.0,77.5
106751.0,47.5
106752.0,52.5
106815.0,47.5
106816.0,52.5
106879.0,47.5
106880.0,52.5
106943.0,75.0
106944.0,47.5
107007.0,57.5
107008.0,95.0
107071.0,95.0
107072.0,95.0
107135.0,47.5
107136.0,95.0
107199.0,85.0
107200.0,42.5
107263.0,155.0
107264.0,95.0
107327.0,475.0
107328.0,155.0
107391.0,52.5
107392.0,475.0
107455.0,95.0
107456.0,52.5
107519.0,75.0
107520.0,155.0
107583.0,125.0
107584.0,75.0
107647.0,52.5
107648.0,42.5
107711.0,42.5
107712.0,105.0
107775.0,105.0
107776.0,37.5
107839.0,52.5
107840.0,65.0
107903.0,37.5
107904.0,52.5
107967.0,32.5
107968.0,97.5
108031.0,37.5
108032.0,57.5
108095.0,57.5
108096.0,67.5
108159.0,27.5
108160.0,32.5
108223.0,27.5
108224.0,19.0
108287.0,77.5
108288.0,42.5
108351.0,27.5
108352.0,29.0
108415.0,245.0
108416.0,42.5
108479.0,155.0
108480.0,145.0
108543.0,85.0
108544.0,95.0
108607.0,47.5
108608.0,195.0
108671.0,27.5
108672.0,95.0
108735.0,85.0
108736.0,42.5
108799.0,475.0
108800.0,165.0
108863.0,155.0
108864.0,105.0
108927.0,125.0
108928.0,75.0
108991.0,55.0
108992.0,125.0
109055.0,85.0
109056.0,125.0
109119.0,105.0
109120.0,75.0
109183.0,105.0
109184.0,105.0
109247.0,65.0
109248.0,42.5
109311.0,75.0
109312.0,55.0
109375.0,125.0
109376.0,47.5
109439.0,115.0
109440.0,77.5
109503.0,52.5
109504.0,52.5
109567.0,52.5
109568.0,52.5
109631.0,97.5
109632.0,47.5
109695.0,77.5
109696.0,95.0
109759.0,27.5
109760.0,47.5
109823.0,42.5
109824.0,29.0
109887.0,245.0
109888.0,37.5
109951.0,67.5
109952.0,67.5
110015.0,77.5
110016.0,37.5
110079.0,155.0
110080.0,145.0
110143.0,125.0
110144.0,75.0
110207.0,105.0
110208.0,105.0
110271.0,47.5
110272.0,65.0
110335.0,47.5
110336.0,105.0
110399.0,47.5
110400.0,47.5
110463.0,47.5
110464.0,47.5
110527.0,57.5
110528.0,105.0
110591.0,87.5
110592.0,52.5
110655.0,52.5
110656.0,62.5
110719.0,52.5
110720.0,62.5
110783.0,52.5
110784.0,67.5
110847.0,52.5
110848.0,67.5
110911.0,22.5
110912.0,52.5
110975.0,29.0
110976.0,42.5
111039.0,52.5
111040.0,29.0
111103.0,27.5
111104.0,21.0
111167.0,155.0
111168.0,145.0
111231.0,55.0
111232.0,55.0
111295.0,195.0
111296.0,97.5
111359.0,55.0
111360.0,57.5
111423.0,95.0
111424.0,62.5
111487.0,95.0
111488.0,95.0
111551.0,95.0
111552.0,75.0
111615.0,125.0
111616.0,75.0
111679.0,105.0
111680.0,47.5
111743.0,47.5
111744.0,42.5
111807.0,37.5
111808.0,65.0
111871.0,77.5
111872.0,47.5
111935.0,42.5
111936.0,42.5
111999.0,42.5
112000.0,42.5
112063.0,57.5
112064.0,37.5
112127.0,97.5
112128.0,72.5
112191.0,52.5
112192.0,105.0
112255.0,37.5
112256.0,115.0
112319.0,77.5
112320.0,55.0
112383.0,85.0
112384.0,85.0
112447.0,32.5
112448.0,27.5
112511.0,34.0
112512.0,27.5
112575.0,185.0
112576.0,95.0
112639.0,195.0
112640.0,67.5
112703.0,37.5
112704.0,85.0
112767.0,525.0
112768.0,255.0
112831.0,75.0
112832.0,65.0
112895.0,42.5
112896.0,95.0
112959.0,47.5
112960.0,165.0
113023.0,47.5
113024.0,47.5
113087.0,105.0
113088.0,67.5
113151.0,57.5
113152.0,47.5
113188.0,1475.0
113215.0,45.0
113216.0,37.5
113258.0,1475.0
113279.0,52.5
113280.0,23.0
113329.0,1475.0
113343.0,87.5
113344.0,65.0
113400.0,1475.0
113407.0,77.5
113408.0,75.0
113471.0,195.0
113472.0,125.0
113535.0,52.5
113536.0,75.0
113541.0,1300.0
113599.0,67.5
113600.0,42.5
113611.0,1175.0
113663.0,62.5
113664.0,65.0
113680.0,1125.0
113727.0,65.0
113728.0,65.0
113791.0,37.5
113792.0,72.5
113855.0,37.5
113856.0,77.5
113919.0,37.5
113920.0,55.0
113983.0,27.5
113984.0,27.5
114047.0,72.5
114048.0,245.0
114111.0,57.5
114112.0,195.0
114175.0,32.5
114176.0,125.0
114239.0,155.0
114240.0,95.0
114303.0,155.0
114304.0,82.5
114311.0,1475.0
114367.0,82.5
114368.0,47.5
114380.0,1150.0
114431.0,47.5
114432.0,235.0
114495.0,92.5
114496.0,92.5
114517.0,1475.0
114559.0,77.5
114560.0,37.5
114586.0,1475.0
114623.0,37.5
114624.0,67.5
114654.0,1475.0
114687.0,47.5
114688.0,77.5
114721.0,1425.0
114751.0,37.5
114752.0,37.5
114788.0,1425.0
114815.0,27.5
114816.0,52.5
114879.0,27.0
114880.0,25.0
114943.0,32.5
114944.0,30.5
115007.0,125.0
115008.0,75.0
115071.0,62.5
115072.0,105.0
115135.0,57.5
115136.0,57.5
115199.0,105.0
115200.0,67.5
115263.0,155.0
115264.0,155.0
115327.0,225.0
115328.0,255.0
115391.0,65.0
115392.0,155.0
115455.0,145.0
115456.0,65.0
115519.0,55.0
115520.0,145.0
115583.0,57.5
115584.0,55.0
115647.0,55.0
115648.0,125.0
115711.0,92.5
115712.0,65.0
115775.0,37.5
115776.0,65.0
115839.0,32.5
115840.0,32.5
115903.0,32.5
115904.0,47.5
115967.0,27.5
115968.0,97.5
116031.0,37.5
116032.0,27.5
116095.0,29.0
116096.0,25.0
116159.0,235.0
116160.0,42.5
116223.0,75.0
116224.0,145.0
116287.0,195.0
116288.0,42.5
116351.0,155.0
116352.0,67.5
116415.0,105.0
116416.0,42.5
116479.0,225.0
116480.0,22.5
116543.0,155.0
116544.0,225.0
116607.0,275.0
116608.0,145.0
116671.0,225.0
116672.0,275.0
116735.0,95.0
116736.0,225.0
116799.0,95.0
116800.0,95.0
116863.0,65.0
116864.0,155.0
116927.0,145.0
116928.0,75.0
116991.0,145.0
116992.0,92.5
117055.0,145.0
117056.0,92.5
117119.0,55.0
117120.0,145.0
117183.0,45.0
117184.0,92.5
117247.0,55.0
117248.0,45.0
117311.0,92.5
117312.0,55.0
117375.0,92.5
117376.0,75.0
117439.0,95.0
117440.0,75.0
117503.0,87.5
117504.0,47.5
117567.0,175.0
117568.0,85.0
117631.0,67.5
117632.0,175.0
117695.0,75.0
117696.0,185.0
117759.0,77.5
117760.0,185.0
117823.0,75.0
117824.0,195.0
117887.0,72.5
117888.0,75.0
117951.0,42.5
117952.0,72.5
118015.0,72.5
118016.0,45.0
118079.0,72.5
118080.0,72.5
118143.0,52.5
118144.0,72.5
118207.0,42.5
118208.0,47.5
118271.0,27.5
118272.0,37.5
118335.0,29.0
118336.0,27.5
118399.0,52.5
118400.0,29.0
118463.0,47.5
118464.0,29.0
118527.0,35.0
118528.0,29.0
118591.0,57.5
118592.0,29.0
118655.0,29.0
118656.0,22.5
118719.0,29.0
118720.0,22.5
118783.0,29.0
118784.0,22.5
118847.0,47.5
118848.0,27.5
118911.0,42.5
118912.0,47.5
118975.0,32.5
118976.0,42.5
119039.0,32.5
119040.0,37.5
119103.0,37.5
119104.0,32.5
119167.0,32.5
119168.0,42.5
119231.0,52.5
119232.0,42.5
119295.0,47.5
119296.0,67.5
119359.0,57.5
119360.0,42.5
119423.0,57.5
119424.0,47.5
119487.0,57.5
119488.0,47.5
119551.0,47.5
119552.0,37.5
119615.0,37.5
119616.0,37.5
119679.0,42.5
119680.0,62.5
119743.0,62.5
119744.0,42.5
119807.0,165.0
119808.0,75.0
119871.0,75.0
119872.0,62.5
119935.0,105.0
119936.0,62.5
119999.0,75.0
120000.0,65.0
120063.0,145.0
120064.0,95.0
120127.0,195.0
120128.0,95.0
120191.0,95.0
120192.0,165.0
120255.0,255.0
120256.0,65.0
120319.0,42.5
120320.0,155.0
120383.0,105.0
120384.0,47.5
120447.0,155.0
120448.0,95.0
120511.0,97.5
120512.0,195.0
120575.0,95.0
120576.0,190.0
120639.0,245.0
120640.0,17.5
120703.0,34.0
120704.0,95.0
120767.0,57.5
120768.0,27.5
120831.0,47.5
120832.0,77.5
120895.0,57.5
120896.0,57.5
120959.0,47.5
120960.0,32.5
121023.0,57.5
121024.0,62.5
121087.0,82.5
121088.0,62.5
121151.0,145.0
121152.0,195.0
121215.0,75.0
121216.0,105.0
121279.0,75.0
121280.0,82.5
121343.0,105.0
121344.0,105.0
121407.0,82.5
121408.0,105.0
121471.0,82.5
121472.0,145.0
121535.0,85.0
121536.0,65.0
121599.0,195.0
121600.0,105.0
121663.0,225.0
121664.0,155.0
121727.0,44.0
121728.0,155.0
121791.0,47.5
121792.0,45.0
121855.0,105.0
121856.0,195.0
121919.0,67.5
121920.0,135.0
121983.0,125.0
121984.0,95.0
122047.0,42.5
122048.0,27.5
122111.0,37.5
122112.0,35.0
122175.0,34.0
122176.0,67.5
122239.0,97.5
122240.0,92.5
122303.0,42.5
122304.0,57.5
122367.0,37.5
122368.0,47.5
122431.0,34.0
122432.0,57.5
122495.0,52.5
122496.0,95.0
122559.0,95.0
122560.0,65.0
122623.0,75.0
122624.0,75.0
122687.0,145.0
122688.0,95.0
122751.0,195.0
122752.0,105.0
122815.0,135.0
122816.0,95.0
122879.0,245.0
122880.0,62.5
122943.0,125.0
122944.0,95.0
123007.0,45.5
123008.0,42.5
123071.0,65.0
123072.0,195.0
123135.0,175.0
123136.0,175.0
123199.0,145.0
123200.0,75.0
123263.0,75.0
123264.0,190.0
123327.0,32.5
123328.0,47.5
123391.0,32.5
123392.0,155.0
123455.0,67.5
123456.0,195.0
123519.0,95.0
123520.0,255.0
123583.0,46.5
123584.0,42.5
123647.0,87.5
123648.0,22.5
123711.0,67.5
123712.0,115.0
123775.0,37.5
123776.0,42.5
123839.0,42.5
123840.0,37.5
123903.0,47.5
123904.0,57.5
123967.0,105.0
123968.0,105.0
124031.0,75.0
124032.0,195.0
124095.0,75.0
124096.0,75.0
124159.0,175.0
124160.0,175.0
124223.0,105.0
124224.0,145.0
124287.0,95.0
124288.0,195.0
124351.0,65.0
124352.0,190.0
124415.0,42.5
124416.0,125.0
124479.0,62.5
124480.0,47.5
124543.0,32.5
124544.0,145.0
124607.0,95.0
124608.0,77.5
124671.0,95.0
124672.0,247.5
124735.0,30.0
124736.0,125.0
124799.0,42.5
124800.0,97.5
124863.0,57.5
124864.0,97.5
124927.0,105.0
124928.0,105.0
124991.0,175.0
124992.0,75.0
125055.0,175.0
125056.0,95.0
125119.0,75.0
125120.0,95.0
125183.0,125.0
125184.0,57.5
125247.0,77.5
125248.0,42.5
125311.0,195.0
125312.0,85.0
125375.0,37.5
125376.0,47.5
125439.0,37.5
125440.0,85.0
125503.0,77.5
125504.0,67.5
125567.0,37.5
125568.0,32.5
125631.0,17.5
125632.0,95.0
125695.0,65.0
125696.0,95.0
125759.0,75.0
125760.0,95.0
125823.0,175.0
125824.0,95.0
125887.0,175.0
125888.0,95.0
125951.0,145.0
125952.0,75.0
126015.0,195.0
126016.0,105.0
126079.0,175.0
126080.0,95.0
126143.0,95.0
126144.0,105.0
126207.0,77.5
126208.0,37.5
126271.0,215.0
126272.0,77.5
126335.0,77.5
126336.0,77.5
126399.0,275.0
126400.0,75.0
126463.0,48.5
126464.0,59.0
126527.0,67.5
126528.0,32.5
126591.0,75.0
126592.0,45.0
126655.0,175.0
126656.0,65.0
126719.0,195.0
126720.0,115.0
126783.0,95.0
126784.0,105.0
126847.0,42.5
126848.0,95.0
126911.0,77.5
126912.0,175.0
126975.0,95.0
126976.0,252.5
127039.0,69.0
127040.0,39.0
127103.0,32.5
127104.0,22.5
127167.0,77.5
127168.0,32.5
127231.0,47.5
127232.0,47.5
127295.0,47.5
127296.0,77.5
127359.0,37.5
127360.0,22.5
127423.0,25.0
127424.0,65.0
127487.0,65.0
127488.0,45.0
127551.0,65.0
127552.0,65.0
127615.0,95.0
127616.0,75.0
127679.0,65.0
127680.0,145.0
127743.0,145.0
127744.0,45.0
127807.0,190.0
127808.0,45.0
127871.0,52.5
127872.0,52.5
127935.0,75.0
127936.0,105.0
127999.0,105.0
128000.0,27.5
128063.0,95.0
128064.0,47.5
128127.0,97.5
128128.0,215.0
128191.0,57.5
128192.0,95.0
128255.0,55.0
128256.0,55.0
128319.0,97.5
128320.0,215.0
128383.0,105.0
128384.0,47.5
128447.0,105.0
128448.0,22.5
128511.0,75.0
128512.0,65.0
128575.0,105.0
128576.0,165.0
128639.0,95.0
128640.0,195.0
128703.0,135.0
128704.0,75.0
128767.0,190.0
128768.0,45.0
128831.0,145.0
128832.0,45.0
128895.0,52.5
128896.0,145.0
128959.0,55.0
128960.0,75.0
129023.0,47.5
129024.0,125.0
129087.0,35.0
129088.0,95.0
129151.0,45.0
129152.0,45.0
129215.0,27.5
129216.0,45.0
129279.0,22.5
129280.0,25.0
129343.0,37.5
129344.0,22.5
129407.0,32.5
129408.0,97.5
129471.0,32.5
129472.0,57.5
129535.0,47.5
129536.0,57.5
129599.0,32.5
129600.0,36.0
129663.0,22.5
129664.0,22.5
129727.0,12.5
129728.0,27.5
129791.0,29.5
129792.0,67.5
129855.0,20.0
129856.0,42.5
129919.0,97.5
129920.0,262.5
129983.0,95.0
129984.0,155.0
130047.0,57.5
130048.0,125.0
130111.0,37.5
130112.0,52.5
130175.0,215.0
130176.0,42.5
130239.0,105.0
130240.0,215.0
130303.0,52.5
130304.0,107.5
130367.0,85.0
130368.0,52.5
130431.0,135.0
130432.0,85.0
130495.0,105.0
130496.0,37.5
130559.0,52.5
130560.0,95.0
130623.0,175.0
130624.0,85.0
130687.0,85.0
130688.0,160.0
130751.0,95.0
130752.0,235.0
130815.0,45.0
130816.0,135.0
130879.0,95.0
130880.0,255.0
130943.0,255.0
130944.0,255.0
131007.0,95.0
131008.0,37.5
131071.0,145.0
131072.0,42.5
131135.0,47.5
131136.0,95.0
131199.0,95.0
131200.0,95.0
131263.0,37.5
131264.0,115.0
131327.0,115.0
131328.0,57.5
131391.0,67.5
131392.0,47.5
131455.0,12.5
131456.0,37.5
131519.0,9.0
131520.0,32.5
131583.0,32.5
131584.0,26.0
131647.0,125.0
131648.0,262.5
131711.0,47.5
131712.0,77.5
131775.0,135.0
131776.0,85.0
131839.0,52.5
131840.0,105.0
131903.0,155.0
131904.0,155.0
131967.0,95.0
131968.0,235.0
132031.0,95.0
132032.0,270.0
132095.0,47.5
132096.0,95.0
132159.0,85.0
132160.0,42.5
132223.0,45.0
132224.0,115.0
132287.0,115.0
132288.0,37.5
132351.0,125.0
132352.0,52.5
132415.0,12.5
132416.0,37.5
132479.0,25.0
132480.0,47.5
132543.0,125.0
132544.0,262.5
132607.0,215.0
132608.0,47.5
132671.0,67.5
132672.0,57.5
132735.0,110.0
132736.0,52.5
132799.0,75.0
132800.0,140.0
132863.0,105.0
132864.0,95.0
132927.0,85.0
132928.0,260.0
132991.0,85.0
132992.0,42.5
133055.0,45.0
133056.0,95.0
133119.0,85.0
133120.0,55.0
133183.0,35.0
133184.0,55.0
133247.0,57.5
133248.0,47.5
133311.0,37.5
133312.0,22.5
133375.0,29.0
133376.0,42.5
133439.0,11.0
133440.0,22.5
133503.0,23.0
133504.0,27.5
133567.0,42.5
133568.0,17.5
133631.0,75.0
133632.0,65.0
133695.0,57.5
133696.0,155.0
133759.0,105.0
133760.0,67.5
133823.0,115.0
133824.0,85.0
133887.0,125.0
133888.0,115.0
133951.0,85.0
133952.0,125.0
134015.0,120.0
134016.0,115.0
134079.0,115.0
134080.0,85.0
134143.0,75.0
134144.0,42.5
134207.0,42.5
134208.0,115.0
134271.0,42.5
134272.0,115.0
134335.0,37.5
134336.0,115.0
134399.0,37.5
134400.0,115.0
134463.0,105.0
134464.0,55.0
134527.0,125.0
134528.0,115.0
134591.0,85.0
134592.0,125.0
134655.0,125.0
134656.0,85.0
134719.0,235.0
134720.0,125.0
134783.0,95.0
134784.0,95.0
134847.0,115.0
134848.0,95.0
134911.0,135.0
134912.0,115.0
134975.0,37.5
134976.0,140.0
135039.0,135.0
135040.0,115.0
135103.0,115.0
135104.0,95.0
135167.0,135.0
135168.0,115.0
135231.0,37.5
135232.0,135.0
135295.0,225.0
135296.0,37.5
135359.0,225.0
135360.0,37.5
135423.0,42.5
135424.0,135.0
135487.0,42.5
135488.0,135.0
135551.0,225.0
135552.0,42.5
135615.0,42.5
135616.0,225.0
135679.0,125.0
135680.0,125.0
135743.0,37.5
135744.0,37.5
135807.0,65.0
135808.0,37.5
135871.0,37.5
135872.0,115.0
135935.0,125.0
135936.0,37.5
135999.0,42.5
136000.0,205.0
136063.0,135.0
136064.0,115.0
136127.0,140.0
136128.0,115.0
136191.0,95.0
136192.0,255.0
136255.0,265.0
136256.0,122.5
136319.0,95.0
136320.0,95.0
136383.0,37.5
136384.0,115.0
136447.0,115.0
136448.0,115.0
136511.0,77.5
136512.0,55.0
136575.0,55.0
136576.0,145.0
136639.0,55.0
136640.0,145.0
136703.0,115.0
136704.0,55.0
136767.0,67.5
136768.0,95.0
136831.0,115.0
136832.0,95.0
136895.0,105.0
136896.0,95.0
136959.0,190.0
136960.0,115.0
137023.0,122.5
137024.0,85.0
137087.0,95.0
137088.0,255.0
137151.0,135.0
137152.0,115.0
137215.0,205.0
137216.0,47.5
137279.0,37.5
137280.0,105.0
137343.0,55.0
137344.0,95.0
137407.0,47.5
137408.0,125.0
137471.0,47.5
137472.0,27.5
137535.0,57.5
137536.0,57.5
137599.0,47.5
137600.0,37.5
137663.0,37.5
137664.0,22.5
137727.0,37.5
137728.0,77.5
137791.0,77.5
137792.0,67.5
137855.0,32.5
137856.0,27.5
137919.0,22.5
137920.0,11.0
137983.0,47.5
137984.0,32.5
138047.0,45.0
138048.0,175.0
138111.0,215.0
138112.0,57.5
138175.0,57.5
138176.0,65.0
138239.0,115.0
138240.0,95.0
138303.0,115.0
138304.0,95.0
138367.0,115.0
138368.0,95.0
138431.0,55.0
138432.0,135.0
138495.0,52.5
138496.0,135.0
138559.0,55.0
138560.0,135.0
138623.0,215.0
138624.0,55.0
138687.0,55.0
138688.0,215.0
138751.0,115.0
138752.0,55.0
138815.0,110.0
138816.0,115.0
138879.0,115.0
138880.0,115.0
138943.0,82.5
138944.0,55.0
139007.0,65.0
139008.0,85.0
139071.0,67.5
139072.0,50.0
139135.0,115.0
139136.0,67.5
139199.0,175.0
139200.0,125.0
139263.0,45.0
139264.0,245.0
139327.0,65.0
139328.0,45.0
139391.0,55.0
139392.0,65.0
139455.0,65.0
139456.0,205.0
139519.0,255.0
139520.0,125.0
139583.0,125.0
139584.0,95.0
139647.0,95.0
139648.0,75.0
139711.0,75.0
139712.0,85.0
139775.0,85.0
139776.0,65.0
139839.0,85.0
139840.0,65.0
139903.0,85.0
139904.0,115.0
139967.0,115.0
139968.0,65.0
140031.0,55.0
140032.0,135.0
140095.0,95.0
140096.0,255.0
140159.0,95.0
140160.0,270.0
140223.0,115.0
140224.0,155.0
140287.0,165.0
140288.0,37.5
140351.0,32.5
140352.0,125.0
140415.0,125.0
140416.0,105.0
140479.0,105.0
140480.0,45.0
140543.0,45.0
140544.0,45.0
140607.0,37.5
140608.0,75.0
140671.0,75.0
140672.0,210.0
140735.0,165.0
140736.0,210.0
140799.0,75.0
140800.0,135.0
140863.0,75.0
140864.0,135.0
140927.0,45.0
140928.0,42.5
140991.0,45.0
140992.0,42.5
141055.0,255.0
141056.0,145.0
141119.0,55.0
141120.0,155.0
141183.0,55.0
141184.0,42.5
141247.0,42.5
141248.0,32.5
141311.0,27.0
141312.0,25.0
141375.0,245.0
141376.0,117.5
141439.0,115.0
141440.0,95.0
141503.0,37.5
141504.0,37.5
141567.0,22.5
141568.0,22.5
141631.0,125.0
141632.0,32.5
141695.0,95.0
141696.0,245.0
141759.0,165.0
141760.0,290.0
141823.0,77.5
141824.0,97.5
141887.0,67.5
141888.0,42.5
141951.0,135.0
141952.0,195.0
142015.0,95.0
142016.0,290.0
142079.0,65.0
142080.0,42.5
142143.0,67.5
142144.0,52.5
142207.0,247.5
142208.0,215.0
142271.0,55.0
142272.0,35.0
142335.0,65.0
142336.0,135.0
142399.0,65.0
142400.0,42.5
142463.0,47.5
142464.0,47.5
142527.0,135.0
142528.0,252.5
142591.0,35.0
142592.0,85.0
142655.0,95.0
142656.0,290.0
142719.0,55.0
142720.0,55.0
142783.0,97.5
142784.0,77.5
142847.0,33.0
142848.0,31.5
142911.0,37.5
142912.0,190.0
142975.0,335.0
142976.0,310.0
143039.0,95.0
143040.0,75.0
143103.0,57.5
143104.0,47.5
143167.0,26.5
143168.0,35.5
143231.0,235.0
143232.0,195.0
143295.0,85.0
143296.0,190.0
143359.0,155.0
143360.0,155.0
143423.0,37.5
143424.0,32.5
143487.0,72.5
143488.0,57.5
143551.0,97.5
143552.0,125.0
143615.0,190.0
143616.0,105.0
143679.0,155.0
143680.0,155.0
143743.0,57.5
143744.0,37.5
143807.0,92.5
143808.0,32.5
143871.0,235.0
143872.0,115.0
143935.0,105.0
143936.0,55.0
143999.0,95.0
144000.0,290.0
144063.0,190.0
144064.0,175.0
144127.0,47.5
144128.0,57.5
144191.0,24.0
144192.0,31.0
144255.0,235.0
144256.0,135.0
144319.0,115.0
144320.0,55.0
144383.0,135.0
144384.0,115.0
144447.0,75.0
144448.0,95.0
144511.0,37.5
144512.0,57.5
144575.0,67.5
144576.0,57.5
144639.0,70.0
144640.0,79.5
144703.0,57.5
144704.0,145.0
144767.0,145.0
144768.0,145.0
144831.0,155.0
144832.0,155.0
144895.0,57.5
144896.0,115.0
144959.0,77.5
144960.0,95.0
145023.0,92.5
145024.0,92.5
145087.0,235.0
145088.0,245.0
145151.0,185.0
145152.0,305.0
145215.0,65.0
145216.0,155.0
145279.0,115.0
145280.0,97.5
145343.0,42.5
145344.0,50.0
145407.0,235.0
145408.0,245.0
145471.0,185.0
145472.0,310.0
145535.0,105.0
145536.0,125.0
145599.0,77.5
145600.0,95.0
145663.0,47.5
145664.0,52.5
145727.0,190.0
145728.0,190.0
145791.0,115.0
145792.0,82.5
145855.0,135.0
145856.0,95.0
145919.0,52.5
145920.0,57.5
145983.0,57.5
145984.0,72.5
146047.0,24.0
146048.0,37.0
146111.0,190.0
146112.0,235.0
146175.0,35.0
146176.0,35.0
146239.0,235.0
146240.0,190.0
146303.0,125.0
146304.0,175.0
146367.0,115.0
146368.0,37.5
146431.0,27.0
146432.0,37.0
146495.0,235.0
146496.0,155.0
146559.0,155.0
146560.0,95.0
146623.0,310.0
146624.0,95.0
146687.0,490.0
146688.0,95.0
146751.0,27.5
146752.0,25.0
146815.0,37.5
146816.0,42.5
146879.0,77.5
146880.0,62.5
146943.0,190.0
146944.0,135.0
147007.0,55.0
147008.0,155.0
147071.0,305.0
147072.0,95.0
147135.0,115.0
147136.0,135.0
147199.0,42.5
147200.0,65.0
147263.0,12.5
147264.0,32.5
147327.0,97.5
147328.0,32.5
147391.0,85.0
147392.0,90.0
147455.0,235.0
147456.0,155.0
147519.0,95.0
147520.0,37.5
147583.0,95.0
147584.0,290.0
147647.0,95.0
147648.0,155.0
147711.0,37.5
147712.0,27.5
147775.0,55.0
147776.0,55.0
147839.0,34.0
147840.0,54.0
147903.0,212.5
147904.0,257.5
147967.0,47.5
147968.0,225.0
148031.0,115.0
148032.0,55.0
148095.0,115.0
148096.0,95.0
148159.0,75.0
148160.0,175.0
148223.0,25.0
148224.0,37.5
148287.0,32.5
148288.0,30.0
148351.0,31.0
148352.0,59.0
148415.0,45.0
148416.0,37.0
148479.0,115.0
148480.0,267.5
148543.0,77.5
148544.0,77.5
148607.0,57.5
148608.0,135.0
148671.0,190.0
148672.0,255.0
148735.0,22.5
148736.0,55.0
148799.0,75.0
148800.0,35.0
148863.0,42.5
148864.0,67.5
148927.0,42.5
148928.0,43.5
148991.0,165.0
148992.0,195.0
149055.0,95.0
149056.0,47.5
149119.0,290.0
149120.0,190.0
149183.0,55.0
149184.0,135.0
149247.0,155.0
149248.0,495.0
149311.0,37.5
149312.0,42.5
149375.0,57.5
149376.0,57.5
149439.0,37.5
149440.0,89.0
149503.0,97.5
149504.0,97.5
149567.0,57.5
149568.0,77.5
149631.0,77.5
149632.0,37.5
149695.0,52.5
149696.0,45.0
149759.0,272.5
149760.0,222.5
149823.0,205.0
149824.0,97.5
149887.0,145.0
149888.0,65.0
149951.0,57.5
149952.0,135.0
150015.0,135.0
150016.0,115.0
150079.0,175.0
150080.0,495.0
150143.0,75.0
150144.0,27.5
150207.0,77.5
150208.0,97.5
150271.0,42.5
150272.0,77.5
150335.0,47.0
150336.0,112.5
150399.0,61.0
150400.0,31.0
150463.0,72.5
150464.0,42.5
150527.0,272.5
150528.0,222.5
150591.0,205.0
150592.0,145.0
150655.0,195.0
150656.0,345.0
150719.0,47.5
150720.0,55.0
150783.0,105.0
150784.0,77.5
150847.0,57.5
150848.0,57.5
150911.0,77.5
150912.0,47.5
150975.0,42.5
150976.0,55.0
151039.0,105.0
151040.0,65.0
151103.0,245.0
151104.0,57.5
151167.0,145.0
151168.0,85.0
151231.0,245.0
151232.0,245.0
151295.0,145.0
151296.0,175.0
151359.0,22.5
151360.0,95.0
151423.0,77.5
151424.0,42.5
151487.0,97.5
151488.0,47.5
151551.0,47.5
151552.0,67.5
151615.0,64.0
151616.0,34.0
151679.0,77.5
151680.0,77.5
151743.0,217.5
151744.0,205.0
151807.0,295.0
151808.0,195.0
151871.0,135.0
151872.0,37.5
151935.0,245.0
151936.0,57.5
151999.0,245.0
152000.0,95.0
152063.0,65.0
152064.0,105.0
152127.0,42.5
152128.0,55.0
152191.0,57.5
152192.0,125.0
152255.0,35.0
152256.0,84.0
152319.0,117.5
152320.0,64.0
152383.0,47.5
152384.0,115.0
152447.0,145.0
152448.0,47.5
152511.0,75.0
152512.0,63.5
152575.0,282.5
152576.0,235.0
152639.0,145.0
152640.0,345.0
152703.0,95.0
152704.0,57.5
152767.0,105.0
152768.0,245.0
152831.0,105.0
152832.0,105.0
152895.0,62.5
152896.0,62.5
152959.0,54.0
152960.0,35.0
153023.0,47.5
153024.0,155.0
153087.0,85.0
153088.0,175.0
153151.0,77.5
153152.0,175.0
153215.0,97.5
153216.0,67.5
153279.0,34.0
153280.0,42.5
153343.0,62.5
153344.0,145.0
153407.0,235.0
153408.0,145.0
153471.0,105.0
153472.0,55.0
153535.0,57.5
153536.0,115.0
153599.0,237.5
153600.0,67.5
153663.0,155.0
153664.0,95.0
153727.0,245.0
153728.0,245.0
153791.0,42.5
153792.0,67.5
153855.0,115.0
153856.0,97.5
153919.0,57.5
153920.0,155.0
153983.0,135.0
153984.0,115.0
154047.0,45.0
154048.0,105.0
154111.0,55.0
154112.0,55.0
154175.0,195.0
154176.0,282.5
154239.0,125.0
154240.0,82.5
154303.0,55.0
154304.0,175.0
154367.0,115.0
154368.0,95.0
154431.0,30.0
154432.0,43.0
154495.0,125.0
154496.0,105.0
154559.0,245.0
154560.0,245.0
154623.0,77.5
154624.0,42.5
154687.0,185.0
154688.0,97.5
154751.0,345.0
154752.0,55.0
154815.0,55.0
154816.0,135.0
154879.0,55.0
154880.0,27.5
154943.0,85.0
154944.0,47.5
155007.0,282.5
155008.0,217.5
155071.0,57.5
155072.0,145.0
155135.0,85.0
155136.0,55.0
155199.0,55.0
155200.0,42.5
155263.0,180.0
155264.0,97.5
155327.0,47.5
155328.0,190.0
155391.0,95.0
155392.0,235.0
155455.0,45.0
155456.0,95.0
155519.0,47.5
155520.0,47.5
155583.0,217.5
155584.0,205.0
155647.0,57.5
155648.0,145.0
155711.0,95.0
155712.0,65.0
155775.0,62.5
155776.0,77.5
155839.0,41.5
155840.0,41.5
155903.0,115.0
155904.0,57.5
155967.0,245.0
155968.0,95.0
156031.0,42.5
156032.0,27.5
156095.0,92.5
156096.0,45.0
156159.0,190.0
156160.0,57.5
156223.0,65.0
156224.0,135.0
156287.0,27.5
156288.0,37.5
156351.0,87.5
156352.0,37.5
156415.0,195.0
156416.0,47.5
156479.0,135.0
156480.0,115.0
156543.0,85.0
156544.0,55.0
156607.0,37.5
156608.0,37.5
156671.0,75.0
156672.0,215.0
156735.0,85.0
156736.0,105.0
156799.0,95.0
156800.0,145.0
156863.0,35.0
156864.0,42.5
156927.0,205.0
156928.0,237.5
156991.0,57.5
156992.0,145.0
157055.0,105.0
157056.0,77.5
157119.0,47.5
157120.0,47.5
157183.0,245.0
157184.0,47.5
157247.0,105.0
157248.0,57.5
157311.0,125.0
157312.0,77.5
157375.0,47.5
157376.0,77.5
157439.0,62.5
157440.0,62.5
157503.0,57.5
157504.0,145.0
157567.0,135.0
157568.0,77.5
157631.0,67.5
157632.0,77.5
157695.0,242.5
157696.0,77.5
157759.0,105.0
157760.0,57.5
157823.0,95.0
157824.0,175.0
157887.0,77.5
157888.0,97.5
157951.0,45.0
157952.0,45.0
158015.0,145.0
158016.0,115.0
158079.0,275.0
158080.0,275.0
158143.0,42.5
158144.0,32.5
158207.0,76.0
158208.0,55.0
158271.0,55.0
158272.0,55.0
158335.0,135.0
158336.0,115.0
158399.0,55.0
158400.0,47.5
158463.0,42.5
158464.0,45.0
158527.0,215.0
158528.0,215.0
158591.0,295.0
158592.0,95.0
158655.0,95.0
158656.0,95.0
158719.0,27.5
158720.0,27.5
158783.0,57.5
158784.0,57.5
158847.0,145.0
158848.0,115.0
158911.0,75.0
158912.0,65.0
158975.0,47.5
158976.0,42.5
159039.0,47.5
159040.0,37.5
159103.0,57.5
159104.0,135.0
159167.0,95.0
159168.0,75.0
159231.0,55.0
159232.0,55.0
159295.0,55.0
159296.0,65.0
159359.0,17.0
159360.0,32.5
159423.0,45.0
159424.0,145.0
159487.0,425.0
159488.0,425.0
159551.0,37.5
159552.0,97.5
159615.0,27.5
159616.0,32.5
159679.0,287.5
159680.0,222.5
159743.0,57.5
159744.0,145.0
159807.0,65.0
159808.0,37.5
159871.0,42.5
159872.0,17.5
159935.0,32.5
159936.0,27.5
159999.0,222.5
160000.0,222.5
160063.0,115.0
160064.0,57.5
160127.0,75.0
160128.0,65.0
160191.0,135.0
160192.0,42.5
160255.0,31.0
160256.0,97.5
160319.0,395.0
160320.0,55.0
160383.0,95.0
160384.0,275.0
160447.0,32.5
160448.0,32.5
160511.0,17.5
160512.0,47.5
160575.0,47.5
160576.0,17.5
160639.0,115.0
160640.0,37.5
160703.0,32.5
160704.0,275.0
160767.0,77.5
160768.0,47.5
160831.0,27.5
160832.0,27.5
160895.0,287.5
160896.0,222.5
160959.0,135.0
160960.0,235.0
161023.0,75.0
161024.0,65.0
161087.0,55.0
161088.0,47.5
161151.0,39.0
161152.0,35.0
161215.0,145.0
161216.0,115.0
161279.0,32.5
161280.0,275.0
161343.0,22.5
161344.0,42.5
161407.0,73.0
161408.0,32.5
161471.0,97.5
161472.0,115.0
161535.0,135.0
161536.0,115.0
161599.0,82.5
161600.0,47.5
161663.0,73.0
161664.0,32.5
161727.0,395.0
161728.0,87.5
161791.0,115.0
161792.0,95.0
161855.0,17.5
161856.0,27.5
161919.0,22.5
161920.0,17.5
161983.0,295.0
161984.0,287.5
162047.0,95.0
162048.0,135.0
162111.0,325.0
162112.0,27.5
162175.0,135.0
162176.0,47.5
162239.0,20.0
162240.0,34.0
162303.0,395.0
162304.0,57.5
162367.0,275.0
162368.0,115.0
162431.0,35.0
162432.0,135.0
162495.0,55.0
162496.0,115.0
162559.0,27.5
162560.0,32.5
162623.0,115.0
162624.0,345.0
162687.0,205.0
162688.0,85.0
162751.0,27.5
162752.0,95.0
162815.0,77.5
162816.0,65.0
162879.0,47.5
162880.0,47.5
162943.0,125.0
162944.0,37.5
163007.0,425.0
163008.0,425.0
163071.0,27.5
163072.0,97.5
163135.0,32.5
163136.0,27.5
163199.0,125.0
163200.0,105.0
163263.0,85.0
163264.0,115.0
163327.0,65.0
163328.0,55.0
163391.0,77.5
163392.0,67.5
163455.0,42.5
163456.0,30.0
163519.0,115.0
163520.0,345.0
163583.0,95.0
163584.0,275.0
163647.0,22.5
163648.0,65.0
163711.0,55.0
163712.0,55.0
163775.0,47.5
163776.0,37.5
163839.0,32.5
163840.0,75.0
163903.0,425.0
163904.0,425.0
163967.0,47.5
163968.0,22.5
164031.0,27.5
164032.0,19.0
164095.0,55.0
164096.0,475.0
164159.0,85.0
164160.0,135.0
164223.0,95.0
164224.0,135.0
164287.0,32.5
164288.0,85.0
164351.0,95.0
164352.0,195.0
164415.0,115.0
164416.0,95.0
164479.0,35.0
164480.0,135.0
164543.0,32.5
164544.0,27.5
164607.0,27.5
164608.0,65.0
164671.0,27.5
164672.0,27.5
164735.0,42.5
164736.0,25.0
164799.0,27.5
164800.0,97.5
164863.0,27.5
164864.0,97.5
164927.0,17.5
164928.0,37.5
164991.0,25.0
164992.0,27.5
165055.0,32.5
165056.0,32.5
165119.0,37.5
165120.0,85.0
165183.0,37.5
165184.0,37.5
165247.0,155.0
165248.0,345.0
165311.0,45.0
165312.0,45.0
165375.0,22.5
165376.0,17.5
165439.0,32.5
165440.0,22.5
165503.0,275.0
165504.0,22.5
165567.0,17.5
165568.0,34.0
165631.0,27.5
165632.0,55.0
165695.0,42.5
165696.0,42.5
165759.0,32.5
165760.0,17.5
165823.0,45.0
165824.0,395.0
165887.0,29.0
165888.0,27.5
165951.0,77.5
165952.0,57.5
166015.0,27.5
166016.0,77.5
166079.0,47.5
166080.0,42.5
166143.0,47.5
166144.0,135.0
166207.0,27.5
166208.0,12.5
166271.0,42.5
166272.0,42.5
166335.0,295.0
166336.0,27.5
166399.0,27.5
166400.0,31.0
166463.0,27.0
166464.0,27.0
166527.0,9.0
166528.0,17.5
166591.0,37.5
166592.0,55.0
166655.0,35.0
166656.0,35.0
166719.0,22.5
166720.0,37.5
166783.0,35.0
166784.0,37.5
166847.0,37.5
166848.0,17.5
166911.0,47.5
166912.0,47.5
166975.0,47.5
166976.0,45.0
167039.0,310.0
167040.0,115.0
167103.0,115.0
167104.0,295.0
167167.0,32.5
167168.0,17.5
167231.0,32.5
167232.0,17.5
167295.0,75.0
167296.0,145.0
167359.0,355.0
167360.0,47.5
167423.0,85.0
167424.0,55.0
167487.0,245.0
167488.0,17.5
167551.0,31.5
167552.0,27.0
167615.0,22.5
167616.0,12.5
167679.0,12.5
167680.0,9.0
167743.0,9.0
167744.0,12.5
167807.0,12.5
167808.0,12.5
167871.0,57.5
167872.0,22.5
167935.0,17.5
167936.0,17.5
167999.0,15.0
168000.0,22.5
168063.0,32.5
168064.0,17.5
168127.0,22.5
168128.0,22.5
168191.0,32.5
168192.0,97.5
168255.0,27.5
168256.0,32.5
168319.0,12.5
168320.0,12.5
168383.0,27.0
168384.0,27.0
168447.0,165.0
168448.0,145.0
168511.0,27.5
168512.0,22.5
168575.0,75.0
168576.0,85.0
168639.0,32.5
168640.0,47.5
168703.0,75.0
168704.0,125.0
168767.0,75.0
168768.0,125.0
168831.0,105.0
168832.0,32.5
168895.0,95.0
168896.0,32.5
168959.0,105.0
168960.0,32.5
169023.0,165.0
169024.0,85.0
169087.0,27.5
169088.0,135.0
169151.0,105.0
169152.0,55.0
169215.0,22.5
169216.0,37.5
169279.0,27.5
169280.0,22.5
169343.0,17.5
169344.0,27.5
169407.0,32.5
169408.0,67.5
169471.0,32.5
169472.0,32.5
169535.0,27.5
169536.0,27.5
169599.0,17.5
169600.0,37.5
169663.0,34.0
169664.0,31.0
169727.0,22.5
169728.0,32.0
169791.0,30.0
169792.0,46.0
169855.0,227.5
169856.0,17.5
169919.0,217.5
169920.0,227.5
169983.0,227.5
169984.0,12.5
170047.0,21.5
170048.0,52.0
170111.0,51.0
170112.0,39.0
170175.0,43.5
170176.0,30.0
170239.0,45.0
170240.0,43.5
170303.0,17.5
170304.0,19.5
170367.0,227.5
170368.0,15.0
170431.0,227.5
170432.0,15.0
170495.0,217.5
170496.0,227.5
170559.0,17.5
170560.0,50.0
170623.0,217.5
170624.0,227.5
170687.0,175.0
170688.0,135.0
170751.0,125.0
170752.0,95.0
170815.0,62.5
170816.0,85.0
170879.0,135.0
170880.0,295.0
170943.0,12.5
170944.0,37.5
171007.0,125.0
171008.0,45.0
171071.0,145.0
171072.0,37.5
171135.0,42.5
171136.0,55.0
171199.0,115.0
171200.0,42.5
171263.0,75.0
171264.0,115.0
171327.0,95.0
171328.0,145.0
171391.0,295.0
171392.0,95.0
171455.0,115.0
171456.0,95.0
171519.0,135.0
171520.0,115.0
171583.0,105.0
171584.0,55.0
171647.0,55.0
171648.0,85.0
171711.0,105.0
171712.0,55.0
171775.0,115.0
171776.0,425.0
171839.0,85.0
171840.0,145.0
171903.0,65.0
171904.0,85.0
171967.0,42.5
171968.0,65.0
172031.0,55.0
172032.0,55.0
172095.0,115.0
172096.0,75.0
172159.0,105.0
172160.0,55.0
172223.0,67.0
172224.0,52.0
172287.0,37.5
172288.0,47.5
172351.0,227.5
172352.0,217.5
172415.0,125.0
172416.0,185.0
172479.0,295.0
172480.0,47.5
172543.0,12.5
172544.0,37.5
172607.0,105.0
172608.0,32.5
172671.0,295.0
172672.0,85.0
172735.0,125.0
172736.0,75.0
172799.0,125.0
172800.0,75.0
172863.0,75.0
172864.0,125.0
172927.0,37.5
172928.0,37.5
172991.0,125.0
172992.0,97.5
173055.0,115.0
173056.0,47.5
173119.0,56.0
173120.0,59.0
173183.0,227.5
173184.0,217.5
173247.0,325.0
173248.0,110.0
173311.0,95.0
173312.0,135.0
173375.0,95.0
173376.0,47.5
173439.0,295.0
173440.0,95.0
173503.0,85.0
173504.0,135.0
173567.0,105.0
173568.0,105.0
173631.0,85.0
173632.0,110.0
173695.0,75.0
173696.0,75.0
173759.0,95.0
173760.0,170.0
173823.0,65.0
173824.0,95.0
173887.0,27.5
173888.0,32.5
173951.0,87.5
173952.0,22.5
174015.0,115.0
174016.0,47.5
174079.0,67.5
174080.0,77.5
174143.0,175.0
174144.0,327.5
174207.0,47.5
174208.0,245.0
174271.0,32.5
174272.0,85.0
174335.0,195.0
174336.0,95.0
174399.0,295.0
174400.0,145.0
174463.0,75.0
174464.0,145.0
174527.0,95.0
174528.0,95.0
174591.0,67.5
174592.0,55.0
174655.0,67.5
174656.0,55.0
174719.0,47.5
174720.0,57.5
174783.0,55.0
174784.0,72.5
174847.0,95.0
174848.0,165.0
174911.0,125.0
174912.0,275.0
174975.0,145.0
174976.0,195.0
175039.0,55.0
175040.0,135.0
175103.0,45.0
175104.0,95.0
175167.0,37.5
175168.0,67.5
175231.0,47.5
175232.0,82.5
175295.0,47.5
175296.0,47.5
175359.0,81.0
175360.0,109.5
175423.0,217.5
175424.0,227.5
175487.0,115.0
175488.0,165.0
175551.0,97.5
175552.0,97.5
175615.0,82.5
175616.0,105.0
175679.0,95.0
175680.0,295.0
175743.0,115.0
175744.0,325.0
175807.0,97.5
175808.0,57.5
175871.0,62.5
175872.0,55.0
175935.0,97.5
175936.0,27.5
175999.0,86.0
176000.0,97.5
176063.0,205.0
176064.0,195.0
176127.0,115.0
176128.0,115.0
176191.0,125.0
176192.0,315.0
176255.0,105.0
176256.0,37.5
176319.0,145.0
176320.0,215.0
176383.0,95.0
176384.0,295.0
176447.0,95.0
176448.0,55.0
176511.0,57.5
176512.0,17.5
176575.0,95.0
176576.0,85.0
176639.0,47.5
176640.0,75.0
176703.0,107.5
176704.0,115.0
176767.0,185.0
176768.0,195.0
176831.0,175.0
176832.0,255.0
176895.0,37.5
176896.0,85.0
176959.0,215.0
176960.0,95.0
177023.0,85.0
177024.0,135.0
177087.0,75.0
177088.0,75.0
177151.0,77.5
177152.0,77.5
177215.0,47.5
177216.0,95.0
177279.0,97.5
177280.0,40.0
177343.0,32.5
177344.0,37.5
177407.0,115.0
177408.0,42.5
177471.0,255.0
177472.0,195.0
177535.0,32.5
177536.0,45.0
177599.0,290.0
177600.0,125.0
177663.0,72.5
177664.0,35.0
177727.0,42.5
177728.0,47.5
177791.0,285.0
177792.0,205.0
177855.0,285.0
177856.0,205.0
177919.0,77.5
177920.0,35.0
177983.0,45.0
177984.0,37.5
178047.0,37.5
178048.0,42.5
178111.0,215.0
178112.0,270.0
178175.0,57.5
178176.0,245.0
178239.0,95.0
178240.0,165.0
178303.0,12.5
178304.0,22.5
178367.0,155.0
178368.0,22.5
178431.0,245.0
178432.0,295.0
178495.0,165.0
178496.0,95.0
178559.0,285.0
178560.0,105.0
178623.0,42.5
178624.0,55.0
178687.0,210.0
178688.0,270.0
178751.0,65.0
178752.0,37.5
178815.0,110.0
178816.0,225.0
178879.0,47.5
178880.0,72.5
178943.0,210.0
178944.0,275.0
179007.0,125.0
179008.0,145.0
179071.0,85.0
179072.0,125.0
179135.0,55.0
179136.0,60.0
179199.0,65.0
179200.0,62.5
179263.0,145.0
179264.0,75.0
179327.0,55.0
179328.0,85.0
179391.0,55.0
179392.0,95.0
179455.0,55.0
179456.0,85.0
179519.0,115.0
179520.0,65.0
179583.0,22.5
179584.0,47.5
179647.0,62.5
179648.0,107.5
179711.0,265.0
179712.0,57.5
179775.0,210.0
179776.0,255.0
179839.0,85.0
179840.0,290.0
179903.0,57.5
179904.0,55.0
179967.0,77.5
179968.0,47.5
180031.0,65.0
180032.0,185.0
180095.0,355.0
180096.0,85.0
180159.0,95.0
180160.0,95.0
180223.0,72.5
180224.0,57.5
180287.0,255.0
180288.0,75.0
180351.0,85.0
180352.0,105.0
180415.0,42.5
180416.0,55.0
180479.0,75.0
180480.0,37.5
180543.0,85.0
180544.0,85.0
180607.0,82.5
180608.0,72.5
180671.0,335.0
180672.0,265.0
180735.0,75.0
180736.0,55.0
180799.0,295.0
180800.0,215.0
180863.0,145.0
180864.0,85.0
180927.0,57.5
180928.0,205.0
180991.0,475.0
180992.0,190.0
181055.0,190.0
181056.0,290.0
181119.0,47.5
181120.0,50.0
181183.0,95.0
181184.0,57.5
181247.0,145.0
181248.0,55.0
181311.0,72.5
181312.0,72.5
181375.0,75.0
181376.0,67.5
181439.0,55.0
181440.0,97.5
181503.0,265.0
181504.0,75.0
181567.0,335.0
181568.0,265.0
181631.0,65.0
181632.0,55.0
181695.0,65.0
181696.0,145.0
181759.0,375.0
181760.0,95.0
181823.0,45.0
181824.0,55.0
181887.0,190.0
181888.0,65.0
181951.0,140.0
181952.0,275.0
182015.0,30.0
182016.0,25.0
182079.0,65.0
182080.0,155.0
182143.0,27.5
182144.0,12.5
182207.0,75.0
182208.0,145.0
182271.0,130.0
182272.0,55.0
182335.0,17.5
182336.0,27.5
182399.0,155.0
182400.0,65.0
182463.0,65.0
182464.0,45.0
182527.0,35.0
182528.0,40.0
182591.0,255.0
182592.0,375.0
182655.0,27.5
182656.0,15.0
182719.0,175.0
182720.0,335.0
182783.0,145.0
182784.0,85.0
182847.0,55.0
182848.0,75.0
182911.0,190.0
182912.0,65.0
182975.0,260.0
182976.0,75.0
183039.0,77.5
183040.0,60.0
183103.0,95.0
183104.0,75.0
183167.0,85.0
183168.0,190.0
183231.0,75.0
183232.0,95.0
183295.0,85.0
183296.0,190.0
183359.0,95.0
183360.0,35.0
183423.0,75.0
183424.0,55.0
183487.0,17.5
183488.0,45.0
183551.0,195.0
183552.0,275.0
183615.0,145.0
183616.0,75.0
183679.0,55.0
183680.0,65.0
183743.0,190.0
183744.0,65.0
183807.0,270.0
183808.0,75.0
183871.0,75.0
183872.0,35.0
183935.0,85.0
183936.0,45.0
183999.0,75.0
184000.0,85.0
184063.0,42.5
184064.0,42.5
184127.0,290.0
184128.0,95.0
184191.0,105.0
184192.0,55.0
184255.0,130.0
184256.0,110.0
184319.0,95.0
184320.0,235.0
184383.0,55.0
184384.0,55.0
184447.0,325.0
184448.0,95.0
184511.0,45.0
184512.0,235.0
184575.0,17.5
184576.0,37.5
184639.0,325.0
184640.0,85.0
184703.0,55.0
184704.0,235.0
184767.0,37.5
184768.0,37.5
184831.0,85.0
184832.0,75.0
184895.0,95.0
184896.0,235.0
184959.0,37.5
184960.0,55.0
185023.0,75.0
185024.0,65.0
185087.0,65.0
185088.0,245.0
185151.0,12.5
185152.0,17.5
185215.0,325.0
185216.0,75.0
185279.0,175.0
185280.0,55.0
185343.0,17.5
185344.0,35.0
185407.0,235.0
185408.0,55.0
185471.0,55.0
185472.0,55.0
185535.0,11.0
185536.0,22.5
185599.0,85.0
185600.0,75.0
185663.0,235.0
185664.0,390.0
185727.0,35.0
185728.0,45.0
185791.0,75.0
185792.0,65.0
185855.0,235.0
185856.0,75.0
185919.0,40.0
185920.0,35.0
185983.0,75.0
185984.0,65.0
186047.0,235.0
186048.0,75.0
186111.0,50.0
186112.0,37.5
186175.0,75.0
186176.0,65.0
186239.0,375.0
186240.0,45.0
186303.0,22.5
186304.0,35.0
186367.0,275.0
186368.0,65.0
186431.0,110.0
186432.0,85.0
186495.0,27.5
186496.0,20.0
186559.0,75.0
186560.0,550.0
186623.0,35.0
186624.0,75.0
186687.0,22.5
186688.0,30.0
186751.0,65.0
186752.0,95.0
186815.0,95.0
186816.0,55.0
186879.0,65.0
186880.0,55.0
186943.0,115.0
186944.0,35.0
187007.0,65.0
187008.0,55.0
187071.0,27.5
187072.0,28.0
187135.0,45.0
187136.0,145.0
187199.0,45.0
187200.0,45.0
187263.0,24.0
187264.0,27.5
187327.0,85.0
187328.0,35.0
187391.0,85.0
187392.0,95.0
187455.0,35.0
187456.0,42.5
187519.0,290.0
187520.0,55.0
187583.0,85.0
187584.0,85.0
187647.0,42.5
187648.0,22.5
187711.0,575.0
187712.0,290.0
187775.0,75.0
187776.0,170.0
187839.0,16.0
187840.0,45.0
187903.0,265.0
187904.0,55.0
187967.0,115.0
187968.0,55.0
188031.0,19.0
188032.0,80.0
188095.0,37.5
188096.0,145.0
188159.0,45.0
188160.0,45.0
188223.0,55.0
188224.0,55.0
188287.0,195.0
188288.0,265.0
188351.0,47.5
188352.0,155.0
188415.0,65.0
188416.0,55.0
188479.0,375.0
188480.0,85.0
188543.0,47.5
188544.0,55.0
188607.0,75.0
188608.0,625.0
188671.0,310.0
188672.0,95.0
188735.0,47.5
188736.0,42.5
188799.0,55.0
188800.0,85.0
188863.0,55.0
188864.0,55.0
188927.0,11.5
188928.0,11.5
188991.0,290.0
188992.0,110.0
189055.0,22.5
189056.0,95.0
189119.0,45.0
189120.0,45.0
189183.0,140.0
189184.0,310.0
189247.0,75.0
189248.0,115.0
189311.0,215.0
189312.0,245.0
189375.0,290.0
189376.0,110.0
189439.0,130.0
189440.0,65.0
189503.0,275.0
189504.0,225.0
189567.0,145.0
189568.0,75.0
189631.0,95.0
189632.0,135.0
189695.0,75.0
189696.0,75.0
189759.0,85.0
189760.0,135.0
189823.0,22.5
189824.0,55.0
189887.0,110.0
189888.0,155.0
189951.0,35.0
189952.0,55.0
190015.0,12.5
190016.0,17.5
190079.0,95.0
190080.0,145.0
190143.0,35.0
190144.0,22.5
190207.0,85.0
190208.0,95.0
190271.0,95.0
190272.0,55.0
190335.0,11.0
190336.0,11.5
190399.0,95.0
190400.0,45.0
190463.0,55.0
190464.0,35.0
190527.0,275.0
190528.0,225.0
190591.0,55.0
190592.0,190.0
190655.0,55.0
190656.0,65.0
190719.0,265.0
190720.0,55.0
190783.0,85.0
190784.0,35.0
190847.0,245.0
190848.0,50.0
190911.0,75.0
190912.0,75.0
190975.0,65.0
190976.0,85.0
191039.0,55.0
191040.0,65.0
191103.0,85.0
191104.0,35.0
191167.0,245.0
191168.0,50.0
191231.0,170.0
191232.0,75.0
191295.0,37.5
191296.0,42.5
191359.0,85.0
191360.0,55.0
191423.0,105.0
191424.0,75.0
191487.0,135.0
191488.0,165.0
191551.0,115.0
191552.0,75.0
191615.0,45.0
191616.0,35.0
191679.0,125.0
191680.0,75.0
191743.0,65.0
191744.0,45.0
191807.0,160.0
191808.0,125.0
191871.0,135.0
191872.0,105.0
191935.0,12.5
191936.0,45.0
191999.0,42.5
192000.0,190.0
192063.0,45.0
192064.0,30.0
192127.0,115.0
192128.0,75.0
192191.0,95.0
192192.0,105.0
192255.0,12.5
192256.0,55.0
192319.0,195.0
192320.0,125.0
192383.0,75.0
192384.0,105.0
192447.0,95.0
192448.0,155.0
192511.0,55.0
192512.0,85.0
192575.0,55.0
192576.0,65.0
192639.0,95.0
192640.0,37.5
192703.0,47.5
192704.0,47.5
192767.0,225.0
192768.0,245.0
192831.0,140.0
192832.0,75.0
192895.0,95.0
192896.0,75.0
192959.0,310.0
192960.0,95.0
193023.0,85.0
193024.0,75.0
193087.0,14.0
193088.0,14.0
193151.0,45.0
193152.0,85.0
193215.0,45.0
193216.0,75.0
193279.0,230.0
193280.0,245.0
193343.0,140.0
193344.0,75.0
193407.0,95.0
193408.0,95.0
193471.0,425.0
193472.0,75.0
193535.0,65.0
193536.0,75.0
193599.0,45.0
193600.0,45.0
193663.0,235.0
193664.0,190.0
193727.0,55.0
193728.0,65.0
193791.0,275.0
193792.0,115.0
193855.0,85.0
193856.0,110.0
193919.0,45.0
193920.0,24.0
193983.0,260.0
193984.0,310.0
194047.0,65.0
194048.0,55.0
194111.0,225.0
194112.0,90.0
194175.0,310.0
194176.0,550.0
194239.0,65.0
194240.0,55.0
194303.0,245.0
194304.0,290.0
194367.0,75.0
194368.0,75.0
194431.0,105.0
194432.0,95.0
194495.0,75.0
194496.0,110.0
194559.0,35.0
194560.0,55.0
194623.0,195.0
194624.0,135.0
194687.0,85.0
194688.0,65.0
194751.0,165.0
194752.0,275.0
194815.0,95.0
194816.0,75.0
194879.0,85.0
194880.0,55.0
194943.0,35.0
194944.0,195.0
195007.0,95.0
195008.0,65.0
195071.0,230.0
195072.0,225.0
195135.0,95.0
195136.0,95.0
195199.0,95.0
195200.0,75.0
195263.0,95.0
195264.0,135.0
195327.0,155.0
195328.0,95.0
195391.0,32.5
195392.0,55.0
195455.0,85.0
195456.0,145.0
195519.0,135.0
195520.0,195.0
195583.0,30.0
195584.0,95.0
195647.0,35.0
195648.0,55.0
195711.0,75.0
195712.0,45.0
195775.0,55.0
195776.0,17.5
195839.0,140.0
195840.0,210.0
195903.0,75.0
195904.0,75.0
195967.0,55.0
195968.0,40.0
196031.0,190.0
196032.0,75.0
196095.0,195.0
196096.0,42.5
196159.0,110.0
196160.0,115.0
196223.0,45.0
196224.0,105.0
196287.0,42.5
196288.0,32.5
196351.0,55.0
196352.0,55.0
196415.0,45.0
196416.0,55.0
196479.0,22.5
196480.0,27.5
196543.0,12.5
196544.0,17.5
196607.0,155.0
196608.0,75.0
196671.0,95.0
196672.0,95.0
196735.0,32.5
196736.0,25.0
196799.0,12.5
196800.0,17.5
196863.0,365.0
196864.0,37.5
196927.0,45.0
196928.0,55.0
196931.0,1100.0
196991.0,45.0
196992.0,17.5
197055.0,95.0
197056.0,325.0
197119.0,135.0
197120.0,55.0
197160.0,245.0
