Timestamp,OutboundUtilzation (%)
10/10/2017 7:01,96.2442
10/10/2017 10:06,72.5685
10/10/2017 10:11,69.0454
10/10/2017 12:46,55.3133
10/10/2017 12:51,51.1738
10/10/2017 15:26,19.3071
10/10/2017 15:31,20.677
10/10/2017 18:06,45.5855
10/10/2017 18:11,29.8915
10/10/2017 20:46,20.1745
10/10/2017 20:51,5.14864
10/10/2017 23:26,77.8073
10/10/2017 23:31,90.341
10/11/2017 2:06,97.7051
10/11/2017 2:11,99.7097
10/11/2017 4:51,50.7294
10/11/2017 4:56,44.5182
10/11/2017 7:31,42.3407
10/11/2017 7:36,40.1186
10/11/2017 10:16,62.1834
10/11/2017 10:21,73.434
10/11/2017 12:56,20.4689
10/11/2017 13:01,25.5903
10/11/2017 15:36,48.2569
10/11/2017 15:41,40.4159
10/11/2017 18:16,61.2106
10/11/2017 18:21,49.4681
10/11/2017 20:56,59.9942
10/11/2017 21:01,59.4588
10/11/2017 23:36,90.4941
10/11/2017 23:41,74.9807
10/12/2017 2:16,87.243
10/12/2017 2:21,96.1317
10/12/2017 4:56,50.0799
10/12/2017 5:01,58.5413
10/12/2017 7:36,55.5349
10/12/2017 7:41,56.2678
10/12/2017 10:16,76.6763
10/12/2017 10:21,67.3979
10/12/2017 12:56,40.2078
10/12/2017 13:01,43.5611
10/12/2017 15:36,47.2193
10/12/2017 15:41,35.5499
10/12/2017 18:16,71.2263
10/12/2017 18:21,72.9299
10/12/2017 20:56,34.4145
10/12/2017 21:01,40.7006
10/12/2017 23:36,81.3233
10/12/2017 23:41,84.0989
10/13/2017 2:26,57.6824
10/13/2017 2:31,26.9473
10/13/2017 5:06,94.3432
10/13/2017 5:16,99.9093
10/13/2017 7:51,65.5931
10/13/2017 7:56,65.1857
10/13/2017 10:51,60.0329
10/13/2017 10:56,59.966
10/13/2017 13:31,64.598
10/13/2017 13:36,55.8074
10/13/2017 16:11,11.0977
10/13/2017 16:16,12.0335
10/13/2017 18:51,36.9261
10/13/2017 18:56,34.0154
10/13/2017 21:31,52.7313
10/13/2017 21:36,30.7705
10/14/2017 0:21,75.9325
10/14/2017 0:26,46.8014
10/14/2017 3:01,65.7954
10/14/2017 3:06,93.6668
10/14/2017 5:41,64.2402
10/14/2017 5:46,49.4093
10/14/2017 8:21,78.7734
10/14/2017 8:26,58.7538
10/14/2017 11:01,88.2122
10/14/2017 11:06,85.0764
10/14/2017 13:41,23.1543
10/14/2017 13:46,25.7064
10/14/2017 16:21,36.5972
10/14/2017 16:26,18.6226
10/14/2017 19:01,28.089
10/14/2017 19:06,32.7362
10/14/2017 21:41,33.2518
10/14/2017 21:46,34.0522
10/15/2017 0:31,74.6036
10/15/2017 0:36,97.7725
10/15/2017 3:16,40.6414
10/15/2017 3:21,92.3376
10/15/2017 5:56,55.3003
10/15/2017 6:01,67.08
10/15/2017 8:36,52.1017
10/15/2017 8:41,41.909
10/15/2017 11:16,94.0946
10/15/2017 11:21,75.799
10/15/2017 13:56,41.2395
10/15/2017 14:01,49.7738
10/15/2017 17:01,3.90218
10/15/2017 17:06,12.3406
10/15/2017 19:41,56.8969
10/15/2017 19:46,46.898
10/15/2017 22:21,26.926
10/15/2017 22:26,28.9391
10/16/2017 1:01,75.2846
10/16/2017 1:06,83.303
10/16/2017 3:56,61.2166
10/16/2017 4:01,78.0364
10/16/2017 6:36,63.4625
10/16/2017 6:41,68.6882
10/16/2017 9:21,84.2279
10/16/2017 9:26,83.3344
10/16/2017 12:01,39.6916
10/16/2017 12:06,58.3305
10/16/2017 14:41,35.6583
10/16/2017 14:46,42.5453
10/16/2017 17:21,59.9088
10/16/2017 17:26,59.6359
10/16/2017 20:01,83.1421
10/16/2017 20:06,83.1189
10/16/2017 22:41,81.0993
10/16/2017 22:46,80.4112
10/17/2017 1:46,64.1346
10/17/2017 1:51,65.102
10/17/2017 4:41,64.2398
10/17/2017 4:46,61.4846
10/17/2017 7:21,57.7091
10/17/2017 7:26,56.0959
10/17/2017 10:01,59.3746
10/17/2017 10:06,57.3199
10/17/2017 12:41,25.0414
10/17/2017 12:46,41.1978
10/17/2017 15:21,14.9716
10/17/2017 15:26,33.6731
10/17/2017 18:01,13.6845
10/17/2017 18:06,26.2602
10/17/2017 20:41,44.8744
10/17/2017 20:46,42.2352
10/17/2017 23:21,95.7004
10/17/2017 23:26,92.9601
10/18/2017 2:01,47.4119
10/18/2017 2:06,84.3028
10/18/2017 4:41,15.3505
10/18/2017 4:46,16.4411
10/18/2017 7:21,66.0038
10/18/2017 7:26,70.0754
10/18/2017 10:01,59.4715
10/18/2017 10:06,56.8719
10/18/2017 12:41,51.2879
10/18/2017 12:46,54.8386
10/18/2017 15:21,71.5986
10/18/2017 15:26,64.0214
10/18/2017 18:01,40.7894
10/18/2017 18:06,50.4983
10/18/2017 20:41,48.6011
10/18/2017 20:46,45.6926
10/18/2017 23:21,90.1349
10/18/2017 23:26,82.9394
10/19/2017 2:01,37.7029
10/19/2017 2:06,78.422
10/19/2017 3:01,12.2509
10/19/2017 4:41,76.0789
10/19/2017 4:46,74.7705
10/19/2017 7:21,52.105
10/19/2017 7:26,50.8663
10/19/2017 10:01,67.5595
10/19/2017 10:06,84.9053
10/19/2017 12:41,60.3421
10/19/2017 12:46,61.647
10/19/2017 15:21,54.9673
10/19/2017 15:26,71.9995
10/19/2017 18:01,35.021
10/19/2017 18:06,57.4594
10/19/2017 20:41,40.4574
10/19/2017 20:46,35.1317
10/19/2017 23:36,76.2459
10/19/2017 23:41,76.0609
10/20/2017 2:31,37.8432
10/20/2017 2:36,46.5029
10/20/2017 5:11,88.0652
10/20/2017 5:16,72.3007
10/20/2017 7:51,55.9012
10/20/2017 7:56,65.9013
10/20/2017 10:36,55.5484
10/20/2017 10:41,53.6583
10/20/2017 13:16,30.4956
10/20/2017 13:21,28.1781
10/20/2017 15:56,17.4235
10/20/2017 16:01,14.5634
10/20/2017 18:36,67.0047
10/20/2017 18:41,52.8985
10/20/2017 21:16,31.2051
10/20/2017 21:21,33.4272
10/21/2017 0:06,71.4846
10/21/2017 0:11,42.6515
10/21/2017 2:51,32.0298
10/21/2017 2:56,31.8348
10/21/2017 3:06,96.4542
10/21/2017 5:46,29.6036
10/21/2017 5:51,33.2043
10/21/2017 8:31,55.0178
10/21/2017 8:36,49.7233
10/21/2017 11:11,95.2966
10/21/2017 11:16,74.9571
10/21/2017 13:51,40.3727
10/21/2017 13:56,30.3118
10/21/2017 16:31,10.9384
10/21/2017 16:36,11.0413
10/21/2017 19:11,38.5828
10/21/2017 19:16,54.0237
10/21/2017 21:51,43.1874
10/21/2017 21:56,44.8338
10/22/2017 0:31,37.0082
10/22/2017 0:36,54.7452
10/22/2017 3:16,93.2332
10/22/2017 3:21,93.4213
10/22/2017 5:56,36.0657
10/22/2017 6:01,45.2199
10/22/2017 8:41,43.9307
10/22/2017 8:46,53.3038
10/22/2017 11:21,33.8835
10/22/2017 11:26,33.6209
10/22/2017 14:01,35.7364
10/22/2017 14:06,33.1329
10/22/2017 16:41,11.5857
10/22/2017 16:46,9.69701
10/22/2017 19:21,39.1399
10/22/2017 19:26,35.7439
10/22/2017 22:01,65.1567
10/22/2017 22:06,56.4841
10/23/2017 0:41,50.2205
10/23/2017 0:46,58.3772
10/23/2017 3:21,35.442
10/23/2017 3:26,40.974
10/23/2017 6:01,40.2548
10/23/2017 6:06,61.2397
10/23/2017 8:41,58.8848
10/23/2017 8:46,65.9992
10/23/2017 11:21,58.6755
10/23/2017 11:26,57.3672
10/23/2017 14:01,23.1604
10/23/2017 14:06,33.1775
10/23/2017 16:41,16.3063
10/23/2017 16:46,22.9018
10/23/2017 19:17,40.7852
10/23/2017 19:22,40.6307
10/23/2017 21:57,44.4948
10/23/2017 22:02,37.0627
10/24/2017 0:37,83.9948
10/24/2017 0:42,77.0049
10/24/2017 3:17,71.1582
10/24/2017 3:22,78.567
10/24/2017 5:57,73.8163
10/24/2017 6:02,68.7973
10/24/2017 8:37,50.8481
10/24/2017 8:42,41.1811
10/24/2017 11:17,71.3833
10/24/2017 11:22,76.8346
10/24/2017 13:57,63.9911
10/24/2017 14:02,72.5158
10/24/2017 16:37,81.2926
10/24/2017 16:42,79.6301
10/24/2017 19:17,74.4267
10/24/2017 19:22,69.7982
10/24/2017 21:57,54.9135
10/24/2017 22:02,51.7811
10/25/2017 0:37,69.2015
10/25/2017 0:42,75.4267
10/25/2017 3:32,97.2509
10/25/2017 3:37,92.0684
10/25/2017 6:22,69.7612
10/25/2017 6:27,71.6149
10/25/2017 9:07,76.5335
10/25/2017 9:12,95.6448
10/25/2017 11:47,70.5596
10/25/2017 11:52,72.6646
10/25/2017 14:27,61.6841
10/25/2017 14:32,66.7558
10/25/2017 17:07,61.567
10/25/2017 17:12,55.7251
10/25/2017 19:47,63.6799
10/25/2017 19:52,67.6058
10/25/2017 22:27,50.7255
10/25/2017 22:32,54.7029
10/26/2017 1:37,81.1727
10/26/2017 1:42,83.8292
10/26/2017 4:47,75.7382
10/26/2017 4:52,66.8887
10/26/2017 7:27,73.5901
10/26/2017 7:32,80.0113
10/26/2017 10:12,91.2807
10/26/2017 10:17,88.5529
10/26/2017 13:02,57.873
10/26/2017 13:07,91.1465
10/26/2017 15:42,47.453
10/26/2017 15:47,38.3035
10/26/2017 18:22,53.8661
10/26/2017 18:27,52.3324
10/26/2017 21:02,62.8871
10/26/2017 21:07,60.7209
10/26/2017 23:42,60.8385
10/26/2017 23:47,68.4394
10/27/2017 2:22,70.628
10/27/2017 2:27,50.8702
10/27/2017 5:02,48.5539
10/27/2017 5:07,44.5004
10/27/2017 7:42,54.7832
10/27/2017 7:47,61.4124
10/27/2017 10:22,37.1744
10/27/2017 10:27,48.5308
10/27/2017 13:02,74.1785
10/27/2017 13:07,91.3547
10/27/2017 15:42,78.4203
10/27/2017 15:47,61.8904
10/27/2017 18:22,63.5221
10/27/2017 18:27,57.7971
10/27/2017 21:02,24.7597
10/27/2017 21:07,30.4074
10/27/2017 23:42,54.7265
10/27/2017 23:47,51.6491
10/28/2017 2:22,74.3308
10/28/2017 2:27,81.7407
10/28/2017 5:02,80.3721
10/28/2017 5:07,72.2567
10/28/2017 7:42,53.0301
10/28/2017 7:47,55.1026
10/28/2017 10:22,63.5865
10/28/2017 10:27,64.6458
10/28/2017 13:02,58.0539
10/28/2017 13:07,69.9805
10/28/2017 15:42,22.3599
10/28/2017 15:47,22.5809
10/28/2017 18:22,44.8143
10/28/2017 18:27,42.1341
10/28/2017 21:02,22.0345
10/28/2017 21:07,28.4396
10/28/2017 23:42,70.3143
10/28/2017 23:47,74.9881
10/29/2017 1:37,60.2995
10/29/2017 1:42,52.8441
10/29/2017 4:17,54.6066
10/29/2017 4:22,51.497
10/29/2017 6:57,54.4614
10/29/2017 7:02,68.1286
10/29/2017 9:37,47.8915
10/29/2017 9:42,44.3802
10/29/2017 12:17,83.4148
10/29/2017 12:22,81.5736
10/29/2017 14:57,79.4199
10/29/2017 15:02,76.1614
10/29/2017 17:37,66.7625
10/29/2017 17:42,66.559
10/29/2017 20:17,59.3426
10/29/2017 20:22,57.9252
10/29/2017 22:57,91.3547
10/29/2017 23:02,88.4177
10/30/2017 1:47,79.6475
10/30/2017 1:52,78.8856
10/30/2017 4:37,87.4784
10/30/2017 4:42,85.9665
10/30/2017 7:17,99.6768
10/30/2017 7:22,99.1943
10/30/2017 9:57,79.6492
10/30/2017 10:02,85.1941
10/30/2017 12:37,60.3764
10/30/2017 12:42,71.7684
10/30/2017 15:17,47.0315
10/30/2017 15:22,36.5495
10/30/2017 17:57,46.3612
10/30/2017 18:02,57.0793
10/30/2017 20:37,71.247
10/30/2017 20:42,67.8956
10/30/2017 23:17,69.5863
10/30/2017 23:22,59.622
10/31/2017 1:57,79.6251
10/31/2017 2:02,69.9229
10/31/2017 4:42,75.0053
10/31/2017 4:47,58.1264
10/31/2017 7:22,91.8438
10/31/2017 7:27,90.6337
10/31/2017 10:02,68.1061
10/31/2017 10:07,86.3245
10/31/2017 13:02,72.1713
10/31/2017 13:07,77.5712
10/31/2017 15:42,79.9803
10/31/2017 15:47,77.4579
10/31/2017 18:22,78.5723
10/31/2017 18:27,76.4871
10/31/2017 21:02,57.9052
10/31/2017 21:07,76.3774
10/31/2017 23:42,74.9917
10/31/2017 23:47,70.0064
11/1/2017 2:22,72.1031
11/1/2017 2:27,72.4011
11/1/2017 5:02,53.6776
11/1/2017 5:07,59.6718
11/1/2017 7:42,55.245
11/1/2017 7:47,59.7914
11/1/2017 10:22,72.6732
11/1/2017 10:27,74.7575
11/1/2017 13:02,85.9501
11/1/2017 13:07,81.6307
11/1/2017 15:42,61.9795
11/1/2017 15:47,61.2102
11/1/2017 18:22,46.985
11/1/2017 18:27,50.9482
11/1/2017 21:02,65.5094
11/1/2017 21:07,80.7221
11/1/2017 23:42,77.8308
11/1/2017 23:47,74.868
11/2/2017 2:47,79.4865
11/2/2017 2:52,78.7171
11/2/2017 5:27,51.4846
11/2/2017 5:32,61.2415
11/2/2017 8:07,86.7961
11/2/2017 8:12,86.8755
11/2/2017 10:52,64.0007
11/2/2017 10:57,63.736
11/2/2017 13:37,81.2729
11/2/2017 13:42,80.3603
11/2/2017 16:17,57.8077
11/2/2017 16:22,67.4454
11/2/2017 19:02,92.3745
11/2/2017 19:07,89.5626
11/2/2017 21:42,61.6586
11/2/2017 21:47,63.0603
11/3/2017 0:22,76.1819
11/3/2017 0:27,70.6083
11/3/2017 3:37,87.2762
11/3/2017 3:42,86.3599
11/3/2017 6:22,94.7694
11/3/2017 6:27,84.8413
11/3/2017 9:02,73.245
11/3/2017 9:07,67.3021
11/3/2017 11:42,66.5281
11/3/2017 11:47,65.2195
11/3/2017 14:22,70.8072
11/3/2017 14:27,67.4003
11/3/2017 17:02,21.369
11/3/2017 17:07,24.1174
11/3/2017 19:42,55.16
11/3/2017 19:47,56.1891
11/3/2017 22:22,99.2125
11/3/2017 22:27,93.6609
11/4/2017 1:02,76.7969
11/4/2017 1:07,92.0954
11/4/2017 3:42,35.7199
11/4/2017 3:47,39.6881
11/4/2017 6:22,59.8974
11/4/2017 6:27,60.3111
11/4/2017 9:02,49.3229
11/4/2017 9:07,59.4678
11/4/2017 11:42,86.2482
11/4/2017 11:47,85.0563
11/4/2017 14:22,50.7875
11/4/2017 14:27,45.8076
11/4/2017 17:02,44.1521
11/4/2017 17:07,50.5977
11/4/2017 19:42,41.5866
11/4/2017 19:47,41.8875
11/4/2017 22:22,64.0941
11/4/2017 22:27,65.8607
11/5/2017 1:02,91.75
11/5/2017 1:07,99.8922
11/5/2017 3:42,43.6702
11/5/2017 3:47,42.2134
11/5/2017 6:22,76.1746
11/5/2017 6:27,60.3755
11/5/2017 9:02,76.6287
11/5/2017 9:07,81.8154
11/5/2017 11:47,71.3462
11/5/2017 11:52,60.7826
11/5/2017 14:27,33.1006
11/5/2017 14:32,36.3457
11/5/2017 17:07,38.8869
11/5/2017 17:12,29.2703
11/5/2017 19:47,39.4936
11/5/2017 19:52,40.2751
11/5/2017 22:27,13.4132
11/5/2017 22:32,33.5089
11/6/2017 1:07,96.2435
11/6/2017 1:12,95.5546
11/6/2017 3:47,64.1421
11/6/2017 3:52,61.3624
11/6/2017 6:27,16.5153
11/6/2017 6:32,19.0091
11/6/2017 9:07,77.601
11/6/2017 9:12,70.9481
11/6/2017 11:47,52.1816
11/6/2017 11:52,42.9554
11/6/2017 14:27,54.7002
11/6/2017 14:32,54.5019
11/6/2017 17:07,39.1618
11/6/2017 17:12,39.9627
11/6/2017 19:47,58.4272
11/6/2017 19:52,54.4173
11/6/2017 22:27,40.0108
11/6/2017 22:32,48.8816
11/7/2017 1:07,90.7138
11/7/2017 1:12,84.3988
11/7/2017 3:52,79.5849
11/7/2017 3:57,71.8609
11/7/2017 6:32,86.4956
11/7/2017 6:37,90.9346
11/7/2017 9:12,82.7553
11/7/2017 9:17,82.6875
11/7/2017 11:52,68.1665
11/7/2017 11:57,68.7067
11/7/2017 14:32,61.1547
11/7/2017 14:37,58.3001
11/7/2017 17:12,61.6788
11/7/2017 17:17,60.9135
11/7/2017 19:52,78.2755
11/7/2017 19:57,82.0958
11/7/2017 22:32,78.6649
11/7/2017 22:37,76.4499
11/8/2017 1:22,82.2614
11/8/2017 1:27,91.0844
11/8/2017 5:52,55.7731
11/8/2017 5:57,72.0482
11/8/2017 8:32,81.9364
11/8/2017 8:37,64.1175
11/8/2017 11:12,81.541
11/8/2017 11:17,74.3499
11/8/2017 13:52,61.7807
11/8/2017 13:57,55.929
11/8/2017 16:32,34.2514
11/8/2017 16:37,19.7908
11/8/2017 19:12,47.8588
11/8/2017 19:17,67.795
11/8/2017 21:52,30.4688
11/8/2017 21:57,32.2425
11/9/2017 0:42,81.7909
11/9/2017 0:47,82.1956
11/9/2017 3:27,66.1575
11/9/2017 3:32,87.7268
11/9/2017 5:27,6.64381
11/9/2017 6:07,75.8573
11/9/2017 6:12,55.0455
11/9/2017 8:47,39.8118
11/9/2017 8:52,39.5551
11/9/2017 11:27,69.2019
11/9/2017 11:32,65.0092
11/9/2017 14:07,44.25
11/9/2017 14:12,42.414
11/9/2017 16:47,47.0962
11/9/2017 16:52,51.9217
11/9/2017 19:27,40.9474
11/9/2017 19:32,37.9252
11/9/2017 22:07,21.0492
11/9/2017 22:12,19.5798
11/10/2017 0:47,60.6088
11/10/2017 0:52,85.7493
11/10/2017 3:27,80.4214
11/10/2017 3:32,74.7733
11/10/2017 6:07,60.4353
11/10/2017 6:12,51.705
11/10/2017 8:47,59.1443
11/10/2017 8:52,49.9729
11/10/2017 11:27,91.7851
11/10/2017 11:32,84.062
11/10/2017 14:07,63.508
11/10/2017 14:12,60.6298
11/10/2017 16:47,42.8437
11/10/2017 16:52,45.4056
11/10/2017 19:27,35.0562
11/10/2017 19:32,25.9098
11/10/2017 22:07,74.1468
11/10/2017 22:12,45.4935
11/11/2017 0:47,62.97
11/11/2017 0:52,66.5064
11/11/2017 3:42,79.2249
11/11/2017 3:47,70.2415
11/11/2017 6:22,66.4896
11/11/2017 6:27,67.7201
11/11/2017 9:02,63.868
11/11/2017 9:07,55.2437
11/11/2017 11:42,40.7978
11/11/2017 11:47,36.7293
11/11/2017 14:22,42.4292
11/11/2017 14:27,34.7699
11/11/2017 17:02,17.1754
11/11/2017 17:07,18.6612
11/11/2017 19:42,43.1478
11/11/2017 19:47,41.5423
11/11/2017 22:22,50.9037
11/11/2017 22:27,51.8258
11/12/2017 1:02,69.9441
11/12/2017 1:07,81.5436
11/12/2017 3:52,65.1952
11/12/2017 3:57,64.9575
11/12/2017 6:32,57.0292
11/12/2017 6:37,55.6867
11/12/2017 9:17,97.9765
11/12/2017 9:22,99.1003
11/12/2017 11:57,59.7633
11/12/2017 12:02,71.4485
11/12/2017 14:37,70.9629
11/12/2017 14:42,68.1244
11/12/2017 17:17,48.5973
11/12/2017 17:22,50.9669
11/12/2017 19:57,61.8898
11/12/2017 20:02,61.1921
11/12/2017 22:37,47.557
11/12/2017 22:42,44.5169
11/13/2017 1:17,95.086
11/13/2017 1:22,92.7986
11/13/2017 3:57,93.1326
11/13/2017 4:02,91.0203
11/13/2017 6:37,52.8598
11/13/2017 6:42,53.2096
11/13/2017 9:17,86.3642
11/13/2017 9:22,82.8444
11/13/2017 11:57,45.1277
11/13/2017 12:02,56.5397
11/13/2017 14:37,26.9948
11/13/2017 14:42,25.1162
11/13/2017 17:17,34.2967
11/13/2017 17:22,43.491
11/13/2017 19:57,17.0296
11/13/2017 20:02,17.3558
11/13/2017 22:37,43.0421
11/13/2017 22:42,43.4268
11/14/2017 1:27,98.1521
11/14/2017 1:32,87.2952
11/14/2017 4:27,61.6569
11/14/2017 4:32,52.0986
11/14/2017 7:07,78.0512
11/14/2017 7:12,89.4554
11/14/2017 9:47,41.7535
11/14/2017 9:52,39.7113
11/14/2017 12:27,56.618
11/14/2017 12:32,57.7287
11/14/2017 15:07,44.4115
11/14/2017 15:12,46.7706
11/14/2017 17:47,38.1617
11/14/2017 17:52,30.5216
11/14/2017 20:27,27.0247
11/14/2017 20:32,31.7938
11/14/2017 23:07,69.8494
11/14/2017 23:12,60.4213
11/15/2017 1:47,83.5118
11/15/2017 1:52,76.6691
11/15/2017 4:27,80.5565
11/15/2017 4:32,79.7864
11/15/2017 7:07,57.0847
11/15/2017 7:12,56.8471
11/15/2017 9:47,43.4529
11/15/2017 9:52,54.6481
11/15/2017 12:27,59.124
11/15/2017 12:32,56.8454
11/15/2017 15:07,55.0167
11/15/2017 15:12,53.2478
11/15/2017 17:47,40.8903
11/15/2017 17:52,46.5247
11/15/2017 20:27,52.9759
11/15/2017 20:32,41.5371
11/15/2017 23:07,52.2591
11/15/2017 23:12,51.3189
11/16/2017 1:47,93.3518
11/16/2017 1:52,89.6148
11/16/2017 4:32,84.5833
11/16/2017 4:37,79.2066
11/16/2017 5:47,11.4469
11/16/2017 7:17,85.5966
11/16/2017 7:22,70.6171
11/16/2017 9:57,61.2286
11/16/2017 10:02,72.9203
11/16/2017 12:42,29.9403
11/16/2017 12:47,25.2371
11/16/2017 13:07,89.6066
11/16/2017 15:22,32.6657
11/16/2017 15:27,32.2711
11/16/2017 18:02,48.8401
11/16/2017 18:07,49.646
11/16/2017 20:42,43.3816
11/16/2017 20:47,33.6343
11/16/2017 23:22,87.416
11/16/2017 23:27,66.4878
11/17/2017 2:02,39.013
11/17/2017 2:07,84.6031
11/17/2017 2:47,7.97079
11/17/2017 4:47,66.2377
11/17/2017 4:52,62.7175
11/17/2017 7:57,68.8576
11/17/2017 8:02,86.5848
11/17/2017 10:42,42.712
11/17/2017 10:47,42.9657
11/17/2017 13:22,68.4386
11/17/2017 13:27,63.9818
11/17/2017 16:02,17.8321
11/17/2017 16:07,13.114
11/17/2017 18:42,43.148
11/17/2017 18:47,35.8411
11/17/2017 21:22,31.6547
11/17/2017 21:27,28.6486
11/18/2017 0:02,73.7173
11/18/2017 0:07,63.8865
11/18/2017 2:42,83.8495
11/18/2017 2:47,82.6456
11/18/2017 5:22,49.6813
11/18/2017 5:27,34.6708
11/18/2017 8:02,53.5853
11/18/2017 8:07,55.4633
11/18/2017 10:42,48.3909
11/18/2017 10:47,47.6365
11/18/2017 13:22,53.3259
11/18/2017 13:27,52.3579
11/18/2017 16:02,15.3574
11/18/2017 16:07,17.4902
11/18/2017 18:42,46.1562
11/18/2017 18:47,43.2356
11/18/2017 21:22,34.9077
11/18/2017 21:27,24.9572
11/19/2017 0:02,76.546
11/19/2017 0:07,72.5664
11/19/2017 2:42,93.184
11/19/2017 2:47,83.6246
11/19/2017 5:22,64.3438
11/19/2017 5:27,55.3903
11/19/2017 8:02,62.3143
11/19/2017 8:07,75.5304
11/19/2017 10:42,48.6819
11/19/2017 10:47,46.6193
11/19/2017 13:22,44.945
11/19/2017 13:27,41.8639
11/19/2017 16:02,37.6308
11/19/2017 16:07,38.0933
11/19/2017 18:42,14.5984
11/19/2017 18:47,13.7941
11/19/2017 21:22,24.7457
11/19/2017 21:27,34.802
11/20/2017 0:02,73.4401
11/20/2017 0:07,73.4591
11/20/2017 2:42,69.4613
11/20/2017 2:47,63.1292
11/20/2017 5:22,49.5859
11/20/2017 5:27,53.8007
11/20/2017 8:02,69.4202
11/20/2017 8:07,71.3038
11/20/2017 10:42,71.7124
11/20/2017 10:47,71.5652
11/20/2017 13:22,44.6902
11/20/2017 13:27,39.2881
11/20/2017 16:02,39.8901
11/20/2017 16:07,55.7815
11/20/2017 18:42,27.9777
11/20/2017 18:47,25.9904
11/20/2017 21:22,56.479
11/20/2017 21:27,57.1033
11/21/2017 0:02,84.7431
11/21/2017 0:07,88.4319
11/21/2017 2:57,77.669
11/21/2017 3:02,91.7657
11/21/2017 5:37,65.3674
11/21/2017 5:42,54.7737
11/21/2017 8:27,65.8736
11/21/2017 8:32,64.2761
11/21/2017 11:07,85.0068
11/21/2017 11:12,88.3348
11/21/2017 13:47,54.9742
11/21/2017 13:52,53.6173
11/21/2017 16:27,49.8789
11/21/2017 16:32,39.4726
11/21/2017 19:07,63.7964
11/21/2017 19:12,61.9853
11/21/2017 21:47,59.3147
11/21/2017 21:52,56.4977
11/22/2017 0:27,89.0483
11/22/2017 0:32,84.0818
11/22/2017 3:07,74.8374
11/22/2017 3:12,81.2956
11/22/2017 5:47,37.2832
11/22/2017 5:52,40.0373
11/22/2017 8:27,92.9454
11/22/2017 8:32,90.2274
11/22/2017 11:07,65.1209
11/22/2017 11:12,72.5415
11/22/2017 13:47,20.6006
11/22/2017 13:52,21.4041
11/22/2017 16:27,16.1138
11/22/2017 16:32,14.7595
11/22/2017 19:07,42.6009
11/22/2017 19:12,41.4162
11/22/2017 21:47,24.0399
11/22/2017 21:52,18.3712
11/23/2017 0:27,71.428
11/23/2017 0:32,56.8441
11/23/2017 3:12,82.8005
11/23/2017 3:17,80.0427
11/23/2017 5:52,41.0556
11/23/2017 5:57,41.1172
11/23/2017 8:37,90.2817
11/23/2017 8:42,77.2489
11/23/2017 11:17,63.0664
11/23/2017 11:22,61.6488
11/23/2017 13:57,47.1409
11/23/2017 14:02,46.1016
11/23/2017 16:37,26.089
11/23/2017 16:42,27.5584
11/23/2017 19:17,33.6867
11/23/2017 19:22,34.3961
11/23/2017 21:57,28.709
11/23/2017 22:02,34.1945
11/24/2017 0:37,74.8699
11/24/2017 0:42,78.9861
11/24/2017 3:32,90.7023
11/24/2017 3:37,70.9298
11/24/2017 6:12,63.4915
11/24/2017 6:17,57.6226
11/24/2017 8:52,50.5188
11/24/2017 8:57,49.3712
11/24/2017 11:32,41.5851
11/24/2017 11:37,37.6784
11/24/2017 14:12,42.6123
11/24/2017 14:17,34.8747
11/24/2017 16:52,46.1027
11/24/2017 16:57,41.3304
11/24/2017 19:32,33.0256
11/24/2017 19:37,33.2357
11/24/2017 22:12,18.674
11/24/2017 22:17,35.3716
11/25/2017 0:52,70.5825
11/25/2017 0:57,52.702
11/25/2017 3:37,93.1262
11/25/2017 3:42,91.8723
11/25/2017 6:17,57.9391
11/25/2017 6:22,59.1151
11/25/2017 8:57,33.0263
11/25/2017 9:02,51.0636
11/25/2017 11:37,38.1999
11/25/2017 11:42,41.7882
11/25/2017 14:17,22.3002
11/25/2017 14:22,17.995
11/25/2017 16:57,34.5816
11/25/2017 17:02,33.4003
11/25/2017 19:37,58.483
11/25/2017 19:42,46.9602
11/25/2017 22:17,38.4138
11/25/2017 22:22,36.5766
11/26/2017 1:02,97.833
11/26/2017 1:07,99.4663
11/26/2017 3:42,56.3757
11/26/2017 3:47,55.906
11/26/2017 6:22,62.2849
11/26/2017 6:27,61.2885
11/26/2017 9:02,81.2064
11/26/2017 9:07,96.0473
11/26/2017 11:42,59.592
11/26/2017 11:47,55.8297
11/26/2017 14:22,55.9856
11/26/2017 14:27,54.5511
11/26/2017 17:02,44.2792
11/26/2017 17:07,55.142
11/26/2017 19:42,79.6434
11/26/2017 19:47,78.6543
11/26/2017 22:22,77.2969
11/26/2017 22:27,81.4055
11/27/2017 1:02,90.5265
11/27/2017 1:07,96.254
11/27/2017 3:52,82.1297
11/27/2017 3:57,81.4585
11/27/2017 6:32,54.4992
11/27/2017 6:37,53.6355
11/27/2017 9:12,72.2545
11/27/2017 9:17,77.6583
11/27/2017 11:52,91.7373
11/27/2017 11:57,92.0554
11/27/2017 14:32,94.0507
11/27/2017 14:37,92.6851
11/27/2017 17:12,87.3138
11/27/2017 17:17,87.4637
11/27/2017 19:52,85.5604
11/27/2017 19:57,84.6191
11/27/2017 22:32,80.7262
11/27/2017 22:37,80.4346
11/28/2017 1:12,94.1028
11/28/2017 1:17,96.8955
11/28/2017 4:47,99.8929
11/28/2017 4:52,98.5239
11/28/2017 7:27,95.9404
11/28/2017 7:32,98.4099
11/28/2017 10:12,62.5365
11/28/2017 10:17,62.4586
11/28/2017 12:52,60.9518
11/28/2017 12:57,65.1156
11/28/2017 15:32,69.0526
11/28/2017 15:37,65.7681
11/28/2017 18:12,54.2059
11/28/2017 18:17,54.0602
11/28/2017 20:52,51.4778
11/28/2017 20:57,45.9223
11/28/2017 23:32,94.8661
11/28/2017 23:37,94.9163
11/29/2017 2:42,91.138
11/29/2017 2:47,85.3277
11/29/2017 6:57,78.846
11/29/2017 7:02,76.7861
11/29/2017 9:37,76.1707
11/29/2017 9:42,76.4818
11/29/2017 12:17,52.8418
11/29/2017 12:22,86.7269
11/29/2017 14:57,76.0249
11/29/2017 15:02,78.0044
11/29/2017 17:37,49.7168
11/29/2017 17:42,46.8818
11/29/2017 20:17,66.0293
11/29/2017 20:22,69.5241
11/29/2017 22:57,64.3959
11/29/2017 23:02,58.4352
11/30/2017 1:37,96.1438
11/30/2017 1:42,95.7843
11/30/2017 5:22,90.5615
11/30/2017 5:27,88.0905
11/30/2017 8:02,68.3261
11/30/2017 8:07,94.8735
11/30/2017 10:42,57.2254
11/30/2017 10:47,64.0726
11/30/2017 13:22,69.9211
11/30/2017 13:27,64.5839
11/30/2017 16:02,65.0882
11/30/2017 16:07,64.5519
11/30/2017 18:42,66.6292
11/30/2017 18:47,68.7629
11/30/2017 21:22,68.691
11/30/2017 21:27,66.221
12/1/2017 0:02,89.1815
12/1/2017 0:07,95.9159
12/1/2017 2:47,76.6878
12/1/2017 2:52,80.8958
12/1/2017 5:47,79.8251
12/1/2017 5:52,78.4255
12/1/2017 8:42,90.4745
12/1/2017 8:47,80.9755
12/1/2017 11:22,76.3072
12/1/2017 11:27,58.8225
12/1/2017 14:02,60.6088
12/1/2017 14:07,58.9602
12/1/2017 16:42,38.8494
12/1/2017 16:47,38.3144
12/1/2017 19:22,79.663
12/1/2017 19:27,81.0317
12/1/2017 22:02,49.9774
12/1/2017 22:07,70.4834
12/2/2017 0:47,85.2896
12/2/2017 0:52,84.2841
12/2/2017 3:52,82.9164
12/2/2017 3:57,83.971
12/2/2017 6:32,67.937
12/2/2017 6:37,66.1126
12/2/2017 9:12,39.9255
12/2/2017 9:17,38.7906
12/2/2017 11:52,56.4643
12/2/2017 11:57,48.7358
12/2/2017 14:32,54.4072
12/2/2017 14:37,47.9815
12/2/2017 17:12,24.0271
12/2/2017 17:17,16.5397
12/2/2017 19:52,25.43
12/2/2017 19:57,23.0809
12/2/2017 22:32,13.4631
12/2/2017 22:37,20.0623
12/3/2017 1:12,72.1148
12/3/2017 1:17,72.0119
12/3/2017 3:52,73.554
12/3/2017 3:57,72.7407
12/3/2017 6:32,56.9797
12/3/2017 6:37,62.9089
12/3/2017 9:12,74.3381
12/3/2017 9:17,70.2696
12/3/2017 11:52,40.8258
12/3/2017 11:57,40.2748
12/3/2017 14:32,44.7092
12/3/2017 14:37,36.3443
12/3/2017 17:12,37.5024
12/3/2017 17:17,39.7149
12/3/2017 19:52,80.0199
12/3/2017 19:57,77.8826
12/3/2017 22:32,36.9023
12/3/2017 22:37,40.5088
12/4/2017 1:12,67.7533
12/4/2017 1:17,63.8398
12/4/2017 3:52,80.1394
12/4/2017 3:57,74.029
12/4/2017 6:32,72.7642
12/4/2017 6:37,69.0265
12/4/2017 9:12,92.3422
12/4/2017 9:17,94.5235
12/4/2017 11:52,51.3867
12/4/2017 11:57,54.3007
12/4/2017 14:32,62.2324
12/4/2017 14:37,60.6963
12/4/2017 17:12,42.9593
12/4/2017 17:17,39.0933
12/4/2017 19:52,20.189
12/4/2017 19:57,20.0342
12/4/2017 22:32,23.4635
12/4/2017 22:37,14.6122
12/5/2017 1:12,85.5074
12/5/2017 1:17,89.6735
12/5/2017 4:12,91.511
12/5/2017 4:17,92.5518
12/5/2017 7:07,72.0909
12/5/2017 7:12,82.5755
12/5/2017 9:47,39.9804
12/5/2017 9:52,38.5163
12/5/2017 12:27,54.3131
12/5/2017 12:32,55.2567
12/5/2017 15:07,47.8623
12/5/2017 15:12,43.922
12/5/2017 17:47,28.601
12/5/2017 17:52,26.408
12/5/2017 20:27,15.0823
12/5/2017 20:32,12.4722
12/5/2017 23:07,66.5822
12/5/2017 23:12,73.7844
12/6/2017 1:47,69.5684
12/6/2017 1:52,63.7306
12/6/2017 4:27,69.6141
12/6/2017 4:32,71.952
12/6/2017 7:07,47.5412
12/6/2017 7:12,41.1557
12/6/2017 9:47,64.9964
12/6/2017 9:52,54.507
12/6/2017 12:27,36.4982
12/6/2017 12:32,45.3588
12/6/2017 15:07,34.4658
12/6/2017 15:12,21.0565
12/6/2017 17:47,36.3509
12/6/2017 17:52,39.9072
12/6/2017 20:27,41.3667
12/6/2017 20:32,34.6878
12/6/2017 23:07,31.1802
12/6/2017 23:12,23.0235
12/7/2017 1:47,64.3233
12/7/2017 1:52,64.1363
12/7/2017 4:27,83.768
12/7/2017 4:32,73.2265
12/7/2017 7:07,55.0544
12/7/2017 7:12,61.3249
12/7/2017 9:47,47.833
12/7/2017 9:52,52.6843
12/7/2017 12:27,59.0942
12/7/2017 12:32,62.1321
12/7/2017 15:07,52.0093
12/7/2017 15:12,52.3675
12/7/2017 17:47,30.6942
12/7/2017 17:52,47.6046
12/7/2017 20:27,34.9053
12/7/2017 20:32,14.1328
12/7/2017 23:07,54.9956
12/7/2017 23:12,68.4026
12/8/2017 1:47,24.4773
12/8/2017 1:52,32.7528
12/8/2017 4:27,92.7669
12/8/2017 4:32,93.2832
12/8/2017 7:22,96.4272
12/8/2017 7:27,93.9096
12/8/2017 10:07,75.1184
12/8/2017 10:12,59.0951
12/8/2017 12:47,58.3203
12/8/2017 12:52,57.6432
12/8/2017 15:27,31.5605
12/8/2017 15:32,38.0842
12/8/2017 18:07,45.0891
12/8/2017 18:12,44.0421
12/8/2017 20:47,31.8063
12/8/2017 20:52,30.364
12/8/2017 23:27,92.3496
12/8/2017 23:32,86.3968
12/9/2017 2:07,54.7263
12/9/2017 2:12,55.2609
12/9/2017 4:47,70.9724
12/9/2017 4:52,59.3744
12/9/2017 7:27,66.5248
12/9/2017 7:32,65.5167
12/9/2017 10:07,88.4826
12/9/2017 10:12,80.1995
12/9/2017 12:47,25.8404
12/9/2017 12:52,35.2083
12/9/2017 15:27,43.7456
12/9/2017 15:32,36.3991
12/9/2017 18:07,78.0422
12/9/2017 18:12,64.3299
12/9/2017 20:47,29.2962
12/9/2017 20:52,48.5452
12/9/2017 23:27,67.8365
12/9/2017 23:32,76.9615
12/10/2017 2:07,76.7287
12/10/2017 2:12,65.6992
12/10/2017 4:47,85.8149
12/10/2017 4:52,84.2755
12/10/2017 7:27,46.9829
12/10/2017 7:32,50.8085
12/10/2017 10:07,63.5149
12/10/2017 10:12,58.0204
12/10/2017 12:47,57.6951
12/10/2017 12:52,52.916
12/10/2017 15:27,38.6238
12/10/2017 15:32,40.2848
12/10/2017 18:07,46.6486
12/10/2017 18:12,43.8516
12/10/2017 20:47,39.0378
12/10/2017 20:52,44.1069
12/10/2017 23:27,53.6785
12/10/2017 23:32,52.9899
12/11/2017 2:07,58.2773
12/11/2017 2:12,53.8472
12/11/2017 4:47,80.96
12/11/2017 4:52,76.9317
12/11/2017 7:27,74.6392
12/11/2017 7:32,68.5363
12/11/2017 10:07,55.8021
12/11/2017 10:12,57.3413
12/11/2017 12:47,68.0656
12/11/2017 12:52,68.5267
12/11/2017 15:27,60.6025
12/11/2017 15:32,57.833
12/11/2017 18:07,63.2033
12/11/2017 18:12,63.9271
12/11/2017 20:47,54.4626
12/11/2017 20:52,50.714
12/11/2017 23:27,83.9258
12/11/2017 23:32,94.0997
12/12/2017 2:07,92.5924
12/12/2017 2:12,92.63
12/12/2017 5:17,91.386
12/12/2017 5:22,87.5654
12/12/2017 7:57,83.3703
12/12/2017 8:02,79.2396
12/12/2017 10:37,72.5862
12/12/2017 10:42,69.8972
12/12/2017 13:17,67.455
12/12/2017 13:22,76.3388
12/12/2017 15:57,74.2625
12/12/2017 16:02,75.2828
12/12/2017 18:37,78.3951
12/12/2017 18:42,76.0831
12/12/2017 21:17,77.1955
12/12/2017 21:22,78.0678
12/12/2017 23:57,65.4582
12/13/2017 0:02,60.6684
12/13/2017 2:47,90.4685
12/13/2017 2:52,82.9397
12/13/2017 5:27,74.8581
12/13/2017 5:32,68.7612
12/13/2017 8:07,84.0575
12/13/2017 8:12,81.711
12/13/2017 10:47,98.0606
12/13/2017 10:52,97.1917
12/13/2017 14:07,90.8474
12/13/2017 14:12,88.5923
12/13/2017 16:47,58.5822
12/13/2017 16:52,59.5265
12/13/2017 19:27,60.9781
12/13/2017 19:32,62.0857
12/13/2017 22:07,86.1634
12/13/2017 22:12,79.7714
12/14/2017 0:47,81.3395
12/14/2017 0:52,78.8149
12/14/2017 3:27,75.5728
12/14/2017 3:32,62.642
12/14/2017 6:07,40.4943
12/14/2017 6:12,42.8514
12/14/2017 8:47,41.2391
12/14/2017 8:52,40.8791
12/14/2017 11:27,83.433
12/14/2017 11:32,84.5341
12/14/2017 14:07,66.3884
12/14/2017 14:12,63.9595
12/14/2017 16:47,42.1012
12/14/2017 16:52,51.592
12/14/2017 19:27,6.8741
12/14/2017 19:32,10.323
12/14/2017 22:07,55.607
12/14/2017 22:12,9.66179
12/15/2017 0:47,64.6904
12/15/2017 0:52,69.2926
12/15/2017 3:27,73.0154
12/15/2017 3:32,67.8951
12/15/2017 6:07,99.7814
12/15/2017 6:12,96.4666
12/15/2017 8:47,85.4635
12/15/2017 8:52,82.404
12/15/2017 11:27,84.7963
12/15/2017 11:32,78.2868
12/15/2017 14:07,47.1593
12/15/2017 14:12,49.317
12/15/2017 16:47,76.5447
12/15/2017 16:52,83.3566
12/15/2017 19:27,49.0998
12/15/2017 19:32,62.1782
12/15/2017 22:07,70.4528
12/15/2017 22:12,31.3502
12/16/2017 0:47,71.7683
12/16/2017 0:52,66.4723
12/16/2017 3:27,89.6372
12/16/2017 3:32,94.7714
12/16/2017 6:07,66.7365
12/16/2017 6:12,65.0065
12/16/2017 8:47,80.0268
12/16/2017 8:52,75.7298
12/16/2017 11:27,82.6002
12/16/2017 11:32,78.2352
12/16/2017 14:07,62.2263
12/16/2017 14:12,61.17
12/16/2017 16:47,38.1765
12/16/2017 16:52,50.349
12/16/2017 19:27,23.2787
12/16/2017 19:32,19.3347
12/16/2017 22:07,48.1852
12/16/2017 22:12,9.27861
12/17/2017 0:47,81.5061
12/17/2017 0:52,82.0139
12/17/2017 3:27,90.7454
12/17/2017 3:32,89.1519
12/17/2017 6:07,86.5024
12/17/2017 6:12,75.8684
12/17/2017 8:47,51.2666
12/17/2017 8:52,51.1792
12/17/2017 11:27,67.1821
12/17/2017 11:32,63.5311
12/17/2017 14:07,41.8498
12/17/2017 14:12,42.0924
12/17/2017 16:47,70.1108
12/17/2017 16:52,73.9124
12/17/2017 19:27,44.7381
12/17/2017 19:32,43.4919
12/17/2017 22:07,58.9227
12/17/2017 22:12,56.8951
12/18/2017 0:47,67.6089
12/18/2017 0:52,69.0705
12/18/2017 3:27,83.0498
12/18/2017 3:32,80.1735
12/18/2017 6:07,67.391
12/18/2017 6:12,73.216
12/18/2017 8:47,79.9135
12/18/2017 8:52,78.4627
12/18/2017 11:27,68.1343
12/18/2017 11:32,65.949
12/18/2017 14:07,79.5944
12/18/2017 14:12,78.7298
12/18/2017 16:47,74.5895
12/18/2017 16:52,77.1754
12/18/2017 19:27,79.9528
12/18/2017 19:32,82.8092
12/18/2017 22:07,68.9183
12/18/2017 22:12,67.4049
12/19/2017 0:57,89.859
12/19/2017 1:02,82.9615
12/19/2017 3:42,97.3716
12/19/2017 3:47,94.4735
12/19/2017 6:32,74.0378
12/19/2017 6:37,72.5964
12/19/2017 9:12,76.5202
12/19/2017 9:17,87.969
12/19/2017 11:52,72.7803
12/19/2017 11:57,65.1408
12/19/2017 14:32,68.386
12/19/2017 14:37,70.4536
12/19/2017 17:12,58.7598
12/19/2017 17:17,61.4934
12/19/2017 19:52,81.1617
12/19/2017 19:57,77.1692
12/19/2017 22:32,47.1931
12/19/2017 22:37,55.0363
12/20/2017 1:12,86.7844
12/20/2017 1:17,85.4677
12/20/2017 3:52,89.1085
12/20/2017 3:57,93.673
12/20/2017 6:32,75.0304
12/20/2017 6:37,70.4102
12/20/2017 9:12,72.4792
12/20/2017 9:17,67.7398
12/20/2017 11:52,58.7129
12/20/2017 11:57,66.55
12/20/2017 14:32,80.3901
12/20/2017 14:37,81.983
12/20/2017 17:12,50.9127
12/20/2017 17:17,51.9123
12/20/2017 19:52,60.2725
12/20/2017 19:57,60.3163
12/20/2017 22:32,40.8082
12/20/2017 22:37,44.254
12/21/2017 1:12,91.9075
12/21/2017 1:17,88.9094
12/21/2017 3:52,82.5286
12/21/2017 3:57,77.8698
12/21/2017 6:42,50.0286
12/21/2017 6:47,47.9031
12/21/2017 9:22,42.4654
12/21/2017 9:27,58.5326
12/21/2017 12:02,72.0031
12/21/2017 12:07,72.1529
12/21/2017 14:42,63.9626
12/21/2017 14:47,64.3232
12/21/2017 17:22,47.2601
12/21/2017 17:27,43.531
12/21/2017 20:02,42.3535
12/21/2017 20:07,47.7029
12/21/2017 22:42,19.2069
12/21/2017 22:47,21.505
12/22/2017 1:22,97.1403
12/22/2017 1:27,95.6052
12/22/2017 5:17,75.9015
12/22/2017 5:22,83.5344
12/22/2017 8:12,96.4862
12/22/2017 8:17,86.9014
12/22/2017 10:52,60.0887
12/22/2017 10:57,61.3197
12/22/2017 13:32,74.692
12/22/2017 13:37,74.5394
12/22/2017 16:12,38.5777
12/22/2017 16:17,38.3292
12/22/2017 18:52,45.1196
12/22/2017 18:57,33.4797
12/22/2017 21:32,47.0685
12/22/2017 21:37,41.9557
12/23/2017 0:12,67.2938
12/23/2017 0:17,46.7495
12/23/2017 2:57,91.6899
12/23/2017 3:02,90.0678
12/23/2017 5:37,93.2498
12/23/2017 5:42,93.5252
12/23/2017 8:17,69.8211
12/23/2017 8:22,60.6669
12/23/2017 10:57,51.6782
12/23/2017 11:02,51.9129
12/23/2017 13:37,60.2301
12/23/2017 13:42,56.3338
12/23/2017 16:17,50.3661
12/23/2017 16:22,50.7051
12/23/2017 18:57,21.3746
12/23/2017 19:02,28.8991
12/23/2017 21:37,12.3204
12/23/2017 21:42,11.934
12/24/2017 0:17,46.8838
12/24/2017 0:22,56.6027
12/24/2017 2:57,60.2817
12/24/2017 3:02,71.3622
12/24/2017 5:37,58.1831
12/24/2017 5:42,59.8072
12/24/2017 8:17,55.8522
12/24/2017 8:22,59.0262
12/24/2017 10:57,85.3097
12/24/2017 11:02,82.8313
12/24/2017 13:37,64.9801
12/24/2017 13:42,64.3511
12/24/2017 16:17,37.5708
12/24/2017 16:22,37.7612
12/24/2017 18:57,39.3391
12/24/2017 19:02,40.1445
12/24/2017 21:37,20.2441
12/24/2017 21:42,15.4424
12/25/2017 0:17,89.1854
12/25/2017 0:22,85.1956
12/25/2017 2:57,73.938
12/25/2017 3:02,77.01
12/25/2017 5:37,77.4838
12/25/2017 5:42,70.0185
12/25/2017 8:17,98.0469
12/25/2017 8:22,98.1357
12/25/2017 11:02,92.9328
12/25/2017 11:07,93.3522
12/25/2017 13:42,98.45
12/25/2017 13:47,97.9673
12/25/2017 17:47,81.4725
12/25/2017 17:52,83.5594
12/25/2017 20:27,72.689
12/25/2017 20:32,73.2555
12/25/2017 23:07,88.3981
12/25/2017 23:12,85.456
12/26/2017 2:27,82.4593
12/26/2017 2:32,78.3259
12/26/2017 5:42,82.6642
12/26/2017 5:47,89.7725
12/26/2017 8:27,72.3936
12/26/2017 8:32,86.8011
12/26/2017 11:27,78.2102
12/26/2017 11:32,77.326
12/26/2017 14:07,62.0976
12/26/2017 14:12,62.3648
12/26/2017 16:47,78.8715
12/26/2017 16:52,81.2615
12/26/2017 19:27,62.323
12/26/2017 19:32,58.9895
12/26/2017 22:07,80.8786
12/26/2017 22:12,64.8129
12/27/2017 0:47,72.1959
12/27/2017 0:52,65.1449
12/27/2017 3:32,83.1697
12/27/2017 3:37,78.4045
12/27/2017 6:12,59.4844
12/27/2017 6:17,57.9932
12/27/2017 8:52,86.4702
12/27/2017 8:57,81.6289
12/27/2017 11:32,73.0156
12/27/2017 11:37,68.3527
12/27/2017 14:12,62.8532
12/27/2017 14:17,81.6012
12/27/2017 16:52,73.2492
12/27/2017 16:57,64.2032
12/27/2017 19:32,61.996
12/27/2017 19:37,67.4492
12/27/2017 22:12,67.2986
12/27/2017 22:17,68.4588
12/28/2017 0:52,64.2816
12/28/2017 0:57,69.0163
12/28/2017 5:02,99.5625
12/28/2017 5:07,98.3843
12/28/2017 7:47,75.2428
12/28/2017 7:52,85.1761
12/28/2017 10:27,70.1953
12/28/2017 10:32,66.7193
12/28/2017 13:07,76.9559
12/28/2017 13:12,77.6688
12/28/2017 15:47,61.9214
12/28/2017 15:52,55.2329
12/28/2017 18:27,60.3027
12/28/2017 18:32,53.0035
12/28/2017 21:07,78.0742
12/28/2017 21:12,75.7456
12/28/2017 23:47,87.7782
12/28/2017 23:52,96.4515
12/29/2017 2:52,96.3638
12/29/2017 2:57,94.1986
12/29/2017 5:32,79.9154
12/29/2017 5:37,73.2985
12/29/2017 8:12,72.3211
12/29/2017 8:17,68.0285
12/29/2017 10:52,81.3704
12/29/2017 10:57,80.8251
12/29/2017 13:32,56.4434
12/29/2017 13:37,59.4978
12/29/2017 16:12,59.5044
12/29/2017 16:17,52.602
12/29/2017 18:52,56.6351
12/29/2017 18:57,57.8523
12/29/2017 21:32,43.1145
12/29/2017 21:37,49.157
12/30/2017 0:12,77.408
12/30/2017 0:17,65.6614
12/30/2017 2:52,82.9042
12/30/2017 2:57,82.6497
12/30/2017 5:32,68.8484
12/30/2017 5:37,68.796
12/30/2017 8:12,69.863
12/30/2017 8:17,74.9144
12/30/2017 10:52,91.6895
12/30/2017 10:57,96.1192
12/30/2017 13:37,72.1203
12/30/2017 13:42,68.2002
12/30/2017 16:17,68.705
12/30/2017 16:22,66.5668
12/30/2017 18:57,56.3513
12/30/2017 19:02,57.9709
12/30/2017 21:37,89.7551
12/30/2017 21:42,94.1408
12/31/2017 1:02,92.294
12/31/2017 1:07,96.0362
12/31/2017 3:52,81.1384
12/31/2017 3:57,82.56
12/31/2017 6:42,99.3669
12/31/2017 6:47,98.0066
12/31/2017 9:37,90.8641
12/31/2017 9:42,88.7801
12/31/2017 12:17,98.471
12/31/2017 12:22,98.4295
12/31/2017 14:57,83.8082
12/31/2017 15:02,78.9335
12/31/2017 17:37,74.0004
12/31/2017 17:42,71.8392
12/31/2017 20:17,56.1264
12/31/2017 20:22,60.2156
12/31/2017 22:57,48.9679
12/31/2017 23:02,51.7761
1/1/2018 1:37,94.405
1/1/2018 1:42,90.0485
1/1/2018 4:17,59.8121
1/1/2018 4:22,55.626
1/1/2018 6:57,79.2973
1/1/2018 7:02,70.6008
1/1/2018 9:37,89.7341
1/1/2018 9:42,92.5467
1/1/2018 12:17,66.504
1/1/2018 12:22,68.436
1/1/2018 14:57,96.249
1/1/2018 15:02,96.2473
1/1/2018 17:37,93.727
1/1/2018 17:42,94.3085
1/1/2018 20:22,77.4289
1/1/2018 20:27,79.1059
1/1/2018 23:02,71.3221
1/1/2018 23:07,81.722
1/2/2018 1:42,65.1396
1/2/2018 1:47,77.1995
1/2/2018 4:22,86.2925
1/2/2018 4:27,79.429
1/2/2018 7:02,88.4547
1/2/2018 7:07,87.8132
1/2/2018 9:42,87.3385
1/2/2018 9:47,89.28
1/2/2018 12:47,59.8357
1/2/2018 12:52,59.67
1/2/2018 15:27,58.2985
1/2/2018 15:32,51.3692
1/2/2018 18:07,50.1845
1/2/2018 18:12,49.8855
1/2/2018 20:47,48.7288
1/2/2018 20:52,51.6885
1/2/2018 23:27,82.113
1/2/2018 23:32,81.2636
1/3/2018 2:07,82.1354
1/3/2018 2:12,78.635
1/3/2018 4:47,63.8797
1/3/2018 4:52,58.7309
1/3/2018 7:27,51.0204
1/3/2018 7:32,47.0892
1/3/2018 10:07,60.5864
1/3/2018 10:12,62.6238
1/3/2018 12:47,64.9595
1/3/2018 12:52,60.2947
1/3/2018 15:27,43.537
1/3/2018 15:32,44.775
1/3/2018 18:07,46.1992
1/3/2018 18:12,58.8076
1/3/2018 20:47,52.7699
1/3/2018 20:52,62.2952
1/3/2018 23:27,4.82e-05
1/3/2018 23:32,14.7028
1/4/2018 2:07,97.7914
1/4/2018 2:12,98.4984
1/4/2018 4:47,59.2604
1/4/2018 4:52,38.0275
1/4/2018 7:27,39.9691
1/4/2018 7:32,37.1441
1/4/2018 10:07,21.4928
1/4/2018 10:12,21.8249
1/4/2018 12:47,21.2653
1/4/2018 12:52,22.6456
1/4/2018 15:27,54.0578
1/4/2018 15:32,52.8209
1/4/2018 18:07,25.9003
1/4/2018 18:12,19.8747
1/4/2018 21:12,12.6811
1/4/2018 21:17,12.6811
1/4/2018 23:52,63.153
1/4/2018 23:57,53.5798
1/5/2018 2:32,60.0279
1/5/2018 2:37,62.1467
1/5/2018 5:12,59.5357
1/5/2018 5:17,63.0143
1/5/2018 7:52,50.5526
1/5/2018 7:57,53.5452
1/5/2018 10:32,9.02782
1/5/2018 10:37,9.85358
1/5/2018 13:12,21.8958
1/5/2018 13:17,20.6708
1/5/2018 15:52,6.92378
1/5/2018 15:57,5.22627
1/5/2018 18:32,22.2825
1/5/2018 18:37,23.5555
1/5/2018 21:12,25.7831
1/5/2018 21:17,25.5759
1/5/2018 23:52,43.8659
1/5/2018 23:57,35.2078
1/6/2018 2:32,79.21
1/6/2018 2:37,76.2187
1/6/2018 5:12,14.7779
1/6/2018 5:17,13.3066
1/6/2018 7:52,65.2817
1/6/2018 7:57,61.1326
1/6/2018 10:32,18.9195
1/6/2018 10:37,32.1388
1/6/2018 13:12,37.1032
1/6/2018 13:17,25.7782
1/6/2018 15:52,7.34993
1/6/2018 15:57,7.10386
1/6/2018 18:32,10.5448
1/6/2018 18:37,13.0331
1/6/2018 21:12,11.3495
1/6/2018 21:17,11.1487
1/6/2018 23:52,46.9408
1/6/2018 23:57,19.8402
1/7/2018 2:32,22.5166
1/7/2018 2:37,7.18294
1/7/2018 3:12,83.2414
1/7/2018 5:12,26.5086
1/7/2018 5:17,20.2205
1/7/2018 7:52,46.4345
1/7/2018 7:57,41.5192
1/7/2018 10:32,6.96578
1/7/2018 10:37,6.00571
1/7/2018 13:12,6.78231
1/7/2018 13:17,6.44853
1/7/2018 15:52,5.29754
1/7/2018 15:57,4.57412
1/7/2018 18:32,5.10212
1/7/2018 18:37,6.68184
1/7/2018 21:12,4.74721
1/7/2018 21:17,5.66263
1/7/2018 23:52,6.35905
1/7/2018 23:57,4.14975
1/8/2018 2:32,5.10534
1/8/2018 2:37,7.72528
1/8/2018 5:12,34.3707
1/8/2018 5:17,43.6025
1/8/2018 7:52,97.3155
1/8/2018 7:57,94.8347
1/8/2018 10:32,10.5747
1/8/2018 10:37,11.1483
1/8/2018 13:07,58.8799
