date,value
01/01/2019,93.37
01/01/2019,78.47
01/01/2019,52.53
01/01/2019,61.85
01/01/2019,69.66
01/01/2020,70.35
01/01/2020,83.21
01/01/2020,72.29
01/01/2020,60.46
01/01/2021,16.53
01/01/2021,11.82
01/01/2021,8.45
01/01/2021,5.57
01/01/2021,12.74
01/01/2021,16.93
01/01/2022,34.9
01/01/2022,29.6
01/01/2022,71.89
01/01/2022,38.23
01/01/2023,43.47
01/01/2023,62.82
01/01/2023,74.38
01/01/2023,69.72
01/01/2023,39.46
01/01/2023,48.11
01/02/2019,64.59
01/02/2019,79.58
01/02/2019,63.6
01/02/2019,58.65
01/02/2020,61.09
01/02/2020,53.11
01/02/2020,53.16
01/02/2020,60.43
01/02/2021,33.05
01/02/2021,30.52
01/02/2021,11.57
01/02/2021,9.94
01/02/2021,30.12
01/02/2021,26.25
01/02/2022,35.97
01/02/2022,30.5
01/02/2022,26.82
01/02/2022,73.65
01/02/2023,53.71
01/02/2023,45.45
01/02/2023,93.51
01/02/2023,75.63
01/02/2023,55.1
01/02/2023,38.09
01/03/2019,67.55
01/03/2019,67.47
01/03/2019,65.89
01/03/2019,66.41
01/03/2020,32.63
01/03/2020,26.05
01/03/2020,30.58
01/03/2020,17.89
01/03/2021,34.65
01/03/2021,36.73
01/03/2021,11.88
01/03/2021,17.08
01/03/2021,40.8
01/03/2021,33.45
01/03/2022,42.17
01/03/2022,32.8
01/03/2022,43.02
01/03/2022,29.57
01/04/2019,49.62
01/04/2019,66.42
01/04/2019,45.53
01/04/2019,69.82
01/04/2019,56.29
01/04/2019,60.71
01/04/2020,0.04
01/04/2020,0.13
01/04/2020,0.25
01/04/2020,0.04
01/04/2021,14.49
01/04/2021,11.43
01/04/2021,15.29
01/04/2021,19.87
01/04/2022,53.02
01/04/2022,46.24
01/04/2022,21.53
01/04/2022,29.3
01/04/2022,46.54
01/04/2022,42.73
01/05/2019,70.52
01/05/2019,61.68
01/05/2019,53.47
01/05/2019,42.6
01/05/2020,1.03
01/05/2020,1.03
01/05/2020,6.36
01/05/2020,6.84
01/05/2020,4.97
01/05/2020,1.3
01/05/2021,1.63
01/05/2021,1.29
01/05/2021,3.7
01/05/2021,2.06
01/05/2022,56.77
01/05/2022,45.63
01/05/2022,39.65
01/05/2022,58.32
01/06/2019,54.34
01/06/2019,59.39
01/06/2019,54.25
01/06/2019,51.66
01/06/2019,47.79
01/06/2019,58.86
01/06/2020,22.7
01/06/2020,22.77
01/06/2020,6.58
01/06/2020,19.57
01/06/2021,4.27
01/06/2021,1.05
01/06/2021,3.65
01/06/2021,6.32
01/06/2021,3.82
01/06/2021,4.14
01/06/2022,46.84
01/06/2022,40.97
01/06/2022,49.27
01/06/2022,35.34
01/07/2019,56.42
01/07/2019,67.35
01/07/2019,56.72
01/07/2019,54.3
01/07/2020,17.93
01/07/2020,25.7
01/07/2020,10.43
01/07/2020,47.65
01/07/2020,12.45
01/07/2020,33.07
01/07/2021,1.15
01/07/2021,7.13
01/07/2021,3.87
01/07/2021,4.64
01/07/2022,41.45
01/07/2022,39.28
01/07/2022,50.48
01/07/2022,50.45
01/07/2022,47.91
01/07/2022,52.17
01/08/2019,49.24
01/08/2019,62.11
01/08/2019,46.65
01/08/2019,52.28
01/08/2020,21.19
01/08/2020,44.16
01/08/2020,40.76
01/08/2020,43.21
01/08/2020,22.61
01/08/2021,4.91
01/08/2021,1.31
01/08/2021,0.82
01/08/2021,2.01
01/08/2021,1.88
01/08/2022,56.72
01/08/2022,57.8
01/08/2022,52.65
01/08/2022,49.87
01/09/2019,65.71
01/09/2019,54.02
01/09/2019,44.41
01/09/2019,68.95
01/09/2019,59.31
01/09/2019,47.68
01/09/2020,28.63
01/09/2020,30.3
01/09/2020,47.32
01/09/2020,26.79
01/09/2021,4.43
01/09/2021,4.71
01/09/2021,4.29
01/09/2021,8.43
01/09/2021,5.79
01/09/2021,2.35
01/09/2022,48.38
01/09/2022,40.26
01/09/2022,75.15
01/09/2022,53.63
01/10/2019,63.22
01/10/2019,62.0
01/10/2019,51.18
01/10/2019,58.86
01/10/2020,33.06
01/10/2020,37.82
01/10/2020,25.32
01/10/2020,14.53
01/10/2020,36.07
01/10/2020,44.05
01/10/2021,18.86
01/10/2021,30.2
01/10/2021,6.58
01/10/2021,49.03
01/10/2022,43.33
01/10/2022,25.12
01/10/2022,58.73
01/10/2022,47.54
01/10/2022,34.28
01/10/2022,33.44
01/11/2019,57.05
01/11/2019,52.72
01/11/2019,71.02
01/11/2019,50.51
01/11/2020,54.58
01/11/2020,54.72
01/11/2020,58.64
01/11/2020,60.43
01/11/2021,26.53
01/11/2021,21.43
01/11/2021,8.24
01/11/2021,6.85
01/11/2021,29.92
01/11/2021,15.59
01/11/2022,61.28
01/11/2022,39.18
01/11/2022,43.76
01/11/2022,46.61
01/12/2019,65.4
01/12/2019,67.35
01/12/2019,76.89
01/12/2019,91.86
01/12/2019,56.2
01/12/2019,54.39
01/12/2020,30.71
01/12/2020,15.2
01/12/2020,52.59
01/12/2020,54.38
01/12/2021,49.35
01/12/2021,55.92
01/12/2021,56.89
01/12/2021,54.36
01/12/2022,62.13
01/12/2022,64.2
01/12/2022,47.94
01/12/2022,52.28
01/12/2022,61.99
01/12/2022,45.4
01/01/2019,205330.0
01/01/2019,140711.0
01/01/2019,65695.0
01/01/2019,30736.0
01/01/2020,83049.0
01/01/2020,50824.0
01/01/2020,43616.0
01/01/2020,392547.0
01/01/2020,135215.0
01/01/2020,62304.0
01/01/2021,25274.0
01/01/2021,21035.0
01/01/2021,32747.0
01/01/2021,17401.0
01/01/2022,223019.0
01/01/2022,56358.0
01/01/2022,141208.0
01/01/2022,32699.0
01/01/2023,320803.0
01/01/2023,73725.0
01/01/2023,70089.0
01/01/2023,28320.0
01/01/2023,8286.0
01/01/2023,142271.0
01/02/2019,101232.0
01/02/2019,198785.0
01/02/2019,118024.0
01/02/2019,53634.0
01/02/2020,13461.0
01/02/2020,56271.0
01/02/2020,62626.0
01/02/2020,34780.0
01/02/2020,156229.0
01/02/2020,105265.0
01/02/2021,50502.0
01/02/2021,36080.0
01/02/2021,82871.0
01/02/2021,37615.0
01/02/2022,68271.0
01/02/2022,211948.0
01/02/2022,91902.0
01/02/2022,114358.0
01/02/2023,2427838.0
01/02/2023,298484.0
01/02/2023,349766.0
01/02/2023,73095.0
01/02/2023,83983.0
01/02/2023,7684.0
01/03/2019,1310969.0
01/03/2019,120696.0
01/03/2019,23632.0
01/03/2019,85512.0
01/03/2020,4079.0
01/03/2020,2025.0
01/03/2020,119803.0
01/03/2020,23815.0
01/03/2020,7461.0
01/03/2020,25455.0
01/03/2021,17874.0
01/03/2021,121412.0
01/03/2021,15424.0
01/03/2021,111100.0
01/03/2022,22017.0
01/03/2022,63293.0
01/03/2022,66219.0
01/03/2022,88524.0
01/03/2022,6075.0
01/04/2019,3239883.0
01/04/2019,26659.0
01/04/2019,59371.0
01/04/2019,37853.0
01/04/2019,54188.0
01/04/2020,419.0
01/04/2020,10275.0
01/04/2020,1493.0
01/04/2020,408.0
01/04/2021,25328.0
01/04/2021,2858.0
01/04/2021,43419.0
01/04/2021,47781.0
01/04/2021,8934.0
01/04/2021,2157.0
01/04/2022,144927.0
01/04/2022,33186.0
01/04/2022,73923.0
01/04/2022,18917.0
01/05/2019,63594.0
01/05/2019,45558.0
01/05/2019,29401.0
01/05/2019,76571.0
01/05/2019,7296.0
01/05/2019,10113.0
01/05/2020,249.0
01/05/2020,316.0
01/05/2020,1331.0
01/05/2020,1022.0
01/05/2021,35478.0
01/05/2021,42558.0
01/05/2021,5296.0
01/05/2021,6855.0
01/05/2022,15003.0
01/05/2022,62115.0
01/05/2022,111926.0
01/05/2022,45279.0
01/05/2022,44762.0
01/05/2022,61879.0
01/06/2019,83396.0
01/06/2019,437564.0
01/06/2019,68256.0
01/06/2019,51017.0
01/06/2020,8758.0
01/06/2020,8301.0
01/06/2020,110139.0
01/06/2020,5413.0
01/06/2020,2661.0
01/06/2020,1129.0
01/06/2021,1491.0
01/06/2021,1684.0
01/06/2021,73450.0
01/06/2021,12817.0
01/06/2022,54895.0
01/06/2022,277959.0
01/06/2022,120129.0
01/06/2022,38977.0
01/07/2019,55597.0
01/07/2019,24004.0
01/07/2019,277123.0
01/07/2019,413807.0
01/07/2019,30925.0
01/07/2019,87827.0
01/07/2020,127667.0
01/07/2020,56154.0
01/07/2020,17973.0
01/07/2020,42207.0
01/07/2021,672.0
01/07/2021,618.0
01/07/2021,23836.0
01/07/2021,52843.0
01/07/2021,2440.0
01/07/2021,445.0
01/07/2022,54003.0
01/07/2022,30968.0
01/07/2022,55069.0
01/07/2022,306700.0
01/08/2019,51984.0
01/08/2019,60327.0
01/08/2019,18136.0
01/08/2019,108346.0
01/08/2020,57745.0
01/08/2020,42396.0
01/08/2020,9538.0
01/08/2020,41409.0
01/08/2020,56511.0
01/08/2020,19660.0
01/08/2021,20675.0
01/08/2021,1793.0
01/08/2021,4309.0
01/08/2021,1435.0
01/08/2022,65632.0
01/08/2022,24130.0
01/08/2022,25809.0
01/08/2022,262558.0
01/08/2022,76761.0
01/08/2022,47577.0
01/09/2019,62581.0
01/09/2019,64134.0
01/09/2019,90970.0
01/09/2019,36337.0
01/09/2020,188828.0
01/09/2020,43315.0
01/09/2020,92613.0
01/09/2020,13025.0
01/09/2021,6965.0
01/09/2021,16045.0
01/09/2021,6758.0
01/09/2021,687.0
01/09/2021,1968.0
01/09/2021,6105.0
01/09/2022,73494.0
01/09/2022,91665.0
01/09/2022,68666.0
01/09/2022,40015.0
01/10/2019,12656.0
01/10/2019,73200.0
01/10/2019,70618.0
01/10/2019,40215.0
01/10/2019,174153.0
01/10/2019,126455.0
01/10/2020,156175.0
01/10/2020,51359.0
01/10/2020,147641.0
01/10/2020,42963.0
01/10/2021,33133.0
01/10/2021,166596.0
01/10/2021,17531.0
01/10/2021,37534.0
01/10/2022,1666579.0
01/10/2022,52904.0
01/10/2022,79839.0
01/10/2022,129416.0
01/10/2022,39314.0
01/10/2022,24047.0
01/11/2019,1319409.0
01/11/2019,132847.0
01/11/2019,24251.0
01/11/2019,129692.0
01/11/2020,8942.0
01/11/2020,4972.0
01/11/2020,104288.0
01/11/2020,54052.0
01/11/2020,27863.0
01/11/2020,141007.0
01/11/2021,34877.0
01/11/2021,134273.0
01/11/2021,14542.0
01/11/2021,87300.0
01/11/2022,26741.0
01/11/2022,69905.0
01/11/2022,82118.0
01/11/2022,138675.0
01/11/2022,7530.0
01/12/2019,3335728.0
01/12/2019,19236.0
01/12/2019,46519.0
01/12/2019,35432.0
01/12/2019,43001.0
01/12/2020,318247.0
01/12/2020,528203.0
01/12/2020,43286.0
01/12/2020,16547.0
01/12/2021,68813.0
01/12/2021,10653.0
01/12/2021,71975.0
01/12/2021,103356.0
01/12/2021,78145.0
01/12/2021,27628.0
01/12/2022,260807.0
01/12/2022,40958.0
01/12/2022,99249.0
01/12/2022,20570.0
01/01/2019,109253.0
01/01/2019,270438.0
01/01/2019,64359.0
01/01/2019,189826.0
01/01/2019,21790.0
01/01/2019,36343.0
01/01/2020,115989.0
01/01/2020,20886.0
01/01/2020,159289.0
01/01/2020,62442.0
01/01/2021,224595.0
01/01/2021,270283.0
01/01/2021,20824.0
01/01/2021,56736.0
01/01/2022,53856.0
01/01/2022,207455.0
01/01/2022,150822.0
01/01/2022,120090.0
01/01/2022,66730.0
01/01/2022,159734.0
01/01/2023,100643.0
01/01/2023,399136.0
01/01/2023,95628.0
01/01/2023,89179.0
01/02/2019,383666.0
01/02/2019,110685.0
01/02/2019,1013231.0
01/02/2019,58683.0
01/02/2019,50196.0
01/02/2019,20377.0
01/02/2020,98829.0
01/02/2020,90369.0
01/02/2020,747501.0
01/02/2020,137005.0
01/02/2021,135782.0
01/02/2021,448354.0
01/02/2021,84124.0
01/02/2021,48250.0
01/02/2022,279836.0
01/02/2022,55261.0
01/02/2022,108113.0
01/02/2022,121047.0
01/02/2022,77116.0
01/02/2022,55530.0
01/02/2023,131283.0
01/02/2023,99191.0
01/02/2023,98421.0
01/02/2023,88505.0
01/03/2019,211911.0
01/03/2019,408778.0
01/03/2019,291144.0
01/03/2019,847850.0
01/03/2019,102171.0
01/03/2019,54505.0
01/03/2020,51544.0
01/03/2020,33188.0
01/03/2020,26771.0
01/03/2020,210672.0
01/03/2021,141951.0
01/03/2021,244088.0
01/03/2021,32320.0
01/03/2021,90644.0
01/03/2022,551475.0
01/03/2022,297382.0
01/03/2022,22292.0
01/03/2022,118958.0
01/03/2022,127716.0
01/03/2022,85743.0
01/04/2019,213856.0
01/04/2019,248112.0
01/04/2019,72773.0
01/04/2019,70487.0
01/04/2020,0.0
01/04/2020,163.0
01/04/2020,589.0
01/04/2020,2113.0
01/04/2020,98.0
01/04/2020,70.0
01/04/2021,50714.0
01/04/2021,40640.0
01/04/2021,40561.0
01/04/2021,27584.0
01/04/2022,978729.0
01/04/2022,340004.0
01/04/2022,205734.0
01/04/2022,81290.0
01/05/2019,199924.0
01/05/2019,675175.0
01/05/2019,389122.0
01/05/2019,63667.0
01/05/2019,69734.0
01/05/2019,168175.0
01/05/2020,0.0
01/05/2020,293.0
01/05/2020,629.0
01/05/2020,1988.0
01/05/2021,2679.0
01/05/2021,3634.0
01/05/2021,5525.0
01/05/2021,8775.0
01/05/2021,11676.0
01/05/2021,17785.0
01/05/2022,346773.0
01/05/2022,52622.0
01/05/2022,284363.0
01/05/2022,83662.0
01/06/2019,162225.0
01/06/2019,717779.0
01/06/2019,182675.0
01/06/2019,266099.0
01/06/2020,878018.0
01/06/2020,19370.0
01/06/2020,2999.0
01/06/2020,96626.0
01/06/2020,14353.0
01/06/2020,14020.0
01/06/2021,41441.0
01/06/2021,20687.0
01/06/2021,7266.0
01/06/2021,8603.0
01/06/2022,46650.0
01/06/2022,54735.0
01/06/2022,290943.0
01/06/2022,129183.0
01/06/2022,54086.0
01/06/2022,268696.0
01/07/2019,167791.0
01/07/2019,811130.0
01/07/2019,88840.0
01/07/2019,380020.0
01/07/2020,234565.0
01/07/2020,181836.0
01/07/2020,71230.0
01/07/2020,92466.0
01/07/2020,13453.0
01/07/2021,169121.0
01/07/2021,585.0
01/07/2021,529.0
01/07/2021,2664.0
01/07/2021,5772.0
01/07/2022,756385.0
01/07/2022,1142238.0
01/07/2022,132178.0
01/07/2022,95180.0
01/08/2019,468164.0
01/08/2019,34859.0
01/08/2019,219355.0
01/08/2019,569418.0
01/08/2019,182424.0
01/08/2019,36025.0
01/08/2020,208281.0
01/08/2020,98646.0
01/08/2020,37414.0
01/08/2020,40650.0
01/08/2021,1338.0
01/08/2021,1995.0
01/08/2021,6914.0
01/08/2021,15946.0
01/08/2021,1440.0
01/08/2021,1487.0
01/08/2022,92041.0
01/08/2022,22400.0
01/08/2022,215926.0
01/08/2022,43376.0
01/09/2019,628587.0
01/09/2019,485736.0
01/09/2019,64103.0
01/09/2019,88290.0
01/09/2020,38038.0
01/09/2020,182255.0
01/09/2020,300387.0
01/09/2020,51065.0
01/09/2020,67589.0
01/09/2020,100287.0
01/09/2021,7010.0
01/09/2021,24688.0
01/09/2021,6514.0
01/09/2021,21353.0
01/09/2022,207476.0
01/09/2022,37932.0
01/09/2022,629097.0
01/09/2022,59625.0
01/09/2022,37146.0
01/09/2022,17002.0
01/10/2019,74448.0
01/10/2019,102466.0
01/10/2019,929863.0
01/10/2019,407861.0
01/10/2020,215680.0
01/10/2020,595218.0
01/10/2020,154372.0
01/10/2020,50003.0
01/10/2021,62770.0
01/10/2021,25249.0
01/10/2021,6644.0
01/10/2021,9362.0
01/10/2021,29110.0
01/10/2021,19225.0
01/10/2022,138965.0
01/10/2022,86810.0
01/10/2022,79095.0
01/10/2022,84108.0
01/11/2019,171277.0
01/11/2019,220742.0
01/11/2019,375804.0
01/11/2019,1249167.0
01/11/2019,118513.0
01/11/2019,45637.0
01/11/2020,59481.0
01/11/2020,23731.0
01/11/2020,89246.0
01/11/2020,618902.0
01/11/2021,103736.0
01/11/2021,279513.0
01/11/2021,52329.0
01/11/2021,134305.0
01/11/2022,804102.0
01/11/2022,391329.0
01/11/2022,45270.0
01/11/2022,169617.0
01/11/2022,162782.0
01/11/2022,68570.0
01/12/2019,199433.0
01/12/2019,238714.0
01/12/2019,109443.0
01/12/2019,76788.0
01/12/2020,148483.0
01/12/2020,92686.0
01/12/2020,65543.0
01/12/2020,267702.0
01/12/2020,181451.0
01/12/2020,121130.0
01/12/2021,39244.0
01/12/2021,91461.0
01/12/2021,99618.0
01/12/2021,101214.0
01/12/2022,1163685.0
01/12/2022,514438.0
01/12/2022,278428.0
01/12/2022,106813.0
01/01/2019,266301.0
01/01/2019,561553.0
01/01/2019,373158.0
01/01/2019,24265.0
01/01/2019,83928.0
01/01/2019,209451.0
01/01/2020,293389.0
01/01/2020,126273.0
01/01/2020,98387.0
01/01/2020,121682.0
01/01/2021,26723.0
01/01/2021,67342.0
01/01/2021,39744.0
01/01/2021,20822.0
01/01/2021,104169.0
01/01/2021,143261.0
01/01/2022,165798.0
01/01/2022,46501.0
01/01/2022,285370.0
01/01/2022,96703.0
01/01/2023,386177.0
01/01/2023,400496.0
01/01/2023,98527.0
01/01/2023,167863.0
01/02/2019,2919922.0
01/02/2019,254213.0
01/02/2019,11355.0
01/02/2019,305351.0
01/02/2019,177964.0
01/02/2019,75073.0
01/02/2020,329571.0
01/02/2020,257162.0
01/02/2020,79719.0
01/02/2020,74330.0
01/02/2021,27336.0
01/02/2021,39898.0
01/02/2021,70067.0
01/02/2021,69494.0
01/02/2021,26009.0
01/02/2021,148869.0
01/02/2022,82673.0
01/02/2022,161030.0
01/02/2022,49451.0
01/02/2022,240987.0
01/02/2023,718340.0
01/02/2023,242191.0
01/02/2023,112853.0
01/02/2023,87088.0
01/02/2023,407653.0
01/03/2019,3097209.0
01/03/2019,24636.0
01/03/2019,6902.0
01/03/2019,63334.0
01/03/2019,188483.0
01/03/2020,194789.0
01/03/2020,360208.0
01/03/2020,44585.0
01/03/2020,35831.0
01/03/2021,182747.0
01/03/2021,29344.0
01/03/2021,137933.0
01/03/2021,90236.0
01/03/2021,127950.0
01/03/2021,36657.0
01/03/2022,162472.0
01/03/2022,80694.0
01/03/2022,100785.0
01/03/2022,51215.0
01/04/2019,89280.0
01/04/2019,308646.0
01/04/2019,73983.0
01/04/2019,215977.0
01/04/2019,23089.0
01/04/2019,23792.0
01/04/2020,74.0
01/04/2020,0.0
01/04/2020,117.0
01/04/2020,0.0
01/04/2021,385488.0
01/04/2021,275243.0
01/04/2021,62067.0
01/04/2021,87577.0
01/04/2022,71460.0
01/04/2022,235156.0
01/04/2022,135441.0
01/04/2022,88426.0
01/04/2022,66347.0
01/04/2022,139395.0
01/05/2019,153539.0
01/05/2019,699836.0
01/05/2019,103951.0
01/05/2019,80269.0
01/05/2020,0.0
01/05/2020,939.0
01/05/2020,11629.0
01/05/2020,1867.0
01/05/2020,739.0
01/05/2020,657.0
01/05/2021,1678.0
01/05/2021,1501.0
01/05/2021,94599.0
01/05/2021,19899.0
01/05/2022,290114.0
01/05/2022,749348.0
01/05/2022,158722.0
01/05/2022,91441.0
01/06/2019,330589.0
01/06/2019,77342.0
01/06/2019,164162.0
01/06/2019,234785.0
01/06/2019,136750.0
01/06/2019,97476.0
01/06/2020,98644.0
01/06/2020,29215.0
01/06/2020,14232.0
01/06/2020,36779.0
01/06/2021,1645.0
01/06/2021,2895.0
01/06/2021,26054.0
01/06/2021,79438.0
01/06/2021,5542.0
01/06/2021,1630.0
01/06/2022,72322.0
01/06/2022,38757.0
01/06/2022,107587.0
01/06/2022,473498.0
01/07/2019,137880.0
01/07/2019,210391.0
01/07/2019,50637.0
01/07/2019,143080.0
01/07/2020,342138.0
01/07/2020,113819.0
01/07/2020,9596.0
01/07/2020,44913.0
01/07/2020,95372.0
01/07/2020,69681.0
01/07/2021,17038.0
01/07/2021,3515.0
01/07/2021,5713.0
01/07/2021,2109.0
01/07/2022,227534.0
01/07/2022,112539.0
01/07/2022,68916.0
01/07/2022,365046.0
01/07/2022,177251.0
01/07/2022,127618.0
01/08/2019,96133.0
01/08/2019,55525.0
01/08/2019,206169.0
01/08/2019,90300.0
01/08/2020,639769.0
01/08/2020,106969.0
01/08/2020,139408.0
01/08/2020,33518.0
01/08/2021,7028.0
01/08/2021,16958.0
01/08/2021,7996.0
01/08/2021,421.0
01/08/2021,2700.0
01/08/2021,5778.0
01/08/2022,112163.0
01/08/2022,99243.0
01/08/2022,76117.0
01/08/2022,77497.0
01/09/2019,57042.0
01/09/2019,169738.0
01/09/2019,72975.0
01/09/2019,41204.0
01/09/2019,305434.0
01/09/2019,107295.0
01/09/2020,161848.0
01/09/2020,69178.0
01/09/2020,244002.0
01/09/2020,89038.0
01/09/2021,30897.0
01/09/2021,190728.0
01/09/2021,18741.0
01/09/2021,33466.0
01/09/2022,2495479.0
01/09/2022,319139.0
01/09/2022,80227.0
01/09/2022,189010.0
01/09/2022,132702.0
01/09/2022,48278.0
01/10/2019,710207.0
01/10/2019,184123.0
01/10/2019,105107.0
01/10/2019,86583.0
01/10/2020,28431.0
01/10/2020,33934.0
01/10/2020,140210.0
01/10/2020,76676.0
01/10/2020,42775.0
01/10/2020,295516.0
01/10/2021,10519.0
01/10/2021,64142.0
01/10/2021,31863.0
01/10/2021,78172.0
01/10/2022,393702.0
01/10/2022,129841.0
01/10/2022,156894.0
01/10/2022,154135.0
01/10/2022,26456.0
01/11/2019,4087756.0
01/11/2019,23318.0
01/11/2019,12062.0
01/11/2019,67008.0
01/11/2019,145406.0
01/11/2020,546754.0
01/11/2020,947283.0
01/11/2020,135280.0
01/11/2020,106248.0
01/11/2021,116387.0
01/11/2021,22402.0
01/11/2021,43267.0
01/11/2021,27595.0
01/11/2021,88064.0
01/11/2021,13531.0
01/11/2022,288507.0
01/11/2022,102026.0
01/11/2022,127803.0
01/11/2022,54415.0
01/12/2019,191708.0
01/12/2019,289895.0
01/12/2019,90439.0
01/12/2019,171236.0
01/12/2019,40949.0
01/12/2019,45772.0
01/12/2020,50449.0
01/12/2020,10795.0
01/12/2020,139976.0
01/12/2020,65449.0
01/12/2021,595951.0
01/12/2021,593435.0
01/12/2021,90937.0
01/12/2021,146727.0
01/12/2022,79056.0
01/12/2022,287317.0
01/12/2022,166390.0
01/12/2022,80374.0
01/12/2022,104148.0
01/12/2022,175542.0
01/01/2019,13125.0
01/01/2019,69188.0
01/01/2019,43029.0
01/01/2019,2204.0
01/01/2020,196786.0
01/01/2020,421.0
01/01/2020,309958.0
01/01/2020,570.0
01/01/2020,1506.0
01/01/2020,789.0
01/01/2021,47.0
01/01/2021,13.0
01/01/2021,554.0
01/01/2021,30.0
01/01/2022,380.0
01/01/2022,299.0
01/01/2022,925.0
01/01/2022,485.0
01/01/2023,39040.0
01/01/2023,11567.0
01/01/2023,2485.0
01/01/2023,903.0
01/01/2023,442.0
01/01/2023,10717.0
01/02/2019,2698.0
01/02/2019,11198.0
01/02/2019,257.0
01/02/2019,42080.0
01/02/2020,8892.0
01/02/2020,99963.0
01/02/2020,34484.0
01/02/2020,165688.0
01/02/2020,267.0
01/02/2020,1416.0
01/02/2021,38.0
01/02/2021,32.0
01/02/2021,49.0
01/02/2021,925.0
01/02/2022,263.0
01/02/2022,383.0
01/02/2022,1424.0
01/02/2022,1292.0
01/02/2023,3854.0
01/02/2023,46444.0
01/02/2023,27580.0
01/02/2023,2609.0
01/02/2023,41885.0
01/02/2023,414.0
01/03/2019,77346.0
01/03/2019,1787.0
01/03/2019,760.0
01/03/2019,296.0
01/03/2020,2704.0
01/03/2020,1954.0
01/03/2020,183.0
01/03/2020,8385.0
01/03/2020,2984.0
01/03/2020,26.0
01/03/2021,0.0
01/03/2021,31.0
01/03/2021,66.0
01/03/2021,68.0
01/03/2022,2915.0
01/03/2022,259.0
01/03/2022,1406.0
01/03/2022,1829.0
01/04/2019,1371.0
01/04/2019,187925.0
01/04/2019,3809.0
01/04/2019,43305.0
01/04/2019,761.0
01/04/2019,3193.0
01/04/2020,0.0
01/04/2020,592.0
01/04/2020,188.0
01/04/2020,17.0
01/04/2021,0.0
01/04/2021,125.0
01/04/2021,589.0
01/04/2021,81.0
01/04/2021,20.0
01/04/2021,14.0
01/04/2022,120317.0
01/04/2022,0.0
01/04/2022,1246.0
01/04/2022,212.0
01/05/2019,4678.0
01/05/2019,38074.0
01/05/2019,1391.0
01/05/2019,10606.0
01/05/2020,137546.0
01/05/2020,0.0
01/05/2020,57.0
01/05/2020,0.0
01/05/2020,0.0
01/05/2020,2.0
01/05/2021,707.0
01/05/2021,56.0
01/05/2021,125.0
01/05/2021,268.0
01/05/2022,169.0
01/05/2022,0.0
01/05/2022,50157.0
01/05/2022,1000.0
01/05/2022,402.0
01/05/2022,1191.0
01/06/2019,17799.0
01/06/2019,884389.0
01/06/2019,325.0
01/06/2019,6412.0
01/06/2020,0.0
01/06/2020,0.0
01/06/2020,524.0
01/06/2020,160.0
01/06/2020,0.0
01/06/2021,25873.0
01/06/2021,0.0
01/06/2021,0.0
01/06/2021,0.0
01/06/2021,0.0
01/06/2022,8646.0
01/06/2022,90031.0
01/06/2022,680.0
01/06/2022,1457.0
01/07/2019,15476.0
01/07/2019,373.0
01/07/2019,192061.0
01/07/2019,329728.0
01/07/2019,48410.0
01/07/2019,500.0
01/07/2020,0.0
01/07/2020,0.0
01/07/2020,53.0
01/07/2020,0.0
01/07/2021,0.0
01/07/2021,0.0
01/07/2021,0.0
01/07/2021,0.0
01/07/2021,0.0
01/07/2021,0.0
01/07/2022,558.0
01/07/2022,1487.0
01/07/2022,1563.0
01/07/2022,722.0
01/08/2019,30213.0
01/08/2019,89980.0
01/08/2019,2717.0
01/08/2019,6792.0
01/08/2020,0.0
01/08/2020,0.0
01/08/2020,283.0
01/08/2020,494.0
01/08/2020,46.0
01/08/2020,126.0
01/08/2021,0.0
01/08/2021,226.0
01/08/2021,0.0
01/08/2021,34.0
01/08/2022,41680.0
01/08/2022,193.0
01/08/2022,70635.0
01/08/2022,83.0
01/08/2022,143.0
01/08/2022,163.0
01/09/2019,5067.0
01/09/2019,11958.0
01/09/2019,13141.0
01/09/2019,3333.0
01/09/2020,1358.0
01/09/2020,434.0
01/09/2020,450.0
01/09/2020,0.0
01/09/2021,43.0
01/09/2021,0.0
01/09/2021,174.0
01/09/2021,0.0
01/09/2021,0.0
01/09/2021,27.0
01/09/2022,169.0
01/09/2022,175.0
01/09/2022,28.0
01/09/2022,8132.0
01/10/2019,42099.0
01/10/2019,56641.0
01/10/2019,48527.0
01/10/2019,269607.0
01/10/2019,388.0
01/10/2019,902.0
01/10/2020,0.0
01/10/2020,0.0
01/10/2020,94.0
01/10/2020,1629.0
01/10/2021,0.0
01/10/2021,0.0
01/10/2021,0.0
01/10/2021,58.0
01/10/2022,26454.0
01/10/2022,1517.0
01/10/2022,18023.0
01/10/2022,28678.0
01/10/2022,1000.0
01/10/2022,351.0
01/11/2019,48947.0
01/11/2019,3934.0
01/11/2019,668.0
01/11/2019,541.0
01/11/2020,598.0
01/11/2020,293.0
01/11/2020,241.0
01/11/2020,1810.0
01/11/2020,66.0
01/11/2020,75.0
01/11/2021,0.0
01/11/2021,0.0
01/11/2021,79.0
01/11/2021,19.0
01/11/2022,12449.0
01/11/2022,4259.0
01/11/2022,6832.0
01/11/2022,3814.0
01/12/2019,2074.0
01/12/2019,179208.0
01/12/2019,8063.0
01/12/2019,32914.0
01/12/2019,361.0
01/12/2019,5749.0
01/12/2020,349.0
01/12/2020,564.0
01/12/2020,898.0
01/12/2020,0.0
01/12/2021,0.0
01/12/2021,1293.0
01/12/2021,382.0
01/12/2021,286.0
01/12/2021,672.0
01/12/2021,40.0
01/12/2022,511243.0
01/12/2022,805.0
01/12/2022,8080.0
01/12/2022,455.0
01/01/2019,450.01
01/01/2019,2695.15
01/01/2019,715.4
01/01/2019,989.88
01/01/2020,88202.89
01/01/2020,413.57
01/01/2020,227.8
01/01/2020,1182.12
01/01/2020,350.12
01/01/2020,112.93
01/01/2021,148.13
01/01/2021,0.0
01/01/2021,43.85
01/01/2021,102.57
01/01/2022,53.26
01/01/2022,46.7
01/01/2022,1203.95
01/01/2022,492.46
01/01/2022,105.27
01/01/2022,389.32
01/01/2023,341.97
01/01/2023,2030.19
01/01/2023,60.0
01/01/2023,945.21
01/02/2019,277.81
01/02/2019,317.8
01/02/2019,330.72
01/02/2019,627.91
01/02/2019,38.56
01/02/2020,48826.43
01/02/2020,73.31
01/02/2020,130.14
01/02/2020,70.3
01/02/2020,312.91
01/02/2021,1371.19
01/02/2021,415.47
01/02/2021,198.56
01/02/2021,71.74
01/02/2022,252.33
01/02/2022,58.36
01/02/2022,465.96
01/02/2022,1404.28
01/02/2022,162.96
01/02/2022,74.97
01/02/2023,1410.47
01/02/2023,324.38
01/02/2023,127.98
01/02/2023,86.99
01/03/2019,164.79
01/03/2019,289.3
01/03/2019,128.7
01/03/2019,307.97
01/03/2019,39.07
01/03/2019,35.77
01/03/2020,165.94
01/03/2020,44.62
01/03/2020,44.81
01/03/2020,16.98
01/03/2021,1921.14
01/03/2021,1575.88
01/03/2021,119.1
01/03/2021,233.73
01/03/2022,84.44
01/03/2022,266.76
01/03/2022,746.46
01/03/2022,487.43
01/03/2022,104.45
01/03/2022,190.9
01/04/2019,505.79
01/04/2019,3113.67
01/04/2019,309.9
01/04/2019,271.14
01/04/2020,0.0
01/04/2020,0.41
01/04/2020,41.14
01/04/2020,0.98
01/04/2020,0.0
01/04/2020,0.01
01/04/2021,129.73
01/04/2021,179.92
01/04/2021,593.28
01/04/2021,76.72
01/04/2022,349.71
01/04/2022,2078.61
01/04/2022,463.06
01/04/2022,198.48
01/05/2019,487.28
01/05/2019,130.41
01/05/2019,7839.31
01/05/2019,5206.62
01/05/2019,182.84
01/05/2019,212.74
01/05/2020,5.31
01/05/2020,3.64
01/05/2020,1.49
01/05/2020,7.38
01/05/2021,4.02
01/05/2021,5.54
01/05/2021,148.47
01/05/2021,532.29
01/05/2021,4.57
01/05/2021,0.87
01/05/2022,317.62
01/05/2022,93.14
01/05/2022,145.27
01/05/2022,758.6
01/06/2019,190.84
01/06/2019,376.85
01/06/2019,63.17
01/06/2019,538.53
01/06/2020,88.51
01/06/2020,37.05
01/06/2020,17.91
01/06/2020,342.82
01/06/2020,11.37
01/06/2020,58.99
01/06/2021,87.57
01/06/2021,7.18
01/06/2021,6.27
01/06/2021,2.92
01/06/2022,233.69
01/06/2022,125.07
01/06/2022,109.3
01/06/2022,2248.72
01/06/2022,244.26
01/06/2022,156.56
01/07/2019,326.65
01/07/2019,409.61
01/07/2019,223.36
01/07/2019,165.18
01/07/2020,1497.22
01/07/2020,138.01
01/07/2020,292.27
01/07/2020,68.78
01/07/2021,5.43
01/07/2021,29.32
01/07/2021,21.36
01/07/2021,0.9
01/07/2021,1.55
01/07/2021,3.52
01/07/2022,382.11
01/07/2022,710.65
01/07/2022,355.82
01/07/2022,104.89
01/08/2019,59.69
01/08/2019,302.07
01/08/2019,247.04
01/08/2019,74.01
01/08/2019,1040.1
01/08/2019,432.61
01/08/2020,979.57
01/08/2020,150.19
01/08/2020,679.55
01/08/2020,57.23
01/08/2021,8.17
01/08/2021,36.0
01/08/2021,22.86
01/08/2021,42.84
01/08/2022,33665.04
01/08/2022,392.42
01/08/2022,182.74
01/08/2022,484.81
01/08/2022,199.12
01/08/2022,64.28
01/09/2019,12378.57
01/09/2019,520.93
01/09/2019,85.05
01/09/2019,211.64
01/09/2020,27.23
01/09/2020,29.17
01/09/2020,755.05
01/09/2020,182.38
01/09/2020,43.3
01/09/2020,606.49
01/09/2021,8.66
01/09/2021,1946.28
01/09/2021,3.49
01/09/2021,47.34
01/09/2022,423.63
01/09/2022,145.93
01/09/2022,343.57
01/09/2022,423.28
01/09/2022,17.13
01/10/2019,87753.82
01/10/2019,75.03
01/10/2019,302.99
01/10/2019,97.82
01/10/2019,275.4
01/10/2020,2156.42
01/10/2020,3575.32
01/10/2020,315.58
01/10/2020,109.84
01/10/2021,39.63
01/10/2021,18.66
01/10/2021,134.81
01/10/2021,64.36
01/10/2021,20.14
01/10/2021,7.52
01/10/2022,864.43
01/10/2022,333.83
01/10/2022,267.96
01/10/2022,55.61
01/11/2019,371.71
01/11/2019,517.44
01/11/2019,151.22
01/11/2019,360.68
01/11/2019,58.64
01/11/2019,44.25
01/11/2020,241.6
01/11/2020,38.09
01/11/2020,278.3
01/11/2020,94.86
01/11/2021,1136.97
01/11/2021,1440.63
01/11/2021,70.71
01/11/2021,204.45
01/11/2022,89.15
01/11/2022,385.38
01/11/2022,1733.84
01/11/2022,558.21
01/11/2022,187.86
01/11/2022,339.5
01/12/2019,449.64
01/12/2019,4450.59
01/12/2019,535.07
01/12/2019,236.62
01/12/2020,212.9
01/12/2020,8.96
01/12/2020,6944.19
01/12/2020,106.48
01/12/2020,42.11
01/12/2020,40.65
01/12/2021,54.48
01/12/2021,233.71
01/12/2021,884.08
01/12/2021,219.31
01/12/2022,699.27
01/12/2022,2513.28
01/12/2022,835.25
01/12/2022,277.91
01/01/2019,336.19
01/01/2019,100.9
01/01/2019,2989.4
01/01/2019,3605.37
01/01/2019,278.84
01/01/2019,335.08
01/01/2020,803.89
01/01/2020,456.38
01/01/2020,138.69
01/01/2020,192.94
01/01/2021,65.14
01/01/2021,55.57
01/01/2021,749.57
01/01/2021,2076.11
01/01/2021,81.03
01/01/2021,31.69
01/01/2022,238.91
01/01/2022,99.82
01/01/2022,114.68
01/01/2022,733.35
01/01/2023,68.71
01/01/2023,744.16
01/01/2023,152.14
01/01/2023,135.54
01/02/2019,861.31
01/02/2019,290.07
01/02/2019,88.33
01/02/2019,5225.45
01/02/2019,391.93
01/02/2019,249.82
01/02/2020,598.74
01/02/2020,607.28
01/02/2020,185.41
01/02/2020,119.21
01/02/2021,96.25
01/02/2021,80.56
01/02/2021,41.07
01/02/2021,757.76
01/02/2021,213.44
01/02/2021,122.61
01/02/2022,39.94
01/02/2022,307.48
01/02/2022,116.75
01/02/2022,126.04
01/02/2023,584.66
01/02/2023,63.13
01/02/2023,415.16
01/02/2023,122.3
01/03/2019,430.45
01/03/2019,967.88
01/03/2019,1108.65
01/03/2019,77.75
01/03/2019,87.74
01/03/2019,370.73
01/03/2020,227.01
01/03/2020,289.69
01/03/2020,108.54
01/03/2020,63.34
01/03/2021,60.38
01/03/2021,120.92
01/03/2021,430.89
01/03/2021,65.89
01/03/2021,551.74
01/03/2021,249.85
01/03/2022,1352.01
01/03/2022,40.95
01/03/2022,617.85
01/03/2022,126.97
01/04/2019,430.31
01/04/2019,1964.05
01/04/2019,703.08
01/04/2019,574.75
01/04/2020,434.06
01/04/2020,0.07
01/04/2020,0.0
01/04/2020,0.22
01/04/2020,0.07
01/04/2020,0.0
01/04/2021,845.21
01/04/2021,344.88
01/04/2021,87.4
01/04/2021,142.17
01/04/2022,70.16
01/04/2022,59.74
01/04/2022,1517.75
01/04/2022,585.46
01/04/2022,76.13
01/04/2022,451.4
01/05/2019,511.07
01/05/2019,1055.08
01/05/2019,111.66
01/05/2019,1198.66
01/05/2020,0.64
01/05/2020,5.54
01/05/2020,12.44
01/05/2020,13.92
01/05/2020,0.17
01/05/2021,1068.55
01/05/2021,3.33
01/05/2021,4.95
01/05/2021,4.65
01/05/2021,7.88
01/05/2022,2495.43
01/05/2022,5609.66
01/05/2022,285.51
01/05/2022,113.71
01/06/2019,378.98
01/06/2019,74.58
01/06/2019,357.79
01/06/2019,1325.91
01/06/2019,402.1
01/06/2019,71.84
01/06/2020,328.7
01/06/2020,81.2
01/06/2020,49.64
01/06/2020,15.35
01/06/2021,1.5
01/06/2021,4.53
01/06/2021,7.8
01/06/2021,30.3
01/06/2021,2.65
01/06/2021,2.1
01/06/2022,261.82
01/06/2022,43.5
01/06/2022,418.51
01/06/2022,40.45
01/07/2019,2011.28
01/07/2019,1819.61
01/07/2019,116.51
01/07/2019,274.08
01/07/2020,34.43
01/07/2020,187.78
01/07/2020,2226.72
01/07/2020,114.91
01/07/2020,92.27
01/07/2020,184.92
01/07/2021,5.79
01/07/2021,62.38
01/07/2021,7.09
01/07/2021,13.99
01/07/2022,191.91
01/07/2022,53.89
01/07/2022,3692.97
01/07/2022,89.43
01/07/2022,39.54
01/07/2022,19.38
01/08/2019,315.7
01/08/2019,612.03
01/08/2019,1934.71
01/08/2019,222.96
01/08/2020,154.5
01/08/2020,1373.9
01/08/2020,216.49
01/08/2020,54.41
01/08/2021,9.51
01/08/2021,3.61
01/08/2021,16.37
01/08/2021,5.1
01/08/2021,2.52
01/08/2021,7.35
01/08/2022,285.32
01/08/2022,216.81
01/08/2022,114.18
01/08/2022,143.27
01/09/2019,123.49
01/09/2019,251.71
01/09/2019,1367.96
01/09/2019,3197.23
01/09/2019,167.64
01/09/2019,42.54
01/09/2020,243.62
01/09/2020,96.03
01/09/2020,100.1
01/09/2020,1195.9
01/09/2021,36.19
01/09/2021,31.6
01/09/2021,18.08
01/09/2021,51.53
01/09/2022,962.48
01/09/2022,466.55
01/09/2022,49.08
01/09/2022,1034.14
01/09/2022,280.96
01/09/2022,83.32
01/10/2019,965.53
01/10/2019,522.57
01/10/2019,153.43
01/10/2019,133.23
01/10/2020,141.15
01/10/2020,125.82
01/10/2020,109.97
01/10/2020,1562.54
01/10/2020,250.34
01/10/2020,216.69
01/10/2021,3.69
01/10/2021,30.77
01/10/2021,19.64
01/10/2021,20.64
01/10/2022,1814.0
01/10/2022,397.07
01/10/2022,532.47
01/10/2022,150.71
01/11/2019,605.99
01/11/2019,1224.51
01/11/2019,1041.29
01/11/2019,72.19
01/11/2019,133.52
01/11/2019,451.7
01/11/2020,463.08
01/11/2020,770.68
01/11/2020,417.65
01/11/2020,139.88
01/11/2021,23.71
01/11/2021,102.73
01/11/2021,157.11
01/11/2021,57.78
01/11/2021,213.37
01/11/2021,154.29
01/11/2022,1810.95
01/11/2022,65.92
01/11/2022,980.27
01/11/2022,105.74
01/12/2019,393.71
01/12/2019,2575.45
01/12/2019,740.68
01/12/2019,811.49
01/12/2020,11958.58
01/12/2020,373.26
01/12/2020,259.36
01/12/2020,1074.08
01/12/2020,146.0
01/12/2020,111.06
01/12/2021,4221.38
01/12/2021,404.93
01/12/2021,114.78
01/12/2021,372.84
01/12/2022,73.54
01/12/2022,69.45
01/12/2022,1669.54
01/12/2022,442.56
01/12/2022,81.06
01/12/2022,553.34
01/01/2019,97.91
01/01/2019,50557.61
01/01/2019,1.16
01/01/2019,24.44
01/01/2020,4.74
01/01/2020,9.97
01/01/2020,8.38
01/01/2020,20.29
01/01/2020,0.2
01/01/2021,1092.28
01/01/2021,0.0
01/01/2021,0.0
01/01/2021,0.0
01/01/2021,0.0
01/01/2022,23.17
01/01/2022,1028.18
01/01/2022,3.63
01/01/2022,1.85
01/01/2023,19.85
01/01/2023,104.71
01/01/2023,101.68
01/01/2023,1140.47
01/01/2023,10.53
01/01/2023,22.22
01/02/2019,430.4
01/02/2019,81.81
01/02/2019,12.42
01/02/2019,0.95
01/02/2020,0.52
01/02/2020,1.8
01/02/2020,0.58
01/02/2020,8.43
01/02/2020,1.66
01/02/2020,0.17
01/02/2021,0.03
01/02/2021,0.0
01/02/2021,0.24
01/02/2021,0.0
01/02/2022,1.87
01/02/2022,36.95
01/02/2022,1.34
01/02/2022,2.51
01/02/2023,51.67
01/02/2023,23.83
01/02/2023,0.74
01/02/2023,128.21
01/02/2023,29.88
01/02/2023,9.69
01/03/2019,25.75
01/03/2019,416.11
01/03/2019,127.66
01/03/2019,10.06
01/03/2020,20.18
01/03/2020,0.03
01/03/2020,763.75
01/03/2020,0.03
01/03/2020,0.03
01/03/2020,0.18
01/03/2021,0.16
01/03/2021,0.06
01/03/2021,4.33
01/03/2021,0.34
01/03/2022,0.42
01/03/2022,2.09
01/03/2022,5.65
01/03/2022,1.47
01/04/2019,7.79
01/04/2019,0.82
01/04/2019,6011.39
01/04/2019,3381.37
01/04/2019,4.8
01/04/2019,8.9
01/04/2020,0.0
01/04/2020,1.11
01/04/2020,0.0
01/04/2020,1.65
01/04/2021,0.36
01/04/2021,0.27
01/04/2021,6.21
01/04/2021,35.5
01/04/2021,0.02
01/04/2021,0.0
01/04/2022,1.71
01/04/2022,1.7
01/04/2022,1.87
01/04/2022,10.96
01/05/2019,5.67
01/05/2019,6.84
01/05/2019,1.31
01/05/2019,9.25
01/05/2020,0.0
01/05/2020,0.0
01/05/2020,0.0
01/05/2020,12.85
01/05/2020,0.0
01/05/2020,0.0
01/05/2021,1.77
01/05/2021,0.0
01/05/2021,0.0
01/05/2021,0.0
01/05/2022,8.17
01/05/2022,1.66
01/05/2022,1.25
01/05/2022,58.92
01/05/2022,0.63
01/05/2022,1.1
01/06/2019,6.11
01/06/2019,70.61
01/06/2019,2.27
01/06/2019,11.48
01/06/2020,0.0
01/06/2020,0.0
01/06/2020,0.63
01/06/2020,0.44
01/06/2021,0.05
01/06/2021,0.62
01/06/2021,0.0
01/06/2021,0.0
01/06/2021,0.0
01/06/2021,0.04
01/06/2022,1.54
01/06/2022,9.94
01/06/2022,33.99
01/06/2022,0.64
01/07/2019,6.86
01/07/2019,33.19
01/07/2019,36.55
01/07/2019,2.18
01/07/2019,52.92
01/07/2019,44.2
01/07/2020,6.09
01/07/2020,0.0
01/07/2020,0.0
01/07/2020,0.0
01/07/2021,0.0
01/07/2021,0.1
01/07/2021,0.0
01/07/2021,0.24
01/07/2022,20105.86
01/07/2022,0.79
01/07/2022,37.04
01/07/2022,1.52
01/07/2022,18.63
01/07/2022,1.35
01/08/2019,10012.09
01/08/2019,30.39
01/08/2019,2.16
01/08/2019,116.98
01/08/2020,0.0
01/08/2020,0.0
01/08/2020,139.45
01/08/2020,0.34
01/08/2020,0.02
01/08/2020,0.56
01/08/2021,0.0
01/08/2021,897.19
01/08/2021,0.0
01/08/2021,0.0
01/08/2022,0.41
01/08/2022,5.68
01/08/2022,2.32
01/08/2022,2.33
01/08/2022,0.09
01/09/2019,54153.04
01/09/2019,0.88
01/09/2019,222.25
01/09/2019,0.8
01/09/2019,31.18
01/09/2020,3.97
01/09/2020,112.09
01/09/2020,1.96
01/09/2020,0.43
01/09/2021,0.02
01/09/2021,0.0
01/09/2021,12.34
01/09/2021,10.94
01/09/2021,0.01
01/09/2021,0.0
01/09/2022,15.14
01/09/2022,1.17
01/09/2022,4.69
01/09/2022,2.08
01/10/2019,0.9
01/10/2019,7.85
01/10/2019,1.27
01/10/2019,7.13
01/10/2019,3.02
01/10/2019,0.15
01/10/2020,0.0
01/10/2020,0.0
01/10/2020,0.46
01/10/2020,0.0
01/10/2021,0.6
01/10/2021,1.57
01/10/2021,0.0
01/10/2021,0.39
01/10/2022,0.19
01/10/2022,6.64
01/10/2022,936.69
01/10/2022,270.51
01/10/2022,4.24
01/10/2022,116.02
01/11/2019,59.48
01/11/2019,527.4
01/11/2019,98.18
01/11/2019,11.22
01/11/2020,0.4
01/11/2020,0.22
01/11/2020,58.14
01/11/2020,0.0
01/11/2020,0.0
01/11/2020,0.0
01/11/2021,0.11
01/11/2021,0.04
01/11/2021,4.33
01/11/2021,0.73
01/11/2022,5.08
01/11/2022,32.33
01/11/2022,18.42
01/11/2022,2.29
01/12/2019,41.75
01/12/2019,1.04
01/12/2019,10176.53
01/12/2019,2897.54
01/12/2019,3.9
01/12/2019,7.2
01/12/2020,1.83
01/12/2020,0.22
01/12/2020,0.0
01/12/2020,3.78
01/12/2021,1.08
01/12/2021,27.62
01/12/2021,15.43
01/12/2021,43.92
01/12/2021,0.06
01/12/2021,0.0
01/12/2022,6.75
01/12/2022,2.63
01/12/2022,20.77
01/12/2022,37.86
01/12/2022,0.2
