DATE (YYYY/MM/DD),Tower RH [%]
03/10/2018,47.48
03/10/2018,37.26
03/10/2018,37.63
03/10/2018,36.31
03/10/2018,36.78
03/10/2018,29.12
03/10/2018,29.59
03/10/2018,27.12
03/10/2018,27.62
03/10/2018,20.41
03/10/2018,20.61
03/10/2018,18.91
03/10/2018,18.58
03/10/2018,15.87
03/10/2018,15.75
10/05/2018,42.43
10/05/2018,41.7
10/05/2018,40.21
10/05/2018,43.77
10/05/2018,47.37
10/05/2018,47.22
10/05/2018,39.02
10/05/2018,40.18
10/05/2018,35.73
10/05/2018,36.11
10/05/2018,35.14
10/05/2018,34.22
27/08/2021,38.12
27/08/2021,37.79
27/08/2021,33.47
27/08/2021,33.59
27/08/2021,27.38
27/08/2021,27.08
27/08/2021,30.0
27/08/2021,30.05
27/08/2021,18.31
27/08/2021,18.77
27/08/2021,17.58
27/08/2021,17.62
27/08/2021,17.01
27/08/2021,17.89
27/08/2021,15.73
27/08/2021,15.3
27/08/2021,17.31
27/08/2021,17.12
06/03/2019,67.06
06/03/2019,67.77
06/03/2019,65.35
06/03/2019,65.15
06/03/2019,58.22
06/03/2019,59.98
30/06/2019,41.75
30/06/2019,41.63
30/06/2019,36.71
30/06/2019,38.55
30/06/2019,34.75
30/06/2019,32.74
30/06/2019,30.56
30/06/2019,29.89
30/06/2019,32.66
30/06/2019,32.43
30/06/2019,25.86
30/06/2019,25.05
25/04/2021,40.04
25/04/2021,38.12
25/04/2021,36.81
25/04/2021,32.72
25/04/2021,28.77
25/04/2021,28.72
25/04/2021,26.29
25/04/2021,25.59
13/10/2019,15.19
13/10/2019,15.41
13/10/2019,13.69
13/10/2019,13.99
13/10/2019,18.56
13/10/2019,19.73
15/02/2018,68.5
15/02/2018,67.69
15/02/2018,57.86
15/02/2018,56.87
20/03/2019,17.82
20/03/2019,18.05
20/03/2019,13.14
20/03/2019,12.39
20/03/2019,12.33
20/03/2019,12.49
20/03/2019,11.98
20/03/2019,12.3
20/03/2019,12.14
20/03/2019,9.87
20/03/2019,12.53
20/03/2019,14.62
20/03/2019,17.21
20/03/2019,17.71
20/03/2019,18.28
20/03/2019,17.82
01/03/2018,61.88
01/03/2018,61.41
01/03/2018,59.01
01/03/2018,58.67
01/03/2018,49.54
01/03/2018,49.49
01/03/2018,36.9
01/03/2018,35.89
01/03/2018,27.41
01/03/2018,28.47
01/03/2018,22.55
01/03/2018,23.04
01/03/2018,26.27
01/03/2018,26.16
06/02/2021,32.79
06/02/2021,32.61
06/02/2021,26.82
06/02/2021,26.85
06/02/2021,23.47
06/02/2021,23.27
06/02/2021,21.76
06/02/2021,22.0
09/12/2019,86.6
09/12/2019,86.4
09/12/2019,73.61
09/12/2019,71.64
09/12/2019,61.24
09/12/2019,59.59
09/12/2019,57.13
09/12/2019,57.2
24/07/2018,89.8
24/07/2018,89.8
24/07/2018,83.2
24/07/2018,82.1
24/07/2018,76.06
24/07/2018,75.22
24/07/2018,67.49
24/07/2018,67.03
24/07/2018,61.47
24/07/2018,61.13
24/07/2018,56.38
24/07/2018,58.08
12/07/2021,43.28
12/07/2021,39.99
12/07/2021,42.24
12/07/2021,43.82
12/07/2021,38.82
12/07/2021,39.95
12/07/2021,36.39
12/07/2021,35.93
12/07/2021,31.59
12/07/2021,31.55
12/07/2021,28.14
12/07/2021,27.13
12/07/2021,22.51
12/07/2021,23.12
05/09/2018,84.2
05/09/2018,84.0
05/09/2018,68.09
05/09/2018,65.84
05/09/2018,84.1
05/09/2018,84.6
05/09/2018,73.37
05/09/2018,73.68
05/09/2018,65.02
05/09/2018,64.76
05/09/2018,56.75
05/09/2018,57.73
05/09/2018,53.06
05/09/2018,54.5
05/09/2018,66.59
05/09/2018,66.26
05/09/2018,89.3
05/09/2018,89.2
24/01/2019,92.2
24/01/2019,92.8
24/01/2019,90.8
24/01/2019,90.6
24/01/2019,88.6
24/01/2019,88.8
24/01/2019,86.7
24/01/2019,86.1
24/01/2019,84.7
24/01/2019,85.4
21/04/2021,77.24
21/04/2021,76.82
21/04/2021,89.8
21/04/2021,90.0
13/05/2019,33.89
13/05/2019,33.51
13/05/2019,32.91
13/05/2019,33.28
13/05/2019,27.96
13/05/2019,28.33
13/05/2019,19.32
13/05/2019,20.28
13/05/2019,21.29
13/05/2019,21.16
13/05/2019,18.07
13/05/2019,17.63
13/05/2019,16.48
13/05/2019,17.16
13/05/2019,21.72
13/05/2019,21.93
13/05/2019,19.61
13/05/2019,20.54
13/05/2019,19.65
13/05/2019,22.49
13/05/2019,24.38
13/05/2019,24.38
21/12/2018,12.21
21/12/2018,11.8
21/12/2018,7.814
21/12/2018,7.602
21/12/2018,6.647
21/12/2018,7.125
21/12/2018,7.426
21/12/2018,7.468
21/12/2018,14.48
21/12/2018,14.6
21/12/2018,17.67
21/12/2018,17.59
27/06/2018,16.99
27/06/2018,17.06
27/06/2018,18.16
27/06/2018,18.39
27/06/2018,16.32
27/06/2018,16.28
27/06/2018,11.06
27/06/2018,11.05
27/06/2018,11.44
27/06/2018,11.59
27/06/2018,11.16
27/06/2018,11.02
27/06/2018,7.784
27/06/2018,7.509
27/06/2018,8.18
27/06/2018,7.836
27/06/2018,8.98
27/06/2018,9.01
27/06/2018,8.47
27/06/2018,8.48
27/06/2018,9.14
10/08/2018,39.27
10/08/2018,38.11
10/08/2018,37.63
10/08/2018,31.42
10/08/2018,31.64
10/08/2018,33.86
10/08/2018,34.18
10/08/2018,27.96
10/08/2018,28.93
10/08/2018,28.49
10/08/2018,29.22
02/03/2018,25.55
02/03/2018,25.68
02/03/2018,22.41
02/03/2018,21.69
02/03/2018,16.2
02/03/2018,16.64
02/03/2018,12.78
02/03/2018,12.94
02/03/2018,12.38
02/03/2018,11.51
02/03/2018,10.38
02/03/2018,11.59
31/03/2018,76.87
31/03/2018,77.04
31/03/2018,61.64
31/03/2018,59.8
31/03/2018,56.46
31/03/2018,53.15
31/03/2018,56.74
31/03/2018,57.2
31/03/2018,50.72
31/03/2018,52.3
31/03/2018,49.31
31/03/2018,46.73
31/03/2018,46.46
31/03/2018,44.98
31/03/2018,41.18
31/03/2018,41.08
30/03/2021,95.4
30/03/2021,95.3
30/03/2021,93.9
30/03/2021,93.9
30/03/2021,89.2
30/03/2021,88.9
30/03/2021,86.5
30/03/2021,85.5
30/03/2021,71.85
30/03/2021,71.18
30/03/2021,71.02
30/03/2021,67.16
18/08/2021,36.33
18/08/2021,36.0
18/08/2021,31.43
18/08/2021,31.58
18/08/2021,30.57
18/08/2021,30.85
18/08/2021,30.49
18/08/2021,31.55
18/08/2021,24.7
18/08/2021,25.28
13/02/2019,19.47
13/02/2019,18.88
13/02/2019,26.78
13/02/2019,25.78
13/02/2019,13.73
13/02/2019,13.41
13/02/2019,16.7
13/02/2019,17.08
13/02/2019,14.31
13/02/2019,13.36
13/02/2019,14.95
13/02/2019,13.99
13/02/2019,16.76
13/02/2019,15.62
27/01/2021,55.81
27/01/2021,59.41
27/01/2021,37.34
27/01/2021,37.69
27/01/2021,47.36
27/01/2021,46.8
27/01/2021,36.09
27/01/2021,36.98
27/01/2021,31.08
27/01/2021,29.02
25/12/2019,42.12
25/12/2019,42.92
25/12/2019,32.86
25/12/2019,31.93
25/12/2019,27.29
25/12/2019,27.45
25/12/2019,28.21
25/12/2019,28.47
25/12/2019,29.06
25/12/2019,29.39
25/12/2019,42.07
25/12/2019,42.09
22/09/2018,16.85
22/09/2018,17.08
22/09/2018,15.9
22/09/2018,16.09
22/09/2018,21.38
22/09/2018,20.55
22/09/2018,18.33
22/09/2018,18.68
22/09/2018,14.74
22/09/2018,15.63
22/09/2018,14.8
22/09/2018,13.1
22/09/2018,8.33
22/09/2018,9.87
23/02/2021,23.63
23/02/2021,23.71
23/02/2021,19.36
23/02/2021,19.84
23/02/2021,16.61
23/02/2021,16.55
23/02/2021,12.87
23/02/2021,12.62
09/02/2021,85.7
09/02/2021,85.8
09/02/2021,86.2
09/02/2021,85.7
09/02/2021,73.68
09/02/2021,75.75
09/02/2021,66.53
09/02/2021,67.58
10/12/2019,87.6
10/12/2019,87.5
10/12/2019,73.46
10/12/2019,74.28
30/06/2021,64.49
30/06/2021,64.21
30/06/2021,61.81
30/06/2021,59.43
30/06/2021,59.3
30/06/2021,57.68
30/06/2021,54.32
30/06/2021,53.87
30/06/2021,51.73
30/06/2021,50.87
30/06/2021,52.06
30/06/2021,50.81
30/06/2021,48.41
30/06/2021,46.88
30/06/2021,40.12
30/06/2021,39.55
11/04/2021,23.52
11/04/2021,23.62
11/04/2021,22.28
11/04/2021,20.24
11/04/2021,49.87
11/04/2021,49.86
11/04/2021,49.09
11/04/2021,49.41
11/04/2021,45.78
11/04/2021,46.56
11/04/2021,44.48
11/04/2021,43.69
25/05/2018,32.33
25/05/2018,32.15
25/05/2018,31.0
25/05/2018,30.19
25/05/2018,29.97
25/05/2018,28.68
04/02/2018,91.4
04/02/2018,91.4
04/02/2018,90.6
04/02/2018,90.5
04/02/2018,89.5
04/02/2018,89.3
04/02/2018,89.4
04/02/2018,89.9
04/02/2018,89.6
04/02/2018,90.1
04/02/2018,90.9
04/02/2018,91.2
04/02/2018,92.5
04/02/2018,91.9
30/01/2018,10.63
30/01/2018,10.41
30/01/2018,10.84
30/01/2018,10.83
30/01/2018,14.63
30/01/2018,14.18
30/01/2018,12.57
30/01/2018,12.64
27/05/2019,57.44
27/05/2019,56.73
27/05/2019,40.55
27/05/2019,39.4
27/05/2019,66.5
27/05/2019,66.92
27/05/2019,75.82
27/05/2019,77.23
27/05/2019,73.55
27/05/2019,74.1
27/05/2019,67.23
27/05/2019,65.03
27/05/2019,62.48
27/05/2019,64.7
13/08/2018,29.03
13/08/2018,29.29
13/08/2018,45.33
13/08/2018,44.59
13/08/2018,38.01
13/08/2018,36.5
13/08/2018,33.83
13/08/2018,33.14
13/08/2018,32.4
13/08/2018,30.82
13/08/2018,32.19
13/08/2018,32.12
07/12/2019,26.0
07/12/2019,25.75
07/12/2019,27.86
07/12/2019,26.37
07/12/2019,27.95
07/12/2019,26.23
07/12/2019,20.62
07/12/2019,21.91
07/12/2019,16.44
07/12/2019,16.11
23/05/2018,55.2
23/05/2018,54.84
23/05/2018,51.83
23/05/2018,51.83
23/05/2018,52.31
23/05/2018,48.92
23/05/2018,50.48
23/05/2018,49.05
23/05/2018,46.37
23/05/2018,48.14
23/11/2018,24.27
23/11/2018,24.41
23/11/2018,25.12
23/11/2018,24.66
23/11/2018,27.53
23/11/2018,26.91
23/11/2018,23.41
23/11/2018,24.32
11/12/2018,15.91
11/12/2018,15.95
11/12/2018,16.71
11/12/2018,17.02
11/12/2018,16.2
11/12/2018,16.04
11/12/2018,14.92
11/12/2018,15.22
11/12/2018,11.97
11/12/2018,12.44
11/12/2018,12.14
11/12/2018,12.14
20/08/2021,76.64
20/08/2021,75.47
20/08/2021,67.73
20/08/2021,67.36
20/08/2021,66.25
20/08/2021,65.71
20/08/2021,47.85
20/08/2021,46.3
20/08/2021,26.28
20/08/2021,26.64
20/08/2021,22.89
20/08/2021,22.31
20/08/2021,23.73
20/08/2021,23.05
22/10/2019,35.67
22/10/2019,35.66
22/10/2019,29.41
22/10/2019,28.88
22/10/2019,26.74
22/10/2019,26.47
22/10/2019,25.24
22/10/2019,25.14
22/10/2019,24.71
22/10/2019,24.53
22/10/2019,22.56
22/10/2019,22.78
22/10/2019,23.92
22/10/2019,23.83
01/10/2019,99.9
01/10/2019,99.9
01/10/2019,99.9
01/10/2019,99.9
01/10/2019,99.9
01/10/2019,99.9
01/10/2019,99.9
01/10/2019,99.9
01/10/2019,99.9
01/10/2019,99.9
01/10/2019,100.0
01/10/2019,100.0
05/12/2019,61.2
05/12/2019,61.66
05/12/2019,80.3
05/12/2019,80.7
05/12/2019,82.2
05/12/2019,82.8
05/12/2019,90.5
05/12/2019,90.9
05/12/2019,96.1
05/12/2019,96.2
05/12/2019,96.1
05/12/2019,96.0
21/01/2019,19.93
21/01/2019,19.69
21/01/2019,15.74
21/01/2019,14.79
21/01/2019,15.03
21/01/2019,14.82
21/01/2019,18.18
21/01/2019,18.1
11/08/2018,32.74
11/08/2018,32.69
11/08/2018,29.34
11/08/2018,29.07
11/08/2018,35.15
11/08/2018,34.71
11/08/2018,29.61
11/08/2018,30.01
11/08/2018,28.12
11/08/2018,27.94
11/08/2018,21.96
11/08/2018,21.84
11/08/2018,17.79
11/08/2018,18.55
05/03/2019,71.02
05/03/2019,70.82
05/03/2019,66.22
05/03/2019,65.24
05/03/2019,51.67
05/03/2019,50.42
05/03/2019,57.48
05/03/2019,57.74
05/03/2019,52.2
05/03/2019,52.18
05/03/2019,49.01
05/03/2019,49.25
05/03/2019,47.57
05/03/2019,46.24
05/03/2019,43.31
05/03/2019,45.15
12/02/2018,91.5
12/02/2018,91.5
12/02/2018,90.7
12/02/2018,90.5
12/02/2018,89.9
12/02/2018,90.0
12/02/2018,90.0
12/02/2018,89.9
06/02/2018,93.3
06/02/2018,93.3
06/02/2018,92.4
06/02/2018,92.2
06/02/2018,57.31
06/02/2018,58.02
06/02/2018,56.29
06/02/2018,55.42
06/02/2018,36.12
06/02/2018,35.17
06/02/2018,29.63
06/02/2018,29.98
27/10/2018,24.27
27/10/2018,24.21
27/10/2018,24.56
27/10/2018,24.49
25/11/2018,35.24
25/11/2018,34.95
25/11/2018,31.04
25/11/2018,30.29
25/11/2018,23.41
25/11/2018,23.22
25/11/2018,22.01
25/11/2018,21.41
25/11/2018,19.82
25/11/2018,19.02
25/11/2018,20.45
25/11/2018,20.24
20/01/2021,23.17
20/01/2021,23.27
20/01/2021,21.69
20/01/2021,21.61
20/01/2021,19.03
20/01/2021,19.35
20/01/2021,19.81
20/01/2021,19.63
16/07/2021,34.78
16/07/2021,34.9
16/07/2021,34.17
16/07/2021,33.85
16/07/2021,33.92
16/07/2021,33.63
16/07/2021,35.85
16/07/2021,33.14
16/07/2021,29.04
16/07/2021,30.12
16/07/2021,21.69
16/07/2021,21.46
16/07/2021,18.06
16/07/2021,17.13
16/07/2021,18.55
16/07/2021,18.52
16/07/2021,16.89
16/07/2021,16.82
16/07/2021,19.13
16/07/2021,19.34
16/07/2021,26.27
16/07/2021,26.32
04/09/2019,53.93
04/09/2019,53.82
04/09/2019,49.96
04/09/2019,50.47
04/09/2019,51.26
04/09/2019,50.31
08/04/2018,53.2
08/04/2018,52.37
08/04/2018,35.44
08/04/2018,34.78
08/04/2018,30.79
08/04/2018,30.68
08/04/2018,29.86
08/04/2018,29.15
08/04/2018,21.18
08/04/2018,21.28
25/05/2018,31.66
25/05/2018,31.64
25/05/2018,36.19
25/05/2018,32.87
25/05/2018,29.78
25/05/2018,28.74
21/11/2018,16.85
21/11/2018,16.39
21/11/2018,14.56
21/11/2018,14.36
21/11/2018,15.47
21/11/2018,15.11
21/11/2018,17.36
21/11/2018,16.46
21/11/2018,14.43
21/11/2018,14.28
21/11/2018,11.33
21/11/2018,11.27
02/03/2021,30.11
02/03/2021,29.23
02/03/2021,27.08
02/03/2021,26.75
02/03/2021,20.96
02/03/2021,20.98
02/03/2021,19.51
02/03/2021,20.5
02/03/2021,15.03
02/03/2021,15.39
25/09/2018,70.6
25/09/2018,71.55
25/09/2018,64.59
25/09/2018,64.27
22/02/2021,30.97
22/02/2021,30.93
22/02/2021,27.7
22/02/2021,27.85
24/04/2021,74.78
24/04/2021,75.17
24/04/2021,80.0
24/04/2021,81.1
24/04/2021,84.1
24/04/2021,82.6
24/04/2021,69.27
24/04/2021,68.5
24/04/2021,63.28
24/04/2021,67.23
24/04/2021,55.6
24/04/2021,54.69
18/03/2018,34.03
18/03/2018,33.91
18/03/2018,29.06
18/03/2018,28.26
18/03/2018,29.71
18/03/2018,29.55
18/03/2018,30.73
18/03/2018,31.41
18/03/2018,29.97
18/03/2018,31.22
18/03/2018,33.5
18/03/2018,31.78
15/02/2019,77.2
15/02/2019,77.79
15/02/2019,66.99
15/02/2019,65.92
15/02/2019,39.19
15/02/2019,40.31
15/02/2019,24.55
15/02/2019,25.06
15/02/2019,21.78
15/02/2019,22.51
22/07/2018,27.91
22/07/2018,27.94
22/07/2018,27.59
22/07/2018,27.72
22/07/2018,35.35
22/07/2018,34.51
22/07/2018,26.5
22/07/2018,26.99
22/07/2018,26.71
22/07/2018,26.49
22/07/2018,28.02
22/07/2018,27.48
22/07/2018,22.99
22/07/2018,23.27
20/03/2021,31.08
20/03/2021,30.47
20/03/2021,23.12
20/03/2021,22.42
20/03/2021,23.19
20/03/2021,23.28
20/03/2021,21.39
20/03/2021,22.53
20/03/2021,18.62
20/03/2021,19.22
20/03/2021,15.46
20/03/2021,15.14
20/03/2021,13.43
20/03/2021,13.58
20/03/2021,43.44
20/03/2021,42.2
26/04/2021,22.68
26/04/2021,24.58
26/04/2021,20.59
26/04/2021,23.81
26/04/2021,18.73
26/04/2021,19.26
26/04/2021,11.19
26/04/2021,11.47
26/04/2021,11.12
26/04/2021,11.17
26/04/2021,9.66
26/04/2021,9.77
02/08/2018,36.42
02/08/2018,36.05
02/08/2018,33.12
02/08/2018,33.68
02/08/2018,30.68
02/08/2018,29.75
02/08/2018,28.91
02/08/2018,30.7
02/08/2018,32.18
02/08/2018,31.12
02/08/2018,22.23
02/08/2018,23.51
02/08/2018,19.4
02/08/2018,18.74
02/08/2018,17.59
02/08/2018,17.97
02/08/2018,17.04
02/08/2018,17.47
02/08/2018,17.56
02/08/2018,17.37
30/08/2019,65.44
30/08/2019,65.17
30/08/2019,71.26
30/08/2019,70.43
30/08/2019,61.08
30/08/2019,59.94
30/08/2019,53.24
30/08/2019,52.89
30/08/2019,51.73
30/08/2019,50.91
30/08/2019,50.11
30/08/2019,50.19
30/08/2019,47.23
30/08/2019,47.72
05/02/2018,53.13
05/02/2018,54.28
05/02/2018,74.65
05/02/2018,73.66
05/02/2018,49.07
05/02/2018,44.12
05/02/2018,28.17
05/02/2018,29.56
05/02/2018,30.91
05/02/2018,29.73
07/06/2021,30.19
07/06/2021,30.4
07/06/2021,32.94
07/06/2021,30.42
07/06/2021,41.77
07/06/2021,39.46
07/06/2021,37.45
07/06/2021,38.79
07/06/2021,39.5
07/06/2021,39.93
07/06/2021,32.76
07/06/2021,30.42
07/06/2021,26.53
07/06/2021,30.74
07/06/2021,17.13
07/06/2021,15.86
07/06/2021,13.04
07/06/2021,13.27
07/06/2021,18.37
07/06/2021,15.13
18/11/2018,93.0
18/11/2018,93.0
18/11/2018,95.5
18/11/2018,95.2
18/11/2018,91.8
18/11/2018,91.7
18/11/2018,62.89
18/11/2018,62.55
03/11/2019,22.8
03/11/2019,22.09
03/11/2019,20.26
03/11/2019,20.89
03/11/2019,17.43
03/11/2019,17.95
03/11/2019,19.66
03/11/2019,20.57
03/11/2019,20.95
03/11/2019,20.41
03/11/2019,20.64
03/11/2019,20.59
03/11/2019,25.75
03/11/2019,26.09
04/10/2018,70.8
04/10/2018,70.92
04/10/2018,70.15
04/10/2018,69.81
04/10/2018,65.08
04/10/2018,63.72
04/10/2018,62.49
04/10/2018,62.8
04/10/2018,61.64
04/10/2018,62.14
04/10/2018,54.18
04/10/2018,54.41
13/03/2019,98.5
13/03/2019,98.6
13/03/2019,95.8
13/03/2019,96.0
13/03/2019,99.6
13/03/2019,99.7
13/03/2019,100.0
13/03/2019,100.0
17/07/2018,85.9
17/07/2018,86.0
17/07/2018,84.4
17/07/2018,84.2
17/07/2018,80.7
17/07/2018,80.3
17/07/2018,78.91
17/07/2018,79.32
17/07/2018,67.38
17/07/2018,67.81
17/07/2018,57.88
17/07/2018,57.92
17/07/2018,50.96
17/07/2018,50.8
17/07/2018,44.6
17/07/2018,44.34
17/07/2018,38.64
17/07/2018,38.42
17/07/2018,43.97
17/07/2018,44.62
26/01/2021,94.3
26/01/2021,94.3
26/01/2021,93.8
26/01/2021,93.8
26/01/2021,92.2
26/01/2021,92.2
26/01/2021,90.3
26/01/2021,88.5
26/01/2021,86.1
26/01/2021,86.2
26/04/2019,49.65
26/04/2019,49.52
26/04/2019,43.68
26/04/2019,42.56
26/04/2019,40.91
26/04/2019,42.18
26/04/2019,45.64
26/04/2019,46.51
26/04/2019,39.77
26/04/2019,39.13
26/04/2019,30.3
26/04/2019,34.22
24/03/2018,54.88
24/03/2018,54.19
24/03/2018,34.72
24/03/2018,32.79
24/03/2018,31.65
24/03/2018,32.52
30/09/2018,90.0
30/09/2018,89.8
30/09/2018,86.0
30/09/2018,85.7
30/09/2018,81.5
30/09/2018,81.0
13/03/2019,98.3
13/03/2019,98.4
13/03/2019,95.8
13/03/2019,95.9
13/03/2019,99.5
13/03/2019,99.5
13/03/2019,100.0
13/03/2019,100.0
13/03/2019,100.1
13/03/2019,100.1
07/06/2019,41.74
07/06/2019,42.43
07/06/2019,40.15
07/06/2019,36.02
07/06/2019,36.62
07/06/2019,35.97
07/06/2019,35.55
07/06/2019,34.62
07/06/2019,30.55
07/06/2019,29.37
07/06/2019,33.02
07/06/2019,33.04
07/06/2019,39.9
07/06/2019,40.52
07/06/2019,28.16
07/06/2019,28.86
07/06/2019,24.27
07/06/2019,24.22
25/11/2019,53.62
25/11/2019,53.63
25/11/2019,60.02
25/11/2019,58.18
25/11/2019,70.51
25/11/2019,70.06
25/11/2019,68.02
25/11/2019,67.84
25/11/2019,67.67
25/11/2019,67.81
22/08/2018,92.5
22/08/2018,92.6
22/08/2018,91.9
22/08/2018,91.8
22/08/2018,86.4
22/08/2018,86.8
22/08/2018,84.4
22/08/2018,85.0
22/08/2018,73.21
22/08/2018,72.41
22/08/2018,62.44
22/08/2018,61.14
22/08/2018,55.08
22/08/2018,55.35
22/08/2018,49.67
22/08/2018,51.42
27/04/2019,83.3
27/04/2019,83.3
27/04/2019,75.62
27/04/2019,76.3
27/04/2019,66.35
27/04/2019,66.45
27/04/2019,61.5
27/04/2019,62.04
27/04/2019,55.63
27/04/2019,55.8
27/04/2019,54.3
27/04/2019,54.67
27/04/2019,44.21
27/04/2019,43.51
27/04/2019,42.45
27/04/2019,42.33
27/04/2019,38.74
27/04/2019,36.05
27/04/2019,36.42
27/04/2019,34.99
05/10/2018,42.01
05/10/2018,43.11
05/10/2018,33.61
05/10/2018,33.85
05/10/2018,28.43
05/10/2018,26.97
05/10/2018,28.22
05/10/2018,27.61
05/10/2018,27.92
05/10/2018,27.71
05/10/2018,29.76
05/10/2018,30.3
05/10/2018,25.32
05/10/2018,25.55
05/10/2018,26.11
05/10/2018,26.46
19/10/2019,43.5
19/10/2019,43.51
19/10/2019,34.69
19/10/2019,34.68
30/05/2018,47.13
30/05/2018,46.75
30/05/2018,45.77
30/05/2018,46.42
30/05/2018,38.62
30/05/2018,38.17
30/05/2018,32.05
30/05/2018,34.34
30/05/2018,33.08
30/05/2018,32.3
30/05/2018,25.73
30/05/2018,26.12
30/05/2018,23.43
30/05/2018,22.84
30/05/2018,20.84
30/05/2018,23.46
30/05/2018,22.82
30/05/2018,20.61
30/05/2018,20.05
30/05/2018,18.73
29/10/2018,17.43
29/10/2018,17.41
29/10/2018,16.98
29/10/2018,17.0
29/10/2018,17.78
29/10/2018,18.34
30/11/2019,33.6
30/11/2019,32.9
30/11/2019,32.36
30/11/2019,31.22
30/11/2019,41.35
30/11/2019,42.93
31/01/2021,30.89
31/01/2021,30.78
31/01/2021,22.55
31/01/2021,22.49
31/01/2021,18.19
31/01/2021,18.38
31/01/2021,22.3
31/01/2021,22.41
31/01/2021,17.52
31/01/2021,17.58
05/03/2021,43.73
05/03/2021,43.5
05/03/2021,38.85
05/03/2021,38.88
01/07/2019,58.61
01/07/2019,58.31
01/07/2019,59.46
01/07/2019,58.44
01/07/2019,55.71
01/07/2019,56.1
01/07/2019,51.02
01/07/2019,50.39
01/07/2019,48.23
01/07/2019,44.84
01/07/2019,45.54
01/07/2019,44.02
01/07/2019,40.44
01/07/2019,40.89
01/07/2019,41.76
01/07/2019,41.44
01/07/2019,35.11
01/07/2019,34.08
01/07/2019,58.8
01/07/2019,62.67
29/08/2019,14.52
29/08/2019,14.44
29/08/2019,14.62
29/08/2019,14.42
29/08/2019,10.59
29/08/2019,10.4
29/08/2019,9.65
29/08/2019,9.95
22/07/2019,85.9
22/07/2019,85.5
22/07/2019,96.3
22/07/2019,95.8
22/07/2019,89.0
22/07/2019,89.2
22/07/2019,74.33
22/07/2019,76.67
04/04/2018,27.48
04/04/2018,30.22
04/04/2018,38.61
04/04/2018,37.39
04/04/2018,7.555
04/04/2018,10.23
04/04/2018,12.32
04/04/2018,13.58
04/04/2018,9.96
04/04/2018,9.87
04/04/2018,11.44
04/04/2018,11.74
04/04/2018,10.28
04/04/2018,11.12
30/01/2018,13.55
30/01/2018,13.86
30/01/2018,11.21
30/01/2018,9.79
30/01/2018,12.28
30/01/2018,12.28
24/08/2018,34.98
24/08/2018,34.61
24/08/2018,36.34
24/08/2018,36.83
24/08/2018,26.19
24/08/2018,26.81
20/01/2019,44.18
20/01/2019,45.38
20/01/2019,34.37
20/01/2019,35.36
20/01/2019,24.59
20/01/2019,24.57
20/01/2019,32.67
20/01/2019,31.38
16/04/2021,97.0
16/04/2021,96.9
16/04/2021,95.2
16/04/2021,95.2
16/04/2021,91.9
16/04/2021,91.3
16/04/2021,83.8
16/04/2021,83.2
16/04/2021,76.07
16/04/2021,76.27
16/04/2021,71.0
16/04/2021,70.3
16/04/2021,72.89
16/04/2021,73.3
16/04/2021,71.43
16/04/2021,71.61
16/04/2021,68.39
16/04/2021,70.17
16/04/2021,69.12
16/04/2021,70.29
28/11/2018,27.78
28/11/2018,27.69
28/11/2018,25.24
28/11/2018,25.35
28/11/2018,20.62
28/11/2018,20.49
10/05/2019,97.4
10/05/2019,97.3
10/05/2019,91.4
10/05/2019,91.1
10/05/2019,71.53
10/05/2019,70.7
10/05/2019,69.13
10/05/2019,69.34
16/01/2021,38.02
16/01/2021,38.15
16/01/2021,39.94
16/01/2021,40.58
16/01/2021,40.05
16/01/2021,39.91
16/01/2021,22.03
16/01/2021,22.28
31/01/2021,34.51
31/01/2021,33.04
31/01/2021,24.66
31/01/2021,24.61
31/01/2021,18.81
31/01/2021,19.13
31/01/2021,18.75
31/01/2021,18.82
31/01/2021,16.78
31/01/2021,16.55
07/10/2019,12.89
07/10/2019,12.67
07/10/2019,18.36
07/10/2019,16.75
07/10/2019,17.4
07/10/2019,17.48
02/03/2019,90.6
02/03/2019,90.6
02/03/2019,88.8
02/03/2019,89.5
02/03/2019,82.0
02/03/2019,82.1
02/03/2019,85.0
02/03/2019,83.3
02/03/2019,76.92
02/03/2019,77.79
02/03/2019,78.7
02/03/2019,77.95
02/03/2019,86.2
02/03/2019,86.3
02/03/2019,94.9
02/03/2019,94.8
02/03/2019,93.9
02/03/2019,93.8
13/10/2019,14.32
13/10/2019,14.6
13/10/2019,12.72
13/10/2019,11.04
25/02/2018,39.11
25/02/2018,39.33
25/02/2018,32.58
25/02/2018,32.72
29/08/2019,15.38
29/08/2019,15.5
29/08/2019,13.99
29/08/2019,13.96
29/08/2019,13.19
29/08/2019,12.87
29/08/2019,10.43
29/08/2019,10.36
29/08/2019,9.14
29/08/2019,9.22
29/08/2019,10.25
29/08/2019,10.14
29/08/2019,10.95
29/08/2019,11.13
29/08/2019,12.42
29/08/2019,12.45
04/10/2019,73.2
04/10/2019,71.64
04/10/2019,64.43
04/10/2019,63.28
04/10/2019,55.4
04/10/2019,56.69
04/10/2019,46.98
04/10/2019,47.21
04/10/2019,46.05
04/10/2019,45.69
04/10/2019,43.68
04/10/2019,43.6
09/05/2018,34.65
09/05/2018,35.25
09/05/2018,33.2
09/05/2018,33.65
09/05/2018,36.6
09/05/2018,35.03
12/10/2019,24.12
12/10/2019,23.85
12/10/2019,16.82
12/10/2019,19.05
12/10/2019,18.6
12/10/2019,16.55
12/10/2019,12.68
12/10/2019,13.12
12/10/2019,11.04
12/10/2019,10.41
12/10/2019,10.93
12/10/2019,10.32
12/10/2019,14.21
12/10/2019,14.97
12/10/2019,12.23
12/10/2019,12.0
17/08/2018,43.98
17/08/2018,43.85
17/08/2018,45.85
17/08/2018,46.88
17/08/2018,45.07
17/08/2018,45.17
17/08/2018,45.49
17/08/2018,46.56
17/08/2018,37.17
17/08/2018,34.78
30/12/2019,29.73
30/12/2019,30.2
30/12/2019,25.68
30/12/2019,27.49
30/12/2019,24.75
30/12/2019,25.25
30/12/2019,25.92
30/12/2019,25.48
02/03/2019,90.2
02/03/2019,90.0
02/03/2019,86.6
02/03/2019,86.8
02/03/2019,82.8
02/03/2019,83.3
02/03/2019,85.3
02/03/2019,85.0
02/03/2019,83.0
02/03/2019,83.3
12/02/2019,32.63
12/02/2019,34.51
12/02/2019,25.39
12/02/2019,25.66
12/02/2019,19.25
12/02/2019,19.81
12/02/2019,21.08
12/02/2019,21.19
16/06/2018,36.94
16/06/2018,36.88
16/06/2018,34.43
16/06/2018,33.8
16/06/2018,36.55
16/06/2018,36.45
16/06/2018,32.99
16/06/2018,31.44
16/06/2018,29.26
16/06/2018,28.8
16/06/2018,28.81
16/06/2018,28.02
16/06/2018,30.73
16/06/2018,30.45
03/07/2018,17.16
03/07/2018,17.15
03/07/2018,17.72
03/07/2018,17.42
03/07/2018,24.19
03/07/2018,23.86
03/07/2018,22.9
03/07/2018,21.97
03/07/2018,20.25
03/07/2018,20.26
03/07/2018,14.25
03/07/2018,15.17
03/07/2018,11.03
03/07/2018,11.94
03/07/2018,10.09
03/07/2018,9.67
03/07/2018,9.01
03/07/2018,8.46
03/07/2018,9.76
03/07/2018,9.59
03/07/2018,10.89
03/07/2018,10.65
10/08/2021,22.54
10/08/2021,22.36
10/08/2021,27.24
10/08/2021,26.84
10/08/2021,22.89
10/08/2021,22.55
10/08/2021,21.61
10/08/2021,22.32
10/08/2021,21.97
10/08/2021,23.33
10/08/2021,20.09
10/08/2021,21.1
10/08/2021,18.9
10/08/2021,18.77
10/08/2021,14.77
10/08/2021,15.42
10/08/2021,12.85
10/08/2021,13.23
11/04/2019,91.3
11/04/2019,91.3
11/04/2019,84.7
11/04/2019,85.0
11/04/2019,57.82
11/04/2019,62.55
11/04/2019,55.42
11/04/2019,54.98
11/04/2019,51.91
11/04/2019,53.81
11/04/2019,52.28
11/04/2019,52.12
11/04/2019,51.65
11/04/2019,50.53
11/04/2019,53.17
11/04/2019,56.56
11/04/2019,44.96
11/04/2019,43.72
11/04/2019,37.27
11/04/2019,37.07
21/09/2019,32.15
21/09/2019,32.06
21/09/2019,28.32
21/09/2019,28.62
02/11/2019,17.74
02/11/2019,16.98
02/11/2019,29.05
02/11/2019,28.78
02/11/2019,11.9
02/11/2019,13.5
02/11/2019,22.81
02/11/2019,21.97
13/09/2019,43.37
13/09/2019,43.44
13/09/2019,35.03
13/09/2019,35.04
13/09/2019,37.59
13/09/2019,36.79
13/09/2019,35.12
13/09/2019,35.16
16/11/2019,32.15
16/11/2019,31.8
16/11/2019,26.36
16/11/2019,26.95
16/11/2019,24.58
16/11/2019,24.7
31/03/2021,45.32
31/03/2021,44.81
31/03/2021,34.25
31/03/2021,35.76
31/03/2021,33.57
31/03/2021,33.89
31/03/2021,30.17
31/03/2021,30.83
31/03/2021,24.19
31/03/2021,29.03
31/03/2021,21.79
31/03/2021,22.56
31/03/2021,18.19
31/03/2021,19.01
31/03/2021,18.46
31/03/2021,17.37
31/03/2021,14.17
31/03/2021,14.82
31/03/2021,17.45
31/03/2021,16.32
05/05/2021,59.52
05/05/2021,60.9
05/05/2021,46.69
05/05/2021,44.83
05/05/2021,68.06
05/05/2021,68.31
17/05/2019,58.51
17/05/2019,57.03
17/05/2019,50.26
17/05/2019,49.6
17/05/2019,68.92
17/05/2019,70.13
17/05/2019,68.0
17/05/2019,69.35
17/05/2019,59.01
17/05/2019,57.29
17/05/2019,53.84
17/05/2019,53.88
17/05/2019,51.74
17/05/2019,50.91
11/02/2018,35.46
11/02/2018,35.7
11/02/2018,29.03
11/02/2018,28.82
11/02/2018,30.81
11/02/2018,29.76
11/02/2018,29.43
11/02/2018,37.17
29/05/2018,53.06
29/05/2018,53.55
29/05/2018,53.33
29/05/2018,56.17
29/05/2018,67.19
29/05/2018,67.59
29/05/2018,56.97
29/05/2018,55.22
29/05/2018,49.32
29/05/2018,47.89
29/05/2018,42.46
29/05/2018,44.56
29/05/2018,37.17
29/05/2018,37.23
29/05/2018,42.39
29/05/2018,44.17
02/02/2021,30.7
02/02/2021,31.04
02/02/2021,25.45
02/02/2021,25.3
19/08/2019,19.22
19/08/2019,19.28
19/08/2019,19.13
19/08/2019,19.07
19/08/2019,13.0
19/08/2019,13.27
19/08/2019,12.79
19/08/2019,12.32
19/08/2019,13.65
19/08/2019,14.47
19/08/2019,12.54
19/08/2019,12.5
19/08/2019,11.99
19/08/2019,11.31
19/08/2019,10.87
19/08/2019,11.84
19/08/2019,11.36
19/08/2019,11.05
12/11/2018,80.8
12/11/2018,80.6
12/11/2018,81.2
12/11/2018,81.5
12/11/2018,74.74
12/11/2018,73.88
03/11/2019,22.67
03/11/2019,22.45
03/11/2019,16.82
03/11/2019,18.36
21/12/2018,12.32
21/12/2018,12.88
21/12/2018,9.14
21/12/2018,9.14
21/12/2018,7.678
21/12/2018,8.18
21/12/2018,6.427
21/12/2018,6.494
03/11/2018,81.0
03/11/2018,80.4
03/11/2018,79.18
03/11/2018,79.29
03/11/2018,90.3
03/11/2018,89.9
03/11/2018,59.32
03/11/2018,58.56
17/10/2019,10.73
17/10/2019,10.99
17/10/2019,9.94
17/10/2019,10.02
17/10/2019,12.49
17/10/2019,12.42
17/10/2019,9.97
17/10/2019,10.07
17/05/2021,96.2
17/05/2021,96.2
17/05/2021,93.6
17/05/2021,93.6
17/05/2021,91.7
17/05/2021,90.8
17/05/2021,84.8
17/05/2021,85.2
17/05/2021,80.8
17/05/2021,81.4
17/05/2021,73.07
17/05/2021,72.24
17/05/2021,63.63
17/05/2021,63.76
17/05/2021,64.04
17/05/2021,65.93
17/05/2021,57.93
17/05/2021,57.77
28/02/2019,41.87
28/02/2019,41.14
28/02/2019,32.81
28/02/2019,32.46
28/02/2019,63.54
28/02/2019,62.85
22/01/2021,61.29
22/01/2021,61.63
22/01/2021,51.93
22/01/2021,51.68
25/02/2019,82.9
25/02/2019,83.4
25/02/2019,68.04
25/02/2019,68.0
25/02/2019,51.37
25/02/2019,52.76
25/02/2019,29.35
25/02/2019,30.7
05/09/2019,25.44
05/09/2019,25.35
05/09/2019,22.31
05/09/2019,22.38
05/09/2019,21.28
05/09/2019,19.48
05/09/2019,19.74
05/09/2019,20.64
05/09/2019,16.62
05/09/2019,16.67
05/09/2019,16.66
05/09/2019,16.85
05/09/2019,17.72
05/09/2019,17.43
05/01/2021,36.22
05/01/2021,39.15
05/01/2021,32.98
05/01/2021,32.66
05/01/2021,25.13
05/01/2021,25.2
10/04/2018,28.18
10/04/2018,28.56
10/04/2018,22.35
10/04/2018,22.18
10/04/2018,19.03
10/04/2018,18.54
10/04/2018,26.27
10/04/2018,22.29
10/04/2018,19.47
10/04/2018,19.95
10/04/2018,18.14
10/04/2018,16.91
10/04/2018,11.12
10/04/2018,10.56
02/06/2019,61.44
02/06/2019,61.36
02/06/2019,57.94
02/06/2019,57.55
02/06/2019,58.32
02/06/2019,57.86
29/01/2021,16.22
29/01/2021,16.02
29/01/2021,23.56
29/01/2021,21.49
29/01/2021,17.07
29/01/2021,16.84
29/01/2021,19.24
29/01/2021,17.64
29/01/2021,18.67
29/01/2021,19.26
13/01/2021,32.1
13/01/2021,31.9
13/01/2021,27.42
13/01/2021,27.68
13/01/2021,23.99
13/01/2021,24.21
13/01/2021,23.31
13/01/2021,23.27
13/01/2021,25.61
13/01/2021,25.62
13/01/2021,25.54
13/01/2021,25.73
06/01/2021,30.0
06/01/2021,29.92
06/01/2021,23.1
06/01/2021,22.81
06/01/2021,29.33
06/01/2021,28.75
06/01/2021,24.58
06/01/2021,25.12
06/01/2021,20.53
06/01/2021,20.91
06/01/2021,19.22
06/01/2021,18.75
23/01/2018,33.38
23/01/2018,33.94
23/01/2018,31.25
23/01/2018,30.68
23/01/2018,21.39
23/01/2018,21.2
23/01/2018,24.08
23/01/2018,23.64
23/01/2018,21.22
23/01/2018,21.19
23/01/2018,22.93
23/01/2018,21.63
25/11/2019,52.59
25/11/2019,53.02
25/11/2019,55.34
25/11/2019,55.55
25/11/2019,65.05
25/11/2019,65.46
25/11/2019,68.03
25/11/2019,66.9
16/08/2021,37.22
16/08/2021,37.33
16/08/2021,33.63
16/08/2021,33.53
16/08/2021,27.78
16/08/2021,26.71
16/08/2021,30.1
16/08/2021,29.89
16/08/2021,25.92
16/08/2021,25.27
16/08/2021,19.1
16/08/2021,19.09
16/08/2021,18.49
16/08/2021,17.44
16/08/2021,16.46
16/08/2021,16.2
16/08/2021,15.27
16/08/2021,14.52
16/08/2021,14.61
16/08/2021,14.51
14/03/2021,100.1
14/03/2021,100.1
14/03/2021,100.1
14/03/2021,100.1
08/05/2018,63.02
08/05/2018,62.9
08/05/2018,56.28
08/05/2018,56.36
08/05/2018,49.86
08/05/2018,51.33
08/05/2018,45.94
08/05/2018,46.28
08/05/2018,40.25
08/05/2018,42.93
08/05/2018,39.41
08/05/2018,40.51
08/05/2018,33.11
08/05/2018,33.4
08/05/2018,32.09
08/05/2018,31.37
08/05/2018,25.43
08/05/2018,26.55
02/04/2021,16.98
02/04/2021,16.54
02/04/2021,13.28
02/04/2021,13.38
02/04/2021,13.32
02/04/2021,13.62
30/04/2021,34.73
30/04/2021,35.1
30/04/2021,32.49
30/04/2021,31.89
30/04/2021,24.59
30/04/2021,24.4
30/04/2021,22.38
30/04/2021,21.79
11/10/2018,96.9
11/10/2018,96.8
11/10/2018,95.2
11/10/2018,95.3
11/10/2018,93.0
11/10/2018,93.3
11/10/2018,91.2
11/10/2018,91.1
11/10/2018,86.2
11/10/2018,85.5
22/07/2019,88.9
22/07/2019,89.0
22/07/2019,95.2
22/07/2019,94.3
22/07/2019,92.6
22/07/2019,93.5
22/07/2019,75.9
22/07/2019,77.16
22/07/2019,64.69
22/07/2019,65.62
22/07/2019,57.98
22/07/2019,57.56
22/07/2019,55.48
22/07/2019,57.2
22/07/2019,53.02
22/07/2019,52.49
22/07/2019,51.92
22/07/2019,53.34
22/07/2019,55.2
22/07/2019,54.31
01/03/2021,30.58
01/03/2021,29.84
01/03/2021,23.32
01/03/2021,23.09
01/03/2021,33.75
01/03/2021,29.89
01/03/2021,23.33
01/03/2021,22.17
01/03/2021,18.09
01/03/2021,19.71
01/03/2021,19.0
01/03/2021,19.42
02/07/2018,23.84
02/07/2018,24.49
02/07/2018,18.48
02/07/2018,17.49
02/07/2018,17.77
02/07/2018,16.51
02/07/2018,18.48
02/07/2018,18.03
02/07/2018,18.67
02/07/2018,19.31
02/07/2018,16.82
02/07/2018,16.82
16/01/2018,59.88
16/01/2018,59.47
16/01/2018,54.93
16/01/2018,54.91
16/01/2018,52.95
16/01/2018,54.18
16/01/2018,51.21
16/01/2018,52.81
12/10/2019,18.7
12/10/2019,18.2
12/10/2019,16.42
12/10/2019,16.81
12/10/2019,19.49
12/10/2019,20.36
12/10/2019,9.4
12/10/2019,9.98
12/10/2019,8.83
12/10/2019,8.79
12/10/2019,12.1
12/10/2019,12.28
12/10/2019,11.7
12/10/2019,12.44
01/08/2021,81.0
01/08/2021,80.5
01/08/2021,74.78
01/08/2021,75.03
01/08/2021,61.95
01/08/2021,61.56
01/08/2021,54.21
01/08/2021,54.85
01/08/2021,53.13
01/08/2021,49.63
01/08/2021,45.33
01/08/2021,43.35
04/05/2019,39.12
04/05/2019,38.93
04/05/2019,37.98
04/05/2019,37.9
04/05/2019,38.63
04/05/2019,36.56
04/05/2019,29.79
04/05/2019,29.6
04/05/2019,25.84
04/05/2019,25.12
05/06/2021,28.83
05/06/2021,29.03
05/06/2021,27.33
05/06/2021,27.08
05/06/2021,33.37
05/06/2021,30.5
05/06/2021,40.66
05/06/2021,39.66
05/06/2021,31.64
05/06/2021,30.07
05/06/2021,26.76
05/06/2021,26.55
05/06/2021,23.52
05/06/2021,21.91
16/08/2021,37.59
16/08/2021,37.51
16/08/2021,36.25
16/08/2021,36.04
16/08/2021,32.28
16/08/2021,32.07
16/08/2021,25.8
16/08/2021,26.06
16/08/2021,29.32
16/08/2021,28.84
16/08/2021,24.15
16/08/2021,23.97
16/08/2021,19.52
16/08/2021,19.2
14/08/2021,41.02
14/08/2021,40.88
14/08/2021,50.1
14/08/2021,49.71
14/08/2021,46.26
14/08/2021,46.47
14/08/2021,45.54
14/08/2021,44.6
14/08/2021,39.03
14/08/2021,38.73
14/08/2021,33.68
14/08/2021,32.69
14/08/2021,32.19
14/08/2021,32.4
14/08/2021,23.48
14/08/2021,23.73
14/08/2021,19.23
14/08/2021,18.98
23/11/2018,24.88
23/11/2018,24.71
23/11/2018,23.73
23/11/2018,23.89
23/11/2018,26.72
23/11/2018,27.48
23/11/2018,24.39
23/11/2018,23.41
23/11/2018,22.97
23/11/2018,21.35
23/11/2018,20.95
23/11/2018,21.57
23/11/2018,21.49
23/11/2018,20.58
22/02/2019,88.1
22/02/2019,88.8
22/02/2019,85.1
22/02/2019,85.0
22/02/2019,79.72
22/02/2019,79.37
22/02/2019,75.49
22/02/2019,73.01
22/02/2019,82.5
22/02/2019,82.6
05/02/2021,29.19
05/02/2021,28.91
05/02/2021,32.0
05/02/2021,32.56
05/02/2021,27.55
05/02/2021,27.16
05/02/2021,25.51
05/02/2021,25.74
05/02/2021,23.8
05/02/2021,23.98
02/05/2021,50.07
02/05/2021,49.58
02/05/2021,43.56
02/05/2021,43.2
02/05/2021,48.66
02/05/2021,49.25
02/05/2021,44.17
02/05/2021,44.84
15/03/2021,84.7
15/03/2021,84.5
15/03/2021,69.34
15/03/2021,70.15
15/03/2021,56.52
15/03/2021,58.58
15/03/2021,58.43
15/03/2021,58.23
15/03/2021,53.55
15/03/2021,53.07
16/11/2018,18.19
16/11/2018,18.15
16/11/2018,15.29
16/11/2018,15.09
16/11/2018,13.59
16/11/2018,14.08
16/11/2018,16.93
16/11/2018,16.77
16/11/2018,15.81
16/11/2018,15.79
22/03/2019,52.68
22/03/2019,53.72
22/03/2019,51.44
22/03/2019,50.79
22/03/2019,45.33
22/03/2019,43.33
22/03/2019,38.43
22/03/2019,38.34
22/03/2019,38.44
22/03/2019,36.79
22/03/2019,41.08
22/03/2019,41.2
22/03/2019,40.35
22/03/2019,41.65
22/03/2019,44.48
22/03/2019,44.81
28/07/2021,48.22
28/07/2021,47.93
28/07/2021,45.93
28/07/2021,45.53
28/07/2021,39.49
28/07/2021,39.25
28/07/2021,36.82
28/07/2021,37.02
28/07/2021,34.67
28/07/2021,33.89
28/07/2021,28.22
28/07/2021,29.6
28/07/2021,23.84
28/07/2021,23.21
28/07/2021,21.73
28/07/2021,21.79
28/07/2021,18.51
28/07/2021,18.44
25/03/2018,53.77
25/03/2018,51.71
25/03/2018,42.89
25/03/2018,43.09
25/03/2018,36.0
25/03/2018,34.29
25/03/2018,36.74
25/03/2018,34.89
25/03/2018,27.34
25/03/2018,25.6
25/03/2018,28.7
25/03/2018,29.74
25/03/2018,25.91
25/03/2018,26.88
05/07/2018,43.31
05/07/2018,43.68
05/07/2018,36.05
05/07/2018,35.94
05/07/2018,50.26
05/07/2018,49.64
05/07/2018,50.44
05/07/2018,50.36
05/07/2018,52.31
05/07/2018,52.38
05/07/2018,41.64
05/07/2018,40.73
11/07/2021,54.29
11/07/2021,53.57
11/07/2021,51.21
11/07/2021,51.16
11/07/2021,50.12
11/07/2021,48.49
11/07/2021,47.27
11/07/2021,47.44
02/07/2019,77.97
02/07/2019,78.22
02/07/2019,68.08
02/07/2019,67.6
02/07/2019,57.61
02/07/2019,57.46
02/07/2019,59.34
02/07/2019,58.37
12/10/2018,97.7
12/10/2018,97.6
12/10/2018,88.7
12/10/2018,87.7
12/10/2018,64.29
12/10/2018,62.92
12/10/2018,56.48
12/10/2018,54.87
12/10/2018,49.33
12/10/2018,49.76
12/10/2018,32.99
12/10/2018,31.56
12/10/2018,27.94
12/10/2018,27.66
12/10/2018,26.46
12/10/2018,24.99
17/06/2018,75.06
17/06/2018,75.0
17/06/2018,74.99
17/06/2018,75.12
17/06/2018,81.3
17/06/2018,81.1
17/06/2018,79.24
17/06/2018,79.62
17/06/2018,73.46
17/06/2018,72.19
17/06/2018,63.94
17/06/2018,63.98
17/06/2018,66.61
17/06/2018,66.96
17/06/2018,91.4
17/06/2018,91.0
17/06/2018,93.7
17/06/2018,93.9
17/06/2018,89.7
17/06/2018,89.8
17/06/2018,95.4
17/06/2018,95.7
04/12/2018,26.03
04/12/2018,25.8
04/12/2018,21.97
04/12/2018,21.54
04/12/2018,17.81
04/12/2018,17.62
04/12/2018,14.28
04/12/2018,15.93
04/12/2018,14.84
04/12/2018,14.92
16/09/2018,26.39
16/09/2018,27.05
16/09/2018,28.83
16/09/2018,27.19
16/09/2018,29.29
16/09/2018,29.92
16/09/2018,18.36
16/09/2018,18.1
16/09/2018,17.23
16/09/2018,17.84
16/09/2018,14.85
16/09/2018,16.14
16/09/2018,14.11
16/09/2018,14.12
16/09/2018,13.7
16/09/2018,13.31
11/03/2019,63.46
11/03/2019,62.45
11/03/2019,61.0
11/03/2019,60.77
11/03/2019,58.2
11/03/2019,57.36
30/08/2018,17.91
30/08/2018,17.96
30/08/2018,18.31
30/08/2018,18.45
30/08/2018,14.9
30/08/2018,14.9
30/08/2018,17.8
30/08/2018,15.9
30/08/2018,14.46
30/08/2018,14.09
30/08/2018,10.9
30/08/2018,11.21
30/08/2018,11.05
30/08/2018,11.32
30/08/2018,10.91
30/08/2018,11.15
23/07/2019,57.96
23/07/2019,58.06
23/07/2019,60.99
23/07/2019,60.22
23/07/2019,55.63
23/07/2019,56.87
23/07/2019,56.6
23/07/2019,56.08
23/07/2019,53.21
23/07/2019,53.47
23/07/2019,47.8
23/07/2019,50.78
23/07/2019,42.53
23/07/2019,40.84
19/02/2021,40.09
19/02/2021,37.6
19/02/2021,24.91
19/02/2021,23.14
24/01/2019,91.6
24/01/2019,91.7
24/01/2019,90.8
24/01/2019,90.7
24/01/2019,89.2
24/01/2019,88.7
24/01/2019,86.9
24/01/2019,87.1
24/01/2019,83.5
24/01/2019,83.7
24/01/2019,66.81
24/01/2019,67.06
24/01/2019,58.21
24/01/2019,58.47
31/03/2021,45.32
31/03/2021,44.81
31/03/2021,34.25
31/03/2021,35.76
05/03/2018,26.08
05/03/2018,25.28
05/03/2018,23.77
05/03/2018,23.3
05/03/2018,22.05
05/03/2018,22.69
05/03/2018,19.48
05/03/2018,19.94
05/03/2018,15.35
05/03/2018,15.17
05/03/2018,15.29
05/03/2018,15.01
05/03/2018,15.55
05/03/2018,15.73
05/03/2018,14.55
05/03/2018,13.67
25/05/2021,27.48
25/05/2021,28.44
25/05/2021,31.45
25/05/2021,32.05
25/05/2021,34.85
25/05/2021,35.26
25/05/2021,35.96
25/05/2021,34.41
25/05/2021,31.49
25/05/2021,31.83
25/05/2021,30.16
25/05/2021,30.35
25/05/2021,25.73
25/05/2021,23.33
18/06/2019,95.1
18/06/2019,95.4
18/06/2019,92.0
18/06/2019,92.8
18/06/2019,88.0
18/06/2019,88.2
18/06/2019,85.2
18/06/2019,84.6
18/06/2019,71.67
18/06/2019,72.02
18/06/2019,91.9
18/06/2019,92.2
31/10/2018,98.8
31/10/2018,98.7
31/10/2018,98.6
31/10/2018,98.6
31/10/2018,91.3
31/10/2018,90.0
31/10/2018,73.77
31/10/2018,74.5
31/10/2018,71.91
31/10/2018,70.26
31/10/2018,63.45
31/10/2018,61.45
31/10/2018,58.26
31/10/2018,56.78
15/02/2019,85.3
15/02/2019,85.0
15/02/2019,62.98
15/02/2019,61.31
15/02/2019,57.2
15/02/2019,57.32
15/02/2019,43.33
15/02/2019,44.57
15/02/2019,25.39
15/02/2019,24.18
30/09/2019,57.0
30/09/2019,56.72
30/09/2019,54.03
30/09/2019,53.31
30/09/2019,52.73
30/09/2019,52.49
30/09/2019,51.18
30/09/2019,51.3
30/09/2019,46.81
30/09/2019,47.8
30/09/2019,47.25
30/09/2019,46.42
30/09/2019,43.98
30/09/2019,45.01
29/05/2019,93.5
29/05/2019,93.3
29/05/2019,91.3
29/05/2019,91.6
29/05/2019,87.2
29/05/2019,86.8
29/05/2019,82.3
29/05/2019,80.5
29/05/2019,72.87
29/05/2019,74.11
29/05/2019,64.14
29/05/2019,60.44
29/05/2019,52.26
29/05/2019,58.94
29/05/2019,51.68
29/05/2019,49.39
29/05/2019,52.9
29/05/2019,51.62
29/05/2019,48.64
29/05/2019,50.21
29/05/2019,43.32
29/05/2019,42.33
04/03/2019,81.7
04/03/2019,81.8
04/03/2019,77.95
04/03/2019,78.55
04/03/2019,62.33
04/03/2019,61.57
04/03/2019,53.17
04/03/2019,53.79
04/03/2019,52.27
04/03/2019,53.18
04/03/2019,51.34
04/03/2019,50.95
04/03/2019,52.14
04/03/2019,53.0
04/03/2019,53.19
04/03/2019,53.08
24/02/2019,30.92
24/02/2019,30.82
24/02/2019,29.89
24/02/2019,29.01
24/02/2019,24.95
24/02/2019,24.19
24/02/2019,31.1
24/02/2019,30.27
24/02/2019,27.25
24/02/2019,24.29
21/01/2021,31.9
21/01/2021,32.35
21/01/2021,28.86
21/01/2021,28.73
21/01/2021,29.55
21/01/2021,29.61
21/01/2021,30.46
21/01/2021,30.24
22/08/2021,41.77
22/08/2021,41.15
22/08/2021,71.77
22/08/2021,71.71
22/08/2021,67.03
22/08/2021,65.84
30/09/2019,57.27
30/09/2019,57.32
30/09/2019,54.3
30/09/2019,54.68
30/09/2019,53.13
30/09/2019,52.47
30/09/2019,51.66
30/09/2019,51.88
30/09/2019,46.76
30/09/2019,46.19
30/09/2019,44.75
30/09/2019,45.17
25/10/2019,46.73
25/10/2019,48.22
25/10/2019,42.37
25/10/2019,42.32
11/09/2018,20.4
11/09/2018,20.59
11/09/2018,18.94
11/09/2018,16.86
11/09/2018,20.35
11/09/2018,22.07
11/09/2018,13.04
11/09/2018,13.47
11/09/2018,12.72
11/09/2018,12.82
11/09/2018,12.96
11/09/2018,13.65
19/12/2019,15.71
19/12/2019,15.51
19/12/2019,15.17
19/12/2019,15.49
19/12/2019,18.98
19/12/2019,19.42
19/12/2019,31.29
19/12/2019,31.98
19/12/2019,21.82
19/12/2019,21.74
09/01/2021,64.0
09/01/2021,64.25
09/01/2021,68.87
09/01/2021,69.31
09/01/2021,78.64
09/01/2021,78.92
09/01/2021,78.64
09/01/2021,78.95
09/01/2021,85.2
09/01/2021,83.8
09/01/2021,82.3
09/01/2021,84.1
20/08/2018,72.71
20/08/2018,72.43
20/08/2018,73.73
20/08/2018,74.09
20/08/2018,66.67
20/08/2018,66.48
20/08/2018,59.78
20/08/2018,58.97
20/08/2018,53.54
20/08/2018,52.32
20/08/2018,42.64
20/08/2018,40.47
20/08/2018,34.68
20/08/2018,35.29
20/08/2018,31.48
20/08/2018,33.26
20/08/2018,30.62
20/08/2018,28.6
22/02/2019,89.9
22/02/2019,89.7
22/02/2019,85.9
22/02/2019,85.7
22/02/2019,82.2
22/02/2019,80.8
22/02/2019,78.44
22/02/2019,78.13
22/02/2019,75.26
22/02/2019,74.78
22/02/2019,83.1
22/02/2019,83.5
22/02/2019,77.48
22/02/2019,74.69
22/02/2019,90.4
22/02/2019,90.2
08/01/2018,36.78
08/01/2018,35.99
08/01/2018,31.65
08/01/2018,30.71
08/01/2018,27.47
08/01/2018,27.2
08/01/2018,35.37
08/01/2018,35.3
12/02/2019,36.19
12/02/2019,35.7
12/02/2019,26.79
12/02/2019,26.04
12/02/2019,19.97
12/02/2019,21.64
12/02/2019,18.95
12/02/2019,19.96
12/02/2019,21.9
12/02/2019,22.31
12/02/2019,18.85
12/02/2019,18.04
12/02/2019,16.69
12/02/2019,16.59
18/09/2019,44.21
18/09/2019,44.03
18/09/2019,36.17
18/09/2019,36.76
18/09/2019,39.49
18/09/2019,39.08
18/09/2019,33.61
18/09/2019,34.16
18/09/2019,27.09
18/09/2019,25.74
18/09/2019,20.81
18/09/2019,20.8
18/09/2019,22.63
18/09/2019,22.79
18/09/2019,25.37
18/09/2019,25.66
18/09/2019,24.31
18/09/2019,24.07
15/12/2018,14.14
15/12/2018,14.24
15/12/2018,14.08
15/12/2018,14.02
15/12/2018,15.92
15/12/2018,15.68
15/12/2018,21.82
15/12/2018,21.66
15/12/2018,19.93
15/12/2018,19.96
15/12/2018,18.86
15/12/2018,18.83
01/04/2021,39.99
01/04/2021,41.06
01/04/2021,36.78
01/04/2021,38.46
01/04/2021,31.93
01/04/2021,33.61
01/04/2021,30.99
01/04/2021,29.8
01/04/2021,15.71
01/04/2021,15.54
01/04/2021,13.33
01/04/2021,12.5
11/04/2021,23.62
11/04/2021,20.41
11/04/2021,20.24
11/04/2021,20.48
11/04/2021,49.86
11/04/2021,50.99
11/04/2021,49.41
11/04/2021,48.26
23/05/2019,100.0
23/05/2019,100.0
23/05/2019,98.9
23/05/2019,98.8
23/05/2019,94.5
23/05/2019,94.0
23/05/2019,94.3
23/05/2019,93.9
23/05/2019,87.4
23/05/2019,86.1
23/05/2019,90.6
23/05/2019,90.2
23/05/2019,85.2
23/05/2019,83.5
23/05/2019,85.0
23/05/2019,86.5
12/07/2021,39.35
12/07/2021,38.92
12/07/2021,42.27
12/07/2021,42.59
12/07/2021,38.48
12/07/2021,39.22
12/07/2021,34.81
12/07/2021,34.9
21/07/2021,46.43
21/07/2021,46.53
21/07/2021,49.08
21/07/2021,48.6
21/07/2021,47.22
21/07/2021,48.02
21/07/2021,40.47
21/07/2021,40.3
21/07/2021,39.69
21/07/2021,38.89
21/07/2021,33.73
21/07/2021,33.11
21/07/2021,31.66
21/07/2021,31.77
21/07/2021,32.91
21/07/2021,30.77
21/07/2021,32.2
21/07/2021,32.22
21/07/2021,32.51
21/07/2021,31.91
08/07/2019,56.43
08/07/2019,56.59
08/07/2019,52.96
08/07/2019,53.16
08/07/2019,44.73
08/07/2019,44.31
08/07/2019,40.44
08/07/2019,41.43
08/07/2019,40.87
08/07/2019,41.09
17/12/2019,16.66
17/12/2019,16.47
17/12/2019,16.45
17/12/2019,16.22
17/12/2019,16.07
17/12/2019,16.01
17/12/2019,16.42
17/12/2019,16.35
17/12/2019,17.51
17/12/2019,18.01
19/01/2021,71.05
19/01/2021,71.24
19/01/2021,57.06
19/01/2021,56.37
19/01/2021,40.26
19/01/2021,39.31
19/01/2021,37.93
19/01/2021,39.51
19/01/2021,36.03
19/01/2021,35.65
08/11/2018,49.16
08/11/2018,50.46
08/11/2018,91.7
08/11/2018,91.7
08/11/2018,94.5
08/11/2018,94.6
08/11/2018,91.0
08/11/2018,90.9
08/11/2018,77.47
08/11/2018,78.1
08/11/2018,61.56
08/11/2018,62.12
16/06/2019,50.04
16/06/2019,49.99
16/06/2019,48.91
16/06/2019,48.86
16/06/2019,58.14
16/06/2019,57.16
16/06/2019,49.83
16/06/2019,51.71
16/06/2019,53.2
16/06/2019,49.76
16/06/2019,45.21
16/06/2019,45.27
16/06/2019,46.52
16/06/2019,46.53
16/06/2019,40.29
16/06/2019,40.24
16/06/2019,38.47
16/06/2019,41.44
16/06/2019,47.36
16/06/2019,46.15
16/06/2019,49.63
16/06/2019,49.56
16/06/2019,45.51
16/06/2019,44.74
14/12/2018,24.58
14/12/2018,24.25
14/12/2018,19.23
14/12/2018,19.44
14/12/2018,17.89
14/12/2018,17.96
14/12/2018,17.45
14/12/2018,17.82
14/12/2018,16.1
14/12/2018,15.87
14/12/2018,14.91
14/12/2018,14.61
21/07/2018,31.76
21/07/2018,31.8
21/07/2018,30.5
21/07/2018,30.08
21/07/2018,44.71
21/07/2018,44.26
21/07/2018,47.13
21/07/2018,46.07
21/07/2018,29.27
21/07/2018,30.71
21/07/2018,26.61
21/07/2018,25.03
21/07/2018,22.71
21/07/2018,22.38
21/07/2018,25.66
21/07/2018,26.31
21/07/2018,24.79
21/07/2018,24.95
21/07/2018,43.04
21/07/2018,42.84
21/07/2018,48.4
21/07/2018,48.0
23/05/2018,53.89
23/05/2018,54.29
23/05/2018,51.99
23/05/2018,51.72
23/05/2018,49.88
23/05/2018,46.31
23/05/2018,50.12
23/05/2018,48.19
23/05/2018,50.06
23/05/2018,46.52
23/05/2018,61.42
23/05/2018,62.38
23/05/2018,27.37
23/05/2018,29.5
23/05/2018,29.35
23/05/2018,26.89
23/05/2018,17.78
23/05/2018,16.45
18/05/2018,69.24
18/05/2018,68.64
18/05/2018,71.78
18/05/2018,71.59
18/05/2018,70.29
18/05/2018,70.05
18/05/2018,71.1
18/05/2018,71.78
18/05/2018,71.19
18/05/2018,70.48
18/05/2018,64.61
18/05/2018,61.98
18/05/2018,60.68
18/05/2018,61.61
18/05/2018,56.41
18/05/2018,56.78
18/05/2018,58.92
18/05/2018,58.35
18/05/2018,51.79
18/05/2018,51.29
18/05/2018,67.85
18/05/2018,66.86
10/02/2018,88.9
10/02/2018,88.8
10/02/2018,89.0
10/02/2018,88.9
10/02/2018,89.5
10/02/2018,89.8
10/07/2018,30.85
10/07/2018,30.7
10/07/2018,25.64
10/07/2018,25.56
10/07/2018,30.67
10/07/2018,30.52
10/07/2018,30.43
10/07/2018,29.9
10/07/2018,23.31
10/07/2018,23.23
10/07/2018,22.59
10/07/2018,21.66
10/07/2018,19.19
10/07/2018,20.14
10/07/2018,16.24
10/07/2018,16.33
10/07/2018,12.63
10/07/2018,12.25
10/07/2018,12.37
10/07/2018,11.79
26/07/2021,45.15
26/07/2021,44.87
26/07/2021,41.44
26/07/2021,41.86
26/07/2021,40.82
26/07/2021,40.92
26/07/2021,38.0
26/07/2021,37.24
26/07/2021,31.67
26/07/2021,31.36
26/07/2021,27.17
26/07/2021,26.76
26/07/2021,22.11
26/07/2021,23.09
26/07/2021,18.03
26/07/2021,17.9
24/05/2021,34.22
24/05/2021,34.48
24/05/2021,31.15
24/05/2021,30.92
24/05/2021,39.5
24/05/2021,41.61
24/05/2021,36.26
24/05/2021,33.73
24/05/2021,27.58
24/05/2021,26.84
24/05/2021,24.81
24/05/2021,25.47
24/05/2021,23.21
24/05/2021,20.72
24/05/2021,23.16
24/05/2021,22.32
04/03/2019,81.9
04/03/2019,81.9
04/03/2019,72.3
04/03/2019,72.08
04/03/2019,61.35
04/03/2019,60.39
04/03/2019,55.46
04/03/2019,55.96
04/03/2019,51.89
04/03/2019,51.63
04/03/2019,53.27
04/03/2019,52.66
04/03/2019,51.31
04/03/2019,51.26
02/03/2019,90.6
02/03/2019,90.6
02/03/2019,88.9
02/03/2019,88.8
02/03/2019,84.1
02/03/2019,82.0
02/03/2019,85.7
02/03/2019,85.0
02/03/2019,78.09
02/03/2019,76.92
15/11/2019,25.66
15/11/2019,25.6
15/11/2019,22.87
15/11/2019,22.93
15/11/2019,17.31
15/11/2019,17.58
15/11/2019,24.14
15/11/2019,24.33
21/05/2018,90.5
21/05/2018,90.9
21/05/2018,88.1
21/05/2018,88.8
21/05/2018,78.2
21/05/2018,79.9
21/05/2018,65.54
21/05/2018,64.6
12/04/2018,45.7
12/04/2018,45.51
12/04/2018,42.57
12/04/2018,43.12
12/04/2018,40.31
12/04/2018,40.46
12/04/2018,36.18
12/04/2018,38.38
12/04/2018,34.78
12/04/2018,34.15
01/09/2019,36.9
01/09/2019,36.41
01/09/2019,49.53
01/09/2019,50.47
01/09/2019,43.09
01/09/2019,42.79
01/09/2019,38.89
01/09/2019,38.37
01/09/2019,29.2
01/09/2019,29.62
01/09/2019,19.58
01/09/2019,18.16
01/09/2019,14.32
01/09/2019,13.78
23/02/2021,20.5
23/02/2021,21.11
23/02/2021,20.33
23/02/2021,19.66
23/02/2021,13.17
23/02/2021,13.62
23/02/2021,11.8
23/02/2021,12.27
23/02/2021,12.1
23/02/2021,11.75
23/02/2021,11.06
23/02/2021,11.06
19/12/2018,35.34
19/12/2018,35.41
19/12/2018,33.07
19/12/2018,33.32
19/12/2018,25.11
19/12/2018,24.55
19/12/2018,25.53
19/12/2018,26.24
19/12/2018,31.47
19/12/2018,31.1
19/12/2018,33.12
19/12/2018,33.47
16/06/2019,48.74
16/06/2019,48.94
16/06/2019,48.59
16/06/2019,48.82
16/06/2019,57.46
16/06/2019,57.31
16/06/2019,52.64
16/06/2019,52.16
16/06/2019,49.25
16/06/2019,50.61
16/06/2019,46.85
16/06/2019,46.62
16/06/2019,47.73
16/06/2019,47.77
16/06/2019,38.76
16/06/2019,40.14
16/06/2019,37.61
16/06/2019,37.24
01/04/2019,44.47
01/04/2019,44.64
01/04/2019,39.77
01/04/2019,39.72
01/04/2019,34.81
01/04/2019,34.45
01/04/2019,24.62
01/04/2019,23.31
03/06/2021,52.92
03/06/2021,52.79
03/06/2021,51.83
03/06/2021,51.63
03/06/2021,45.02
03/06/2021,44.09
03/06/2021,42.48
03/06/2021,44.54
03/06/2021,44.59
03/06/2021,44.22
03/06/2021,33.52
03/06/2021,32.52
03/06/2021,31.16
03/06/2021,33.82
28/06/2021,72.88
28/06/2021,72.88
28/06/2021,72.33
28/06/2021,71.86
28/06/2021,58.34
28/06/2021,58.82
28/06/2021,59.52
28/06/2021,59.38
28/06/2021,54.43
28/06/2021,55.08
28/06/2021,49.91
28/06/2021,49.29
28/06/2021,46.63
28/06/2021,46.03
28/06/2021,42.92
28/06/2021,43.16
28/06/2021,52.24
28/06/2021,53.2
28/06/2021,45.23
28/06/2021,42.17
11/10/2019,42.84
11/10/2019,44.31
11/10/2019,41.1
11/10/2019,41.34
11/10/2019,58.3
11/10/2019,37.82
11/10/2019,52.45
11/10/2019,54.49
11/10/2019,46.78
11/10/2019,37.21
11/10/2019,41.6
11/10/2019,41.1
24/05/2019,45.93
24/05/2019,47.75
24/05/2019,41.44
24/05/2019,38.26
24/05/2019,36.69
24/05/2019,34.71
24/05/2019,35.37
24/05/2019,34.77
24/05/2019,31.83
24/05/2019,34.45
24/05/2019,30.86
24/05/2019,31.63
24/05/2019,28.3
24/05/2019,27.56
24/01/2019,94.7
24/01/2019,94.8
24/01/2019,92.1
24/01/2019,92.5
24/01/2019,90.2
24/01/2019,90.1
05/07/2021,50.68
05/07/2021,50.39
05/07/2021,48.42
05/07/2021,47.92
05/07/2021,46.24
05/07/2021,45.39
05/07/2021,37.3
05/07/2021,37.44
05/07/2021,39.62
05/07/2021,40.87
01/04/2021,39.0
01/04/2021,38.97
01/04/2021,37.32
01/04/2021,37.04
01/04/2021,30.49
01/04/2021,30.34
01/04/2021,27.18
01/04/2021,26.52
01/04/2021,15.75
01/04/2021,15.65
01/04/2021,12.55
01/04/2021,13.5
05/04/2021,22.36
05/04/2021,22.24
05/04/2021,20.72
05/04/2021,20.47
05/04/2021,15.84
05/04/2021,16.07
05/04/2021,14.14
05/04/2021,13.84
05/04/2021,11.25
05/04/2021,12.19
29/11/2018,74.79
29/11/2018,75.06
29/11/2018,66.73
29/11/2018,67.98
29/11/2018,68.28
29/11/2018,67.62
08/05/2019,100.0
08/05/2019,100.0
08/05/2019,100.0
08/05/2019,100.0
08/05/2019,96.7
08/05/2019,97.2
08/05/2019,96.0
08/05/2019,96.1
08/05/2019,98.7
08/05/2019,98.0
18/09/2019,42.16
18/09/2019,41.16
18/09/2019,39.98
18/09/2019,39.56
06/08/2018,74.43
06/08/2018,73.65
06/08/2018,64.38
06/08/2018,64.31
06/08/2018,68.35
06/08/2018,69.14
06/08/2018,58.37
06/08/2018,57.86
06/08/2018,54.37
06/08/2018,54.95
06/08/2018,59.26
06/08/2018,58.97
06/08/2018,59.01
06/08/2018,58.39
21/10/2019,35.99
21/10/2019,35.85
21/10/2019,29.44
21/10/2019,29.36
21/10/2019,25.9
21/10/2019,25.81
21/10/2019,23.28
21/10/2019,23.38
21/10/2019,23.41
21/10/2019,23.28
21/10/2019,23.66
21/10/2019,24.36
21/10/2019,28.91
21/10/2019,28.8
24/07/2018,88.2
24/07/2018,88.4
24/07/2018,82.8
24/07/2018,82.5
24/07/2018,76.01
24/07/2018,74.44
24/07/2018,69.24
24/07/2018,66.51
24/07/2018,59.98
24/07/2018,60.38
03/04/2018,32.31
03/04/2018,32.22
03/04/2018,25.2
03/04/2018,22.84
03/04/2018,19.84
03/04/2018,19.07
13/03/2018,62.21
13/03/2018,61.16
13/03/2018,49.69
13/03/2018,50.4
13/03/2018,42.75
13/03/2018,43.55
13/03/2018,37.58
13/03/2018,38.77
13/03/2018,33.5
13/03/2018,34.96
13/03/2018,30.42
13/03/2018,30.29
13/03/2018,27.19
13/03/2018,28.13
13/03/2018,25.39
13/03/2018,25.04
09/06/2021,25.48
09/06/2021,25.3
09/06/2021,28.68
09/06/2021,29.34
09/06/2021,26.62
09/06/2021,27.38
09/06/2021,41.29
09/06/2021,40.64
09/06/2021,29.18
09/06/2021,25.82
09/06/2021,21.49
09/06/2021,22.11
09/06/2021,16.81
09/06/2021,18.06
09/06/2021,12.56
09/06/2021,14.39
09/06/2021,14.86
09/06/2021,13.43
09/06/2021,14.1
09/06/2021,14.47
09/06/2021,14.79
09/06/2021,14.67
17/07/2019,27.35
17/07/2019,27.4
17/07/2019,26.98
17/07/2019,26.72
17/07/2019,22.61
17/07/2019,23.71
17/07/2019,24.99
17/07/2019,24.39
09/06/2021,26.25
09/06/2021,26.38
09/06/2021,28.98
09/06/2021,27.91
09/06/2021,29.19
09/06/2021,31.15
09/06/2021,39.88
09/06/2021,41.09
09/06/2021,28.14
09/06/2021,21.15
15/07/2018,53.73
15/07/2018,53.72
15/07/2018,53.37
15/07/2018,53.49
15/07/2018,57.92
15/07/2018,58.15
15/07/2018,64.39
15/07/2018,64.39
15/07/2018,68.79
15/07/2018,68.95
15/07/2018,76.63
15/07/2018,76.86
15/07/2018,79.85
15/07/2018,79.61
23/04/2019,92.9
23/04/2019,92.5
23/04/2019,85.4
23/04/2019,85.9
23/04/2019,77.0
23/04/2019,76.22
23/04/2019,63.26
23/04/2019,63.85
23/04/2019,58.8
23/04/2019,58.44
23/04/2019,57.59
23/04/2019,58.36
23/04/2019,48.37
23/04/2019,47.8
23/04/2019,44.31
23/04/2019,43.43
23/04/2019,41.42
23/04/2019,38.43
23/04/2019,37.82
23/04/2019,37.37
12/12/2018,10.09
12/12/2018,10.15
12/12/2018,8.96
12/12/2018,8.77
12/12/2018,8.39
12/12/2018,8.51
12/12/2018,7.409
12/12/2018,7.523
10/03/2019,67.58
10/03/2019,67.29
10/03/2019,57.7
10/03/2019,56.12
10/03/2019,50.87
10/03/2019,51.73
10/03/2019,48.74
10/03/2019,49.08
10/03/2019,44.49
10/03/2019,45.35
10/03/2019,41.95
10/03/2019,43.16
10/03/2019,41.54
10/03/2019,42.28
13/06/2019,54.17
13/06/2019,53.23
13/06/2019,54.6
13/06/2019,53.22
13/06/2019,45.14
13/06/2019,42.99
13/06/2019,41.54
13/06/2019,42.55
13/06/2019,32.54
13/06/2019,30.02
13/06/2019,20.73
13/06/2019,20.73
13/06/2019,24.38
13/06/2019,22.26
13/06/2019,22.05
13/06/2019,20.32
13/06/2019,22.32
13/06/2019,22.39
30/04/2021,36.24
30/04/2021,36.05
30/04/2021,32.52
30/04/2021,32.49
30/04/2021,27.61
30/04/2021,28.14
30/04/2021,22.9
30/04/2021,22.23
14/03/2019,56.33
14/03/2019,55.94
14/03/2019,53.92
14/03/2019,54.71
14/03/2019,54.98
14/03/2019,57.17
11/01/2018,31.91
11/01/2018,31.41
11/01/2018,26.53
11/01/2018,26.3
11/01/2018,23.75
11/01/2018,22.76
11/01/2018,21.62
11/01/2018,21.0
11/01/2018,17.1
11/01/2018,17.77
11/01/2018,17.38
11/01/2018,16.86
11/01/2018,17.33
11/01/2018,17.4
17/10/2019,11.78
17/10/2019,11.31
17/10/2019,9.87
17/10/2019,9.65
17/10/2019,11.22
17/10/2019,10.57
17/10/2019,12.51
17/10/2019,12.07
17/10/2019,7.143
17/10/2019,7.353
17/10/2019,7.151
17/10/2019,7.185
03/04/2021,18.54
03/04/2021,18.56
03/04/2021,15.2
03/04/2021,14.94
03/04/2021,13.07
03/04/2021,13.17
03/04/2021,10.18
03/04/2021,9.9
06/02/2019,93.3
06/02/2019,93.4
06/02/2019,93.1
06/02/2019,92.9
06/02/2019,92.3
06/02/2019,92.8
06/02/2019,92.1
06/02/2019,92.2
06/02/2019,91.7
06/02/2019,91.6
06/02/2019,91.9
06/02/2019,92.0
08/11/2018,52.24
08/11/2018,51.46
08/11/2018,84.4
08/11/2018,85.8
16/01/2021,40.3
16/01/2021,39.39
16/01/2021,40.06
16/01/2021,39.92
02/03/2021,32.01
02/03/2021,31.65
02/03/2021,25.01
02/03/2021,25.1
02/03/2021,20.35
02/03/2021,20.28
02/03/2021,19.93
02/03/2021,20.54
02/03/2021,16.8
02/03/2021,13.62
02/03/2021,16.14
02/03/2021,13.68
05/06/2019,52.31
05/06/2019,52.67
05/06/2019,49.83
05/06/2019,49.06
05/06/2019,44.39
05/06/2019,44.62
05/06/2019,42.67
05/06/2019,44.26
28/08/2021,30.33
28/08/2021,30.59
28/08/2021,32.85
28/08/2021,32.83
28/08/2021,33.91
28/08/2021,35.24
28/08/2021,30.54
28/08/2021,31.29
28/08/2021,25.75
28/08/2021,26.92
28/08/2021,25.4
28/08/2021,24.87
28/08/2021,21.41
28/08/2021,20.93
28/08/2021,20.38
28/08/2021,20.57
30/01/2018,16.32
30/01/2018,15.89
30/01/2018,7.764
30/01/2018,7.927
30/01/2018,11.6
30/01/2018,11.95
04/01/2021,20.12
04/01/2021,19.48
04/01/2021,17.33
04/01/2021,17.0
22/09/2018,16.71
22/09/2018,16.51
22/09/2018,16.85
22/09/2018,16.18
15/07/2019,39.31
15/07/2019,39.14
15/07/2019,35.72
15/07/2019,35.2
15/07/2019,43.58
15/07/2019,44.16
15/07/2019,37.32
15/07/2019,36.78
15/07/2019,25.33
15/07/2019,25.4
06/07/2018,61.43
06/07/2018,61.25
06/07/2018,42.86
06/07/2018,46.2
06/07/2018,39.98
06/07/2018,41.25
06/07/2018,40.31
06/07/2018,40.1
06/07/2018,35.85
06/07/2018,34.37
26/02/2018,34.77
26/02/2018,34.38
26/02/2018,26.96
26/02/2018,28.38
26/02/2018,26.17
26/02/2018,27.0
26/02/2018,17.24
26/02/2018,15.7
26/02/2018,14.61
26/02/2018,14.15
26/02/2018,16.9
26/02/2018,17.47
26/02/2018,17.22
26/02/2018,19.21
29/07/2021,42.12
29/07/2021,41.87
29/07/2021,38.9
29/07/2021,38.16
29/07/2021,46.07
29/07/2021,46.49
29/07/2021,47.27
29/07/2021,46.79
29/07/2021,47.36
29/07/2021,46.7
26/07/2019,36.68
26/07/2019,37.11
26/07/2019,42.16
26/07/2019,43.32
26/07/2019,41.26
26/07/2019,42.87
26/07/2019,38.18
26/07/2019,37.89
26/07/2019,26.78
26/07/2019,27.67
03/07/2019,44.73
03/07/2019,44.77
03/07/2019,55.73
03/07/2019,56.03
03/07/2019,44.62
03/07/2019,43.64
03/07/2019,33.38
03/07/2019,34.51
03/07/2019,26.64
03/07/2019,27.42
03/07/2019,23.71
03/07/2019,23.25
03/07/2019,22.65
03/07/2019,22.92
07/08/2021,42.81
07/08/2021,42.13
07/08/2021,39.24
07/08/2021,39.64
07/08/2021,49.22
07/08/2021,49.44
07/08/2021,43.87
07/08/2021,43.66
07/08/2021,41.15
07/08/2021,39.9
07/08/2021,36.51
07/08/2021,36.98
07/08/2021,31.47
07/08/2021,31.68
18/05/2019,38.23
18/05/2019,37.72
18/05/2019,36.51
18/05/2019,36.44
18/05/2019,45.76
18/05/2019,44.83
19/04/2021,31.76
19/04/2021,33.25
19/04/2021,97.4
19/04/2021,97.5
19/04/2021,100.1
19/04/2021,100.1
19/04/2021,100.1
19/04/2021,100.1
19/04/2021,100.1
19/04/2021,100.1
18/12/2019,11.0
18/12/2019,11.09
18/12/2019,11.28
18/12/2019,11.48
18/12/2019,7.166
18/12/2019,7.133
18/12/2019,14.44
18/12/2019,14.12
18/12/2019,13.49
18/12/2019,12.72
18/12/2019,14.44
18/12/2019,14.8
05/05/2018,30.66
05/05/2018,30.83
05/05/2018,28.65
05/05/2018,28.71
05/05/2018,25.66
05/05/2018,25.71
05/05/2018,35.5
05/05/2018,33.09
05/05/2018,31.9
05/05/2018,30.2
05/05/2018,26.72
05/05/2018,25.52
05/05/2018,21.08
05/05/2018,18.34
05/05/2018,22.4
05/05/2018,19.41
05/05/2018,24.32
05/05/2018,24.6
25/01/2021,95.8
25/01/2021,95.8
25/01/2021,92.3
25/01/2021,92.1
25/01/2021,50.52
25/01/2021,50.32
25/01/2021,53.15
25/01/2021,53.71
25/01/2021,55.52
25/01/2021,56.47
25/01/2021,50.15
25/01/2021,47.76
07/01/2021,50.94
07/01/2021,50.98
07/01/2021,49.62
07/01/2021,49.97
07/01/2021,46.79
07/01/2021,46.93
07/01/2021,33.02
07/01/2021,34.3
03/01/2021,29.79
03/01/2021,29.51
03/01/2021,26.91
03/01/2021,26.67
03/01/2021,22.79
03/01/2021,22.76
03/01/2021,22.72
03/01/2021,23.59
03/01/2021,22.54
03/01/2021,23.19
03/01/2021,24.54
03/01/2021,24.39
24/05/2018,43.11
24/05/2018,43.1
24/05/2018,41.48
24/05/2018,42.62
24/05/2018,38.88
24/05/2018,38.1
24/05/2018,38.6
24/05/2018,37.14
24/05/2018,34.63
24/05/2018,38.16
24/05/2018,30.61
24/05/2018,30.64
24/05/2018,25.2
24/05/2018,24.48
04/06/2021,42.52
04/06/2021,43.0
04/06/2021,42.24
04/06/2021,41.34
04/06/2021,40.14
04/06/2021,41.63
04/06/2021,40.01
04/06/2021,39.78
31/05/2019,49.33
31/05/2019,49.09
31/05/2019,42.98
31/05/2019,42.35
31/05/2019,40.09
31/05/2019,42.18
31/05/2019,39.82
31/05/2019,42.08
31/05/2019,33.52
31/05/2019,36.19
17/07/2018,84.3
17/07/2018,84.2
17/07/2018,82.3
17/07/2018,82.6
17/07/2018,80.6
17/07/2018,80.4
17/07/2018,75.91
17/07/2018,74.88
17/07/2018,61.4
17/07/2018,61.81
01/05/2018,91.5
01/05/2018,91.6
01/05/2018,91.6
01/05/2018,91.5
01/05/2018,72.99
01/05/2018,73.12
01/05/2018,75.23
01/05/2018,76.95
01/05/2018,58.46
01/05/2018,60.49
02/04/2018,38.29
02/04/2018,40.03
02/04/2018,38.63
02/04/2018,39.94
28/07/2021,49.37
28/07/2021,50.19
28/07/2021,47.21
28/07/2021,46.83
28/07/2021,40.01
28/07/2021,39.45
28/07/2021,40.01
28/07/2021,40.31
23/07/2018,75.34
23/07/2018,75.17
23/07/2018,69.07
23/07/2018,69.81
23/07/2018,57.92
23/07/2018,58.17
23/07/2018,54.14
23/07/2018,55.27
23/07/2018,55.4
23/07/2018,56.48
23/07/2018,55.99
23/07/2018,56.55
23/07/2018,59.16
23/07/2018,58.77
23/07/2018,64.42
23/07/2018,65.54
24/03/2018,53.44
24/03/2018,53.6
24/03/2018,37.8
24/03/2018,36.82
24/03/2018,36.87
24/03/2018,36.52
24/03/2018,28.26
